{
  "status": "ok",
  "n_words": 37020,
  "window_size": 10000,
  "reliability": "high",
  "raw": [
    0.1404,
    0.1484,
    0.1548,
    0.1604,
    0.16,
    0.162,
    0.168,
    0.1588,
    0.156,
    0.1516,
    0.1448,
    0.1392,
    0.1404,
    0.1424,
    0.1424,
    0.134,
    0.1292,
    0.1316,
    0.1244,
    0.1216,
    0.118,
    0.1152,
    0.1192,
    0.11,
    0.1096,
    0.106,
    0.1072,
    0.0972,
    0.0932,
    0.0888,
    0.0804,
    0.0708,
    0.0684,
    0.0676,
    0.0536,
    0.0392,
    0.04,
    0.0352,
    0.0152,
    0.0016,
    -0.0032,
    -0.0176,
    -0.0224,
    -0.0216,
    -0.0232,
    -0.0252,
    -0.018,
    -0.0172,
    -0.0148,
    -0.0108,
    -0.0056,
    -0.0056,
    -0.0164,
    -0.0136,
    -0.0224,
    -0.0156,
    -0.006,
    -0.0032,
    0.0036,
    0.0008,
    0.0044,
    0.0052,
    0.0028,
    0.004,
    0.0128,
    0.0148,
    0.0156,
    0.0208,
    0.0236,
    0.0196,
    0.02,
    0.028,
    0.0324,
    0.0296,
    0.036,
    0.0364,
    0.0436,
    0.0524,
    0.0708,
    0.0884,
    0.0924,
    0.0972,
    0.0992,
    0.1004,
    0.1064,
    0.1116,
    0.1108,
    0.1148,
    0.1112,
    0.1088,
    0.1104,
    0.1112,
    0.0948,
    0.0896,
    0.0964,
    0.0908,
    0.0988,
    0.1068,
    0.094,
    0.1032
  ],
  "smoothed": [
    0.12987671339927048,
    0.14230444988491192,
    0.15306484491997951,
    0.16092197469881075,
    0.1651898543684531,
    0.16585198855175992,
    0.16352157951311194,
    0.15925129419902884,
    0.15424459765042214,
    0.1495499884167142,
    0.14582437631351197,
    0.14322952594293883,
    0.14148266421541117,
    0.14003327548527605,
    0.13829955733675198,
    0.13588307081502804,
    0.13269328438833145,
    0.1289492610696428,
    0.1250700746501629,
    0.12150251948221452,
    0.11855175714745375,
    0.11627327732904819,
    0.11445770747469569,
    0.11270504339554041,
    0.11055501549860744,
    0.10762538758094614,
    0.10371316186021325,
    0.09883113895693538,
    0.09317582222076361,
    0.08704348878027723,
    0.08072348728866593,
    0.07440000328966521,
    0.06808791310339533,
    0.061618698077267116,
    0.054681713271894326,
    0.04691552594403754,
    0.03803337526410912,
    0.027956228059654597,
    0.016918472842057136,
    0.005509105450524458,
    -0.005380226483672394,
    -0.014707800305635916,
    -0.021511851698705873,
    -0.025163569136370474,
    -0.025568698130268314,
    -0.023245838371272143,
    -0.019238439763136852,
    -0.014867115629001901,
    -0.011383870661653996,
    -0.009630120997419367,
    -0.009808757176325596,
    -0.011450085177714335,
    -0.013589779392252796,
    -0.015104410445454968,
    -0.015093051506812982,
    -0.013174260450244689,
    -0.009595539179583827,
    -0.005118719150661386,
    -0.0007259136399475175,
    0.0027435967593601187,
    0.004890187761290567,
    0.005874962852157233,
    0.006323058661732406,
    0.007050604244780501,
    0.008724149682934198,
    0.011586725230413094,
    0.01535821600573165,
    0.019349773762246246,
    0.02274892148998715,
    0.02496590760513782,
    0.02590795926828545,
    0.026075043847614447,
    0.026437613824582637,
    0.02813762169017182,
    0.03211823506372289,
    0.038811744603084425,
    0.04799158459747649,
    0.05883369887235209,
    0.07015846246612717,
    0.08076442252060848,
    0.08973984047290348,
    0.09665398555216508,
    0.10157854022419478,
    0.10495064403279694,
    0.10734063325025542,
    0.10921272043139968,
    0.1107600427879822,
    0.11186274104377301,
    0.11217304482470031,
    0.11129066634239049,
    0.10896718530076605,
    0.1052743766050504,
    0.10068614598152138,
    0.09604971595728051,
    0.09245054837806574,
    0.09100041237269994,
    0.09259499470556751,
    0.09769484150148172,
    0.10618079015728014,
    0.11732246842658697
  ],
  "shape_matches": [
    {
      "shape": "Oedipus",
      "correlation": 0.9104
    },
    {
      "shape": "Tragedy",
      "correlation": 0.3235
    },
    {
      "shape": "Rags to Riches",
      "correlation": -0.3235
    },
    {
      "shape": "Man in a Hole",
      "correlation": -0.6682
    },
    {
      "shape": "Icarus",
      "correlation": -0.8553
    },
    {
      "shape": "Cinderella",
      "correlation": -0.8954
    }
  ],
  "best_shape": "Oedipus",
  "best_shape_correlation": 0.9104,
  "peaks": [
    {
      "sample": 5,
      "position": 0.050505050505050504,
      "smoothed": 0.16585198855175992,
      "word_offset": 6365,
      "read_time_min": 25.5,
      "driving_words": [
        {
          "word": "rejoiced",
          "score": 4.0
        },
        {
          "word": "delight",
          "score": 3.0
        },
        {
          "word": "glad",
          "score": 3.0
        },
        {
          "word": "best",
          "score": 3.0
        },
        {
          "word": "happy",
          "score": 3.0
        },
        {
          "word": "good",
          "score": 3.0
        }
      ]
    },
    {
      "sample": 49,
      "position": 0.494949494949495,
      "smoothed": -0.009630120997419367,
      "word_offset": 18374,
      "read_time_min": 73.5,
      "driving_words": [
        {
          "word": "wonderful",
          "score": 4.0
        },
        {
          "word": "triumph",
          "score": 4.0
        },
        {
          "word": "great",
          "score": 3.0
        },
        {
          "word": "best",
          "score": 3.0
        },
        {
          "word": "wealth",
          "score": 3.0
        },
        {
          "word": "happy",
          "score": 3.0
        }
      ]
    },
    {
      "sample": 88,
      "position": 0.8888888888888888,
      "smoothed": 0.11217304482470031,
      "word_offset": 29018,
      "read_time_min": 116.1,
      "driving_words": [
        {
          "word": "superb",
          "score": 5.0
        },
        {
          "word": "thrilled",
          "score": 5.0
        },
        {
          "word": "wonderful",
          "score": 4.0
        },
        {
          "word": "funny",
          "score": 4.0
        },
        {
          "word": "brilliant",
          "score": 4.0
        },
        {
          "word": "fun",
          "score": 4.0
        }
      ]
    }
  ],
  "valleys": [
    {
      "sample": 44,
      "position": 0.4444444444444444,
      "smoothed": -0.025568698130268314,
      "word_offset": 17009,
      "read_time_min": 68.0,
      "driving_words": [
        {
          "word": "bitches",
          "score": -5.0
        },
        {
          "word": "anger",
          "score": -3.0
        },
        {
          "word": "terrible",
          "score": -3.0
        },
        {
          "word": "angry",
          "score": -3.0
        },
        {
          "word": "'angry",
          "score": -3.0
        },
        {
          "word": "violence",
          "score": -3.0
        }
      ]
    },
    {
      "sample": 53,
      "position": 0.5353535353535354,
      "smoothed": -0.015104410445454968,
      "word_offset": 19465,
      "read_time_min": 77.9,
      "driving_words": [
        {
          "word": "bitches",
          "score": -5.0
        },
        {
          "word": "terrible",
          "score": -3.0
        },
        {
          "word": "hate",
          "score": -3.0
        },
        {
          "word": "'loose",
          "score": -3.0
        },
        {
          "word": "bad",
          "score": -3.0
        },
        {
          "word": "sinful",
          "score": -3.0
        }
      ]
    },
    {
      "sample": 95,
      "position": 0.9595959595959596,
      "smoothed": 0.09100041237269994,
      "word_offset": 30928,
      "read_time_min": 123.7,
      "driving_words": [
        {
          "word": "damned",
          "score": -4.0
        },
        {
          "word": "torture",
          "score": -4.0
        },
        {
          "word": "'kill'",