{
  "status": "ok",
  "n_words": 78277,
  "window_size": 10000,
  "reliability": "high",
  "raw": [
    0.0916,
    0.092,
    0.0824,
    0.0716,
    0.0668,
    0.0736,
    0.0676,
    0.0524,
    0.0752,
    0.0652,
    0.0424,
    0.0196,
    0.0088,
    0.0188,
    0.0056,
    0.0156,
    0.0208,
    0.042,
    0.0336,
    0.05,
    0.0268,
    0.0432,
    0.0464,
    0.0448,
    0.0324,
    0.0396,
    0.0556,
    0.0728,
    0.066,
    0.0732,
    0.0496,
    0.0288,
    0.0332,
    0.0148,
    0.0196,
    0.0208,
    0.0044,
    -0.014,
    -0.0084,
    -0.0116,
    -0.0056,
    -0.024,
    -0.0304,
    -0.0376,
    -0.0336,
    0.0008,
    0.0172,
    0.0216,
    0.016,
    0.01,
    0.0052,
    0.0136,
    0.0192,
    0.0304,
    0.022,
    0.0168,
    0.0132,
    0.022,
    0.0156,
    -0.0068,
    -0.02,
    -0.0456,
    -0.0496,
    -0.0384,
    -0.058,
    -0.07,
    -0.0956,
    -0.098,
    -0.108,
    -0.1296,
    -0.122,
    -0.1192,
    -0.1016,
    -0.1068,
    -0.1112,
    -0.0904,
    -0.088,
    -0.104,
    -0.0996,
    -0.0892,
    -0.0776,
    -0.0732,
    -0.0708,
    -0.0672,
    -0.0452,
    -0.0484,
    -0.0636,
    -0.0656,
    -0.092,
    -0.1048,
    -0.1048,
    -0.0864,
    -0.0816,
    -0.078,
    -0.0776,
    -0.0816,
    -0.072,
    -0.0556,
    -0.052,
    -0.062
  ],
  "smoothed": [
    0.03274714242706523,
    0.060164619371344506,
    0.07855614727341034,
    0.08652474836808564,
    0.08547298239845497,
    0.078688571006667,
    0.06982506152373592,
    0.06147442962669168,
    0.05444388590775177,
    0.04799061127027098,
    0.0408080079729184,
    0.03221108663571701,
    0.02289571529391343,
    0.01487558869361627,
    0.010618741965751228,
    0.011810895515165832,
    0.01837125279128494,
    0.028241158654911107,
    0.03810457628354159,
    0.04475103086192585,
    0.04646902978151601,
    0.043817128499200886,
    0.039386577396038173,
    0.036625656594578296,
    0.03823248938412952,
    0.04483680521098739,
    0.05457826151212773,
    0.06379526194348814,
    0.06853953127120406,
    0.06625449360565558,
    0.05687337499742567,
    0.042846533205862826,
    0.028084626841104302,
    0.016289964114530632,
    0.009422497118495014,
    0.00698433240032351,
    0.0064347767851803805,
    0.004534955130558251,
    -0.0010004180459765432,
    -0.01030503763632078,
    -0.02117027615095874,
    -0.029956114694096387,
    -0.03319602541017732,
    -0.029171131203321838,
    -0.018740935103810207,
    -0.005052909592312043,
    0.007741394278819258,
    0.01618996637332777,
    0.01890506051205631,
    0.01698917236063662,
    0.01335072369220137,
    0.01123950879311459,
    0.012678575384976458,
    0.017504750821613832,
    0.023441407225804393,
    0.027149311858008503,
    0.025754948675761145,
    0.018144813511639366,
    0.005433407001400639,
    -0.009596060990558165,
    -0.023798969860233363,
    -0.035099207982859364,
    -0.04336446045550012,
    -0.050315079585206084,
    -0.05851326066228678,
    -0.06991672916629715,
    -0.08469294838295414,
    -0.10087566955302073,
    -0.11505637659797582,
    -0.123818005309245,
    -0.12526235539075622,
    -0.11992297075728305,
    -0.1106233714619588,
    -0.10131663833348581,
    -0.0954096429990472,
    -0.09431883161556712,
    -0.09691028051284224,
    -0.10008437652137538,
    -0.10025114316820752,
    -0.09503892000590757,
    -0.08447046014472917,
    -0.07107692503613094,
    -0.05889550046708891,
    -0.05179565060303164,
    -0.05187664167282158,
    -0.058640907458226386,
    -0.06929271230281718,
    -0.080001938444045,
    -0.08754088909671542,
    -0.0905437085343996,
    -0.08982386397605009,
    -0.08762831728201803,
    -0.08620346106891617,
    -0.08636968557522959,
    -0.0868009502838697,
    -0.08438289150715388,
    -0.07552509512114855,
    -0.057857424047975246,
    -0.03155015735922163,
    0.0003497370071370098
  ],
  "shape_matches": [
    {
      "shape": "Tragedy",
      "correlation": 0.8477
    },
    {
      "shape": "Oedipus",
      "correlation": 0.5248
    },
    {
      "shape": "Icarus",
      "correlation": -0.0327
    },
    {
      "shape": "Cinderella",
      "correlation": -0.5529
    },
    {
      "shape": "Man in a Hole",
      "correlation": -0.798
    },
    {
      "shape": "Rags to Riches",
      "correlation": -0.8477
    }
  ],
  "best_shape": "Tragedy",
  "best_shape_correlation": 0.8477,
  "peaks": [
    {
      "sample": 3,
      "position": 0.030303030303030304,
      "smoothed": 0.08652474836808564,
      "word_offset": 7069,
      "read_time_min": 28.3,
      "driving_words": [
        {
          "word": "funny",
          "score": 4.0
        },
        {
          "word": "win",
          "score": 4.0
        },
        {
          "word": "wonderful",
          "score": 4.0
        },
        {
          "word": "fun",
          "score": 4.0
        },
        {
          "word": "nice",
          "score": 3.0
        },
        {
          "word": "perfection",
          "score": 3.0
        }
      ]
    },
    {
      "sample": 20,
      "position": 0.20202020202020202,
      "smoothed": 0.04646902978151601,
      "word_offset": 18793,
      "read_time_min": 75.2,
      "driving_words": [
        {
          "word": "funny",
          "score": 4.0
        },
        {
          "word": "fun",
          "score": 4.0
        },
        {
          "word": "brilliant",
          "score": 4.0
        },
        {
          "word": "wonderful",
          "score": 4.0
        },
        {
          "word": "terrific",
          "score": 4.0
        },
        {
          "word": "wonderfully",
          "score": 4.0
        }
      ]
    },
    {
      "sample": 28,
      "position": 0.2828282828282828,
      "smoothed": 0.06853953127120406,
      "word_offset": 24311,
      "read_time_min": 97.2,
      "driving_words": [
        {
          "word": "brilliant",
          "score": 4.0
        },
        {
          "word": "funny",
          "score": 4.0
        },
        {
          "word": "wonderful",
          "score": 4.0
        },
        {
          "word": "terrific",
          "score": 4.0
        },
        {
          "word": "wonderfully",
          "score": 4.0
        },
        {
          "word": "fun",
          "score": 4.0
        }
      ]
    }
  ],
  "valleys": [
    {
      "sample": 70,
      "position": 0.7070707070707071,
      "smoothed": -0.12526235539075622,
      "word_offset": 53277,
      "read_time_min": 213.1,
      "driving_words": [
        {
          "word": "bitch",
          "score": -5.0
        },
        {
          "word": "bastard",
          "score": -5.0
        },
        {
          "word": "hell",
          "score": -4.0
        },
        {
          "word": "ass",
          "score": -4.0
        },
        {
          "word": "tortured",
          "score": -4.0
        },
        {
          "word": "damned",
          "score": -4.0
        }
      ]
    },
    {
      "sample": 78,
      "position": 0.7878787878787878,
      "smoothed": -0.10025114316820752,
      "word_offset": 58794,
      "read_time_min": 235.2,
      "driving_words": [
        {
          "word": "bastard",
          "score": -5.0
        },
        {
          "word": "bitch",
          "score": -5.0
        },
        {
          "word": "hell",
          "score": -4.0
        },
        {
          "word": "damned",
          "score": -4.0
        },
        {
          "word": "tortured",
          "score": -4.0
        },
        {
          "word": "bad",
          "score": -3.0
        }
      ]
    },
    {
      "sample": 89,
      "position": 0.898989898989899,
      "smoothed": -0.0905437085343996,
      "word_offset": 66380,
      "read_time_min": 265.5,
      "driving_words": [
        {
          "word": "bastard",
          "score": -5.0
        },
        {
          "word": "hell",