{
  "status": "ok",
  "n_words": 88822,
  "window_size": 10000,
  "reliability": "high",
  "raw": [
    0.0984,
    0.0948,
    0.0824,
    0.0612,
    0.0472,
    0.0136,
    -0.0104,
    -0.0564,
    -0.0688,
    -0.0752,
    -0.076,
    -0.0884,
    -0.1048,
    -0.1204,
    -0.1372,
    -0.142,
    -0.13,
    -0.0904,
    -0.084,
    -0.0544,
    -0.0288,
    -0.0072,
    0.0032,
    0.0088,
    0.0112,
    0.0404,
    0.0492,
    0.072,
    0.0912,
    0.0616,
    0.0816,
    0.1124,
    0.0924,
    0.0816,
    0.088,
    0.102,
    0.1104,
    0.1228,
    0.1104,
    0.104,
    0.0896,
    0.0904,
    0.1064,
    0.0892,
    0.0784,
    0.0896,
    0.0768,
    0.0468,
    0.0356,
    -0.004,
    -0.022,
    -0.026,
    -0.0292,
    -0.0196,
    -0.0272,
    -0.038,
    -0.0524,
    -0.0412,
    -0.0312,
    -0.0272,
    -0.0116,
    0.0036,
    0.0092,
    0.0124,
    0.0188,
    0.006,
    -0.0192,
    -0.0244,
    -0.0208,
    -0.024,
    -0.0376,
    -0.0336,
    -0.0576,
    -0.084,
    -0.0828,
    -0.0988,
    -0.0948,
    -0.0844,
    -0.0664,
    -0.038,
    -0.0252,
    -0.0204,
    -0.0332,
    -0.0336,
    -0.0548,
    -0.0276,
    -0.046,
    -0.0548,
    -0.0276,
    -0.0428,
    -0.0576,
    -0.0724,
    -0.0824,
    -0.1004,
    -0.0712,
    -0.0596,
    -0.0492,
    -0.0572,
    -0.0456,
    -0.028
  ],
  "smoothed": [
    0.05868657602752309,
    0.07791442127768013,
    0.08022613751847472,
    0.06664450705398876,
    0.04184847255734735,
    0.012261698149304126,
    -0.016214580511969227,
    -0.03995218795497627,
    -0.058226236068282734,
    -0.07261258544519447,
    -0.08554260630454597,
    -0.09871239830614763,
    -0.11204111579384453,
    -0.12358212567611303,
    -0.13035226462726163,
    -0.12965303769232248,
    -0.12027584030654641,
    -0.10307424459598906,
    -0.08069231341585419,
    -0.05661234029503068,
    -0.03396204229491587,
    -0.01458746858521999,
    0.0012593067782272805,
    0.014563433289376908,
    0.026759276082457484,
    0.03890946756239753,
    0.051217754103848795,
    0.06304915542910182,
    0.07337764582128842,
    0.08138969493504057,
    0.08692580582030963,
    0.09055185299687216,
    0.09325347447337876,
    0.09593626587134728,
    0.09900025879267815,
    0.10220277118704704,
    0.10486333135256512,
    0.10628314615995574,
    0.10614211870883372,
    0.10465289952122753,
    0.1023836529850362,
    0.09984064608118783,
    0.09703637144475227,
    0.09328906512988289,
    0.0873926150814295,
    0.07811299242744145,
    0.06479826561098183,
    0.047818578821604146,
    0.0286178707512437,
    0.009332202022635825,
    -0.007871140469204408,
    -0.021449709951595276,
    -0.030856047601863525,
    -0.036476619157604986,
    -0.03919857732164919,
    -0.03983802060358628,
    -0.038723461035227474,
    -0.03564359607496915,
    -0.030179478208276808,
    -0.02223996031047056,
    -0.012505846991021871,
    -0.002521448165178013,
    0.0056598573969643745,
    0.010146050709462376,
    0.009893482123484829,
    0.005082592991008648,
    -0.003012102643125392,
    -0.01261502614616724,
    -0.022233834799409276,
    -0.031256265682958716,
    -0.04005543563883416,
    -0.049529995534423915,
    -0.06028826895544038,
    -0.07188508542052287,
    -0.08253274725184842,
    -0.08951316424512636,
    -0.09019454374861191,
    -0.08324819167400614,
    -0.069516729340798,
    -0.05208551617315212,
    -0.035426775335831516,
    -0.02389079123321461,
    -0.020131827898351214,
    -0.024129734197902538,
    -0.03325285836132144,
    -0.04338232487603664,
    -0.05065880386342397,
    -0.053121644104682536,
    -0.051523430372895196,
    -0.04892973626080948,
    -0.049226044776568854,
    -0.05513710737811435,
    -0.06660807543020143,
    -0.0802868428382198,
    -0.09041669606381794,
    -0.09086911792207492,
    -0.07755802016034101,
    -0.0502858017919697,
    -0.01326452783954044,
    0.025940646677207236
  ],
  "shape_matches": [
    {
      "shape": "Icarus",
      "correlation": 0.3847
    },
    {
      "shape": "Tragedy",
      "correlation": 0.2879
    },
    {
      "shape": "Cinderella",
      "correlation": 0.1579
    },
    {
      "shape": "Man in a Hole",
      "correlation": -0.1079
    },
    {
      "shape": "Oedipus",
      "correlation": -0.1804
    },
    {
      "shape": "Rags to Riches",
      "correlation": -0.2879
    }
  ],
  "best_shape": "Icarus",
  "best_shape_correlation": 0.3847,
  "peaks": [
    {
      "sample": 2,
      "position": 0.020202020202020204,
      "smoothed": 0.08022613751847472,
      "word_offset": 6592,
      "read_time_min": 26.4,
      "driving_words": [
        {
          "word": "supreme",
          "score": 4.0
        },
        {
          "word": "loved",
          "score": 3.0
        },
        {
          "word": "good",
          "score": 3.0
        },
        {
          "word": "glad",
          "score": 3.0
        },
        {
          "word": "love",
          "score": 3.0
        },
        {
          "word": "nice",
          "score": 3.0
        }
      ]
    },
    {
      "sample": 37,
      "position": 0.37373737373737376,
      "smoothed": 0.10628314615995574,
      "word_offset": 34459,
      "read_time_min": 137.8,
      "driving_words": [
        {
          "word": "wonderfully",
          "score": 4.0
        },
        {
          "word": "brilliant",
          "score": 4.0
        },
        {
          "word": "wonderful",
          "score": 4.0
        },
        {
          "word": "good",
          "score": 3.0
        },
        {
          "word": "admires",
          "score": 3.0
        },
        {
          "word": "love",
          "score": 3.0
        }
      ]
    },
    {
      "sample": 63,
      "position": 0.6363636363636364,
      "smoothed": 0.010146050709462376,
      "word_offset": 55159,
      "read_time_min": 220.6,
      "driving_words": [
        {
          "word": "wonderful",
          "score": 4.0
        },
        {
          "word": "good",
          "score": 3.0
        },
        {
          "word": "won't",
          "score": 3.0
        },
        {
          "word": "joy",
          "score": 3.0
        },
        {
          "word": "beauty",
          "score": 3.0
        },
        {
          "word": "glad",
          "score": 3.0
        }
      ]
    }
  ],
  "valleys": [
    {
      "sample": 14,
      "position": 0.1414141414141414,
      "smoothed": -0.13035226462726163,
      "word_offset": 16147,
      "read_time_min": 64.6,
      "driving_words": [
        {
          "word": "ass",
          "score": -4.0
        },
        {
          "word": "lunatic",
          "score": -3.0
        },
        {
          "word": "worry",
          "score": -3.0
        },
        {
          "word": "worried",
          "score": -3.0
        },
        {
          "word": "furious",
          "score": -3.0
        },
        {
          "word": "lost",
          "score": -3.0
        }
      ]
    },
    {
      "sample": 76,
      "position": 0.7676767676767676,
      "smoothed": -0.09019454374861191,
      "word_offset": 65510,
      "read_time_min": 262.0,
      "driving_words": [
        {
          "word": "damned",
          "score": -4.0
        },
        {
          "word": "ugly",
          "score": -3.0
        },
        {
          "word": "damage",
          "score": -3.0
        },
        {
          "word": "angry",
          "score": -3.0
        },
        {
          "word": "liar",
          "score": -3.0
        },
        {
          "word": "madness",
          "score": -3.0
        }
      ]
    },
    {
      "sample": 95,
      "position": 0.9595959595959596,
      "smoothed": -0.09086911792207492,
      "word_offset": 80637,
      "read_time_min": 322.5,
      "driving_words": [
        {
          "word": "damned",
          "score": -4.0
        },
        {
          "word": "die",