{
  "status": "ok",
  "n_words": 208782,
  "window_size": 10000,
  "reliability": "high",
  "raw": [
    -0.0272,
    -0.0124,
    -0.0336,
    -0.0084,
    0.022,
    0.0544,
    0.0696,
    0.086,
    0.0172,
    -0.032,
    -0.0608,
    -0.068,
    -0.0816,
    -0.072,
    -0.0888,
    -0.098,
    -0.086,
    -0.0908,
    -0.0776,
    -0.0812,
    -0.05,
    -0.0456,
    -0.0048,
    -0.0224,
    -0.008,
    0.0076,
    -0.0116,
    -0.0272,
    -0.038,
    -0.0472,
    -0.0856,
    -0.1124,
    -0.1248,
    -0.0872,
    -0.07,
    -0.0604,
    0.0028,
    0.012,
    0.0004,
    0.0212,
    0.0232,
    -0.0156,
    0.004,
    0.0196,
    -0.0048,
    -0.0248,
    -0.0252,
    -0.064,
    -0.0992,
    -0.0896,
    -0.0728,
    -0.0508,
    -0.0356,
    -0.002,
    0.0076,
    0.0008,
    -0.0012,
    -0.0368,
    -0.062,
    -0.086,
    -0.096,
    -0.076,
    -0.0568,
    -0.05,
    -0.0204,
    -0.0072,
    -0.0044,
    0.0244,
    0.0488,
    0.0416,
    -0.0016,
    -0.0312,
    -0.0768,
    -0.1512,
    -0.1652,
    -0.1656,
    -0.1916,
    -0.158,
    -0.1352,
    -0.1368,
    -0.1036,
    -0.0728,
    -0.0696,
    -0.0336,
    0.006,
    0.0076,
    0.0232,
    0.0336,
    0.0064,
    -0.0316,
    -0.026,
    -0.0192,
    -0.058,
    -0.0416,
    -0.0624,
    -0.0832,
    -0.0896,
    -0.0956,
    -0.1472,
    -0.1228
  ],
  "smoothed": [
    -0.07662973518933164,
    -0.050910031796017836,
    -0.019361920802028847,
    0.013215502841994034,
    0.040829139241774275,
    0.057749309453885525,
    0.060132766868309824,
    0.047256746307884456,
    0.021887195653330346,
    -0.01041941189431125,
    -0.04290045216217611,
    -0.06953837454691099,
    -0.08670238543648033,
    -0.0939035275635498,
    -0.09341455935623248,
    -0.08894052599223695,
    -0.08389424646521512,
    -0.07998174703752786,
    -0.07666942376830242,
    -0.07173638738115062,
    -0.06265951816689848,
    -0.04822228884533404,
    -0.029630898691389067,
    -0.010611536646387618,
    0.0036233159581892773,
    0.008181561985501365,
    0.0003802188118170591,
    -0.01903208778795694,
    -0.045822882995356355,
    -0.0734494990846112,
    -0.09504272312385792,
    -0.10547930463782987,
    -0.10280333199410421,
    -0.08852599910018494,
    -0.066776074072438,
    -0.042706783816707075,
    -0.020815351338719753,
    -0.0038061334547109717,
    0.007648964970979916,
    0.014301245619338685,
    0.017268489760948722,
    0.01708931838289069,
    0.01335069216718879,
    0.005052493701907177,
    -0.00848969249203864,
    -0.02666904906384169,
    -0.04705909652933865,
    -0.06567189476466205,
    -0.07800559044035114,
    -0.08053455373169667,
    -0.07208085811852459,
    -0.05451621249001565,
    -0.03247507916418015,
    -0.012119701452123502,
    0.0006555848000729103,
    0.0019920063691830324,
    -0.008768386884972031,
    -0.028879137244803843,
    -0.052980118624312685,
    -0.07460039903293321,
    -0.08789559110324495,
    -0.08911905919586953,
    -0.07746086391130395,
    -0.055112290490269875,
    -0.02663961140676912,
    0.002092682879983059,
    0.02515271360674235,
    0.037662116120700424,
    0.03662534193927163,
    0.021375361846868342,
    -0.006385733814257135,
    -0.042925246076304185,
    -0.08313509962304455,
    -0.12140314426289699,
    -0.1525585792955455,
    -0.17271929366869082,
    -0.17987121552546312,
    -0.1740593508489259,
    -0.15716269754946044,
    -0.13233445815746298,
    -0.10327623211683598,
    -0.07354622078149194,
    -0.046064454170443414,
    -0.022888906138203186,
    -0.005233645325649583,
    0.0063728902751725245,
    0.011907207464669483,
    0.01172489540312904,
    0.006498449138186874,
    -0.002827906838034926,
    -0.015124344537963129,
    -0.02922234449555972,
    -0.04407949049766104,
    -0.05887378805869108,
    -0.0729470090066167,
    -0.0855860998501069,
    -0.09573484552538904,
    -0.10181057456967865,
    -0.10180834115558268,
    -0.09378286039075331
  ],
  "shape_matches": [
    {
      "shape": "Tragedy",
      "correlation": 0.2231
    },
    {
      "shape": "Oedipus",
      "correlation": 0.0936
    },
    {
      "shape": "Icarus",
      "correlation": 0.0248
    },
    {
      "shape": "Cinderella",
      "correlation": -0.1026
    },
    {
      "shape": "Man in a Hole",
      "correlation": -0.1778
    },
    {
      "shape": "Rags to Riches",
      "correlation": -0.2231
    }
  ],
  "best_shape": "Tragedy",
  "best_shape_correlation": 0.2231,
  "peaks": [
    {
      "sample": 6,
      "position": 0.06060606060606061,
      "smoothed": 0.060132766868309824,
      "word_offset": 17047,
      "read_time_min": 68.2,
      "driving_words": [
        {
          "word": "triumph",
          "score": 4.0
        },
        {
          "word": "fantastic",
          "score": 4.0
        },
        {
          "word": "won",
          "score": 3.0
        },
        {
          "word": "amused",
          "score": 3.0
        },
        {
          "word": "excited",
          "score": 3.0
        },
        {
          "word": "good",
          "score": 3.0
        }
      ]
    },
    {
      "sample": 40,
      "position": 0.40404040404040403,
      "smoothed": 0.017268489760948722,
      "word_offset": 85316,
      "read_time_min": 341.3,
      "driving_words": [
        {
          "word": "rejoiced",
          "score": 4.0
        },
        {
          "word": "overjoyed",
          "score": 4.0
        },
        {
          "word": "ecstatic",
          "score": 4.0
        },
        {
          "word": "won",
          "score": 3.0
        },
        {
          "word": "devoted",
          "score": 3.0
        },
        {
          "word": "delighted",
          "score": 3.0
        }
      ]
    },
    {
      "sample": 67,
      "position": 0.6767676767676768,
      "smoothed": 0.037662116120700424,
      "word_offset": 139529,
      "read_time_min": 558.1,
      "driving_words": [
        {
          "word": "amazing",
          "score": 4.0
        },
        {
          "word": "win",
          "score": 4.0
        },
        {
          "word": "fantastic",
          "score": 4.0
        },
        {
          "word": "rejoice",
          "score": 4.0
        },
        {
          "word": "great",
          "score": 3.0
        },
        {
          "word": "joy",
          "score": 3.0
        }
      ]
    }
  ],
  "valleys": [
    {
      "sample": 31,
      "position": 0.31313131313131315,
      "smoothed": -0.10547930463782987,
      "word_offset": 67245,
      "read_time_min": 269.0,
      "driving_words": [
        {
          "word": "cock",
          "score": -5.0
        },
        {
          "word": "prick",
          "score": -5.0
        },
        {
          "word": "torturing",
          "score": -4.0
        },
        {
          "word": "torture",
          "score": -4.0
        },
        {
          "word": "hell",
          "score": -4.0
        },
        {
          "word": "dead",
          "score": -3.0
        }
      ]
    },
    {
      "sample": 76,
      "position": 0.7676767676767676,
      "smoothed": -0.17987121552546312,
      "word_offset": 157600,
      "read_time_min": 630.4,
      "driving_words": [
        {
          "word": "torture",
          "score": -4.0
        },
        {
          "word": "terror",
          "score": -3.0
        },
        {
          "word": "anguish",
          "score": -3.0
        },
        {
          "word": "hysterical",
          "score": -3.0
        },
        {
          "word": "vile",
          "score": -3.0
        },
        {
          "word": "terrified",
          "score": -3.0
        }
      ]
    },
    {
      "sample": 97,
      "position": 0.9797979797979798,
      "smoothed": -0.10181057456967865,
      "word_offset": 199766,
      "read_time_min": 799.1,
      "driving_words": [
        {
          "word": "tortured",