{
  "status": "ok",
  "n_words": 74381,
  "window_size": 10000,
  "reliability": "high",
  "raw": [
    0.0348,
    0.056,
    0.0712,
    0.0808,
    0.0872,
    0.0808,
    0.0692,
    0.0436,
    0.0392,
    0.0364,
    0.0268,
    0.0396,
    0.0452,
    0.0552,
    0.0552,
    0.0428,
    0.0176,
    0.0016,
    -0.0368,
    -0.0612,
    -0.0588,
    -0.05,
    -0.0388,
    -0.048,
    -0.0604,
    -0.0764,
    -0.092,
    -0.1152,
    -0.1224,
    -0.1456,
    -0.1472,
    -0.1428,
    -0.138,
    -0.124,
    -0.1036,
    -0.0908,
    -0.0984,
    -0.0892,
    -0.0916,
    -0.0628,
    -0.0464,
    -0.0388,
    -0.0316,
    -0.0316,
    -0.0336,
    -0.0324,
    -0.016,
    -0.0132,
    0.0152,
    0.01,
    -0.0056,
    -0.002,
    0.0036,
    0.0008,
    -0.0176,
    -0.0056,
    0.0028,
    0.012,
    0.0268,
    0.01,
    0.0224,
    0.022,
    -0.0068,
    -0.0248,
    -0.0352,
    -0.0264,
    -0.0176,
    -0.03,
    -0.0304,
    -0.0096,
    -0.014,
    -0.016,
    -0.0332,
    -0.0468,
    -0.0228,
    -0.008,
    -0.0172,
    -0.002,
    0.0032,
    0.0084,
    -0.0064,
    0.0008,
    -0.0052,
    -0.0136,
    -0.0148,
    -0.0384,
    -0.0408,
    -0.0528,
    -0.058,
    -0.0556,
    -0.0916,
    -0.09,
    -0.0876,
    -0.0888,
    -0.0792,
    -0.068,
    -0.0588,
    -0.0372,
    -0.0272,
    -0.0276
  ],
  "smoothed": [
    0.020865455120595042,
    0.04705477226392159,
    0.07004717167421551,
    0.08537689606674798,
    0.08985429060571905,
    0.08301794091523863,
    0.06770344616867605,
    0.049361181046271074,
    0.03426596142713863,
    0.027253117263306165,
    0.029867958350753593,
    0.039703022048703136,
    0.05124866822057962,
    0.05797487557804175,
    0.05484874818297652,
    0.04029412924823141,
    0.01680847367462381,
    -0.010012253092676057,
    -0.03364741721084888,
    -0.049148993540290196,
    -0.054965776117479374,
    -0.05338580362703525,
    -0.04946078500055494,
    -0.048891169432668524,
    -0.055751803744928705,
    -0.07096546225500404,
    -0.09208626942389206,
    -0.1143955519275859,
    -0.13278209902174712,
    -0.14359812298654492,
    -0.14575599716383902,
    -0.14070687040448535,
    -0.1314408134659868,
    -0.12104625404059764,
    -0.11149779967805074,
    -0.1031673505697233,
    -0.0951734505861772,
    -0.0862848044664608,
    -0.07586049691307627,
    -0.06433987015297757,
    -0.05305927523696696,
    -0.04353194635068728,
    -0.036602189001671975,
    -0.03194327380971549,
    -0.028185669588601775,
    -0.023632394300189416,
    -0.017206581434893273,
    -0.009139214821863941,
    -0.0010141317683056528,
    0.004905238057823772,
    0.0067832859795345915,
    0.004232682201204565,
    -0.0012671510069846414,
    -0.0068122415209225465,
    -0.009241128995111585,
    -0.0065395373624363585,
    0.0011460841582122505,
    0.011372327973401694,
    0.020254735935664066,
    0.023992628331985916,
    0.02043150183180815,
    0.009995426554101468,
    -0.004420514883923677,
    -0.0185659675769892,
    -0.028494863957719944,
    -0.03207168566457355,
    -0.029697036837027936,
    -0.02396601856819002,
    -0.018433824257249664,
    -0.016040958407368057,
    -0.017881377315642943,
    -0.022827984162209995,
    -0.02814199540521914,
    -0.030761705212636447,
    -0.028683074386296834,
    -0.02182967717399409,
    -0.012060287929078135,
    -0.0023575741347582604,
    0.004401080544238569,
    0.006528555292099911,
    0.004006424464067848,
    -0.0018018629474738823,
    -0.009002369910194817,
    -0.01613920378833261,
    -0.02280863746195849,
    -0.029647576275552662,
    -0.03774576116444012,
    -0.04781385770974528,
    -0.059548750939376,
    -0.07152432307642823,
    -0.08166131740718095,
    -0.08803275113778565,
    -0.08959102795071171,
    -0.08644550267897978,
    -0.0795547987290279,
    -0.07000926906765031,
    -0.05830730106425468,
    -0.044053227567940674,
    -0.02630151138038283,
    -0.0044325330286026235
  ],
  "shape_matches": [
    {
      "shape": "Oedipus",
      "correlation": 0.3382
    },
    {
      "shape": "Tragedy",
      "correlation": 0.263
    },
    {
      "shape": "Rags to Riches",
      "correlation": -0.263
    },
    {
      "shape": "Icarus",
      "correlation": -0.2704
    },
    {
      "shape": "Man in a Hole",
      "correlation": -0.2745
    },
    {
      "shape": "Cinderella",
      "correlation": -0.3406
    }
  ],
  "best_shape": "Oedipus",
  "best_shape_correlation": 0.3382,
  "peaks": [
    {
      "sample": 4,
      "position": 0.04040404040404041,
      "smoothed": 0.08985429060571905,
      "word_offset": 7601,
      "read_time_min": 30.4,
      "driving_words": [
        {
          "word": "triumph",
          "score": 4.0
        },
        {
          "word": "fun",
          "score": 4.0
        },
        {
          "word": "wow",
          "score": 4.0
        },
        {
          "word": "winning",
          "score": 4.0
        },
        {
          "word": "win",
          "score": 4.0
        },
        {
          "word": "stunning",
          "score": 4.0
        }
      ]
    },
    {
      "sample": 13,
      "position": 0.13131313131313133,
      "smoothed": 0.05797487557804175,
      "word_offset": 13454,
      "read_time_min": 53.8,
      "driving_words": [
        {
          "word": "win",
          "score": 4.0
        },
        {
          "word": "stunning",
          "score": 4.0
        },
        {
          "word": "wonderful",
          "score": 4.0
        },
        {
          "word": "wonderfully",
          "score": 4.0
        },
        {
          "word": "won",
          "score": 3.0
        },
        {
          "word": "good",
          "score": 3.0
        }
      ]
    },
    {
      "sample": 59,
      "position": 0.5959595959595959,
      "smoothed": 0.023992628331985916,
      "word_offset": 43368,
      "read_time_min": 173.5,
      "driving_words": [
        {
          "word": "winning",
          "score": 4.0
        },
        {
          "word": "triumphant",
          "score": 4.0
        },
        {
          "word": "funny",
          "score": 4.0
        },
        {
          "word": "fun",
          "score": 4.0
        },
        {
          "word": "triumph",
          "score": 4.0
        },
        {
          "word": "terrific",
          "score": 4.0
        }
      ]
    }
  ],
  "valleys": [
    {
      "sample": 20,
      "position": 0.20202020202020202,
      "smoothed": -0.054965776117479374,
      "word_offset": 18006,
      "read_time_min": 72.0,
      "driving_words": [
        {
          "word": "nigger",
          "score": -5.0
        },
        {
          "word": "anguish",
          "score": -3.0
        },
        {
          "word": "died",
          "score": -3.0
        },
        {
          "word": "dead",
          "score": -3.0
        },
        {
          "word": "miserable",
          "score": -3.0
        },
        {
          "word": "loose",
          "score": -3.0
        }
      ]
    },
    {
      "sample": 30,
      "position": 0.30303030303030304,
      "smoothed": -0.14575599716383902,
      "word_offset": 24509,
      "read_time_min": 98.0,
      "driving_words": [
        {
          "word": "prick",
          "score": -5.0
        },
        {
          "word": "torture",
          "score": -4.0
        },
        {
          "word": "frauds",
          "score": -4.0
        },
        {
          "word": "hell",
          "score": -4.0
        },
        {
          "word": "disgust",
          "score": -3.0
        },
        {
          "word": "hideous",
          "score": -3.0
        }
      ]
    },
    {
      "sample": 92,
      "position": 0.9292929292929293,
      "smoothed": -0.08959102795071171,
      "word_offset": 64829,
      "read_time_min": 259.3,
      "driving_words": [
        {
          "word": "nigger",
          "score": -5.0
        },
        {
          "word": "tortured",