{
  "status": "ok",
  "n_words": 73883,
  "window_size": 10000,
  "reliability": "high",
  "raw": [
    -0.3908,
    -0.4036,
    -0.408,
    -0.4216,
    -0.43,
    -0.4296,
    -0.4272,
    -0.434,
    -0.434,
    -0.4376,
    -0.438,
    -0.4436,
    -0.4376,
    -0.4364,
    -0.442,
    -0.4404,
    -0.414,
    -0.404,
    -0.4092,
    -0.4008,
    -0.4096,
    -0.414,
    -0.4312,
    -0.4124,
    -0.42,
    -0.4092,
    -0.4028,
    -0.4044,
    -0.414,
    -0.4028,
    -0.392,
    -0.4004,
    -0.4252,
    -0.43,
    -0.4292,
    -0.4232,
    -0.41,
    -0.404,
    -0.4052,
    -0.4048,
    -0.3956,
    -0.4084,
    -0.4112,
    -0.3988,
    -0.414,
    -0.418,
    -0.4264,
    -0.436,
    -0.4152,
    -0.402,
    -0.4156,
    -0.4128,
    -0.4208,
    -0.4132,
    -0.434,
    -0.4308,
    -0.4284,
    -0.428,
    -0.426,
    -0.4096,
    -0.4144,
    -0.418,
    -0.4064,
    -0.4012,
    -0.4124,
    -0.4076,
    -0.3956,
    -0.3968,
    -0.4076,
    -0.4024,
    -0.3892,
    -0.3964,
    -0.4048,
    -0.4328,
    -0.4716,
    -0.4916,
    -0.4784,
    -0.4952,
    -0.4992,
    -0.5184,
    -0.5152,
    -0.5264,
    -0.5364,
    -0.5292,
    -0.5304,
    -0.5328,
    -0.5116,
    -0.5292,
    -0.5232,
    -0.4876,
    -0.4896,
    -0.488,
    -0.4864,
    -0.4864,
    -0.4808,
    -0.4744,
    -0.488,
    -0.4988,
    -0.502,
    -0.4952
  ],
  "smoothed": [
    -0.43777713029938203,
    -0.42298562225141945,
    -0.41426451074251364,
    -0.41223325137058503,
    -0.4156850970214896,
    -0.42226130289840313,
    -0.42941314986731655,
    -0.43524977151270255,
    -0.4389606511887579,
    -0.4407133154243455,
    -0.4411616160408707,
    -0.44085553078849493,
    -0.4398565490908918,
    -0.43773580259235695,
    -0.4339296135473643,
    -0.4282451633329383,
    -0.42123158089657753,
    -0.4141935279853425,
    -0.4087957467311183,
    -0.40640836381549855,
    -0.40748049946425335,
    -0.41123868566743177,
    -0.41587913101302876,
    -0.4192125900972625,
    -0.41951889912461,
    -0.4162642450107147,
    -0.41037575648360375,
    -0.4039405605084999,
    -0.3994292798874203,
    -0.39874021750261707,
    -0.40243837822726686,
    -0.40949059511314345,
    -0.41760435705312826,
    -0.4240425791073508,
    -0.4266041950157453,
    -0.4244022457227748,
    -0.41815651963554956,
    -0.4099084765147049,
    -0.40228393437309523,
    -0.3975888256469942,
    -0.39706759615540166,
    -0.4005733074232483,
    -0.40673265445285817,
    -0.41350682847096165,
    -0.4189194382485225,
    -0.42168791002312656,
    -0.4215570800195964,
    -0.41925884173478045,
    -0.4161567516552711,
    -0.41373045642970435,
    -0.4130845675957774,
    -0.41463139412561406,
    -0.4180205328719764,
    -0.42230358070459034,
    -0.42625702084693673,
    -0.4287548570925302,
    -0.4290846560886445,
    -0.42712713735708263,
    -0.42335921155258455,
    -0.41868484758372043,
    -0.4141414459481442,
    -0.41056539632274414,
    -0.4083204492718103,
    -0.40718613395847925,
    -0.40646406862339307,
    -0.40529142076006064,
    -0.4030709828496415,
    -0.39986557118749416,
    -0.3965907816566299,
    -0.3948912011908306,
    -0.39669286034793083,
    -0.4035541899497456,
    -0.41603795195251175,
    -0.4333504221212588,
    -0.4534201458371481,
    -0.4734347168957963,
    -0.49067487379450375,
    -0.5033528792544436,
    -0.5111367895989003,
    -0.5151445784445821,
    -0.5173906097980824,
    -0.519886614742385,
    -0.5237501053590983,
    -0.5286874501891844,
    -0.533081927797598,
    -0.5346770009611727,
    -0.5315961222927098,
    -0.5232859122233596,
    -0.5109786925059651,
    -0.4974472453648069,
    -0.4861037027860361,
    -0.47976490499842434,
    -0.47955707255208774,
    -0.48439764502817595,
    -0.49128039793699885,
    -0.4962827306393408,
    -0.49593303668921074,
    -0.48843400736168613,
    -0.4742918772100499,
    -0.4561301445970949
  ],
  "shape_matches": [
    {
      "shape": "Tragedy",
      "correlation": 0.6154
    },
    {
      "shape": "Icarus",
      "correlation": 0.5043
    },
    {
      "shape": "Cinderella",
      "correlation": -0.0004
    },
    {
      "shape": "Oedipus",
      "correlation": -0.0351
    },
    {
      "shape": "Man in a Hole",
      "correlation": -0.343
    },
    {
      "shape": "Rags to Riches",
      "correlation": -0.6154
    }
  ],
  "best_shape": "Tragedy",
  "best_shape_correlation": 0.6154,
  "peaks": [
    {
      "sample": 29,
      "position": 0.29292929292929293,
      "smoothed": -0.39874021750261707,
      "word_offset": 23713,
      "read_time_min": 94.9,
      "driving_words": [
        {
          "word": "genial",
          "score": 3.0
        },
        {
          "word": "elegant",
          "score": 2.0
        },
        {
          "word": "talent",
          "score": 2.0
        },
        {
          "word": "kinder",
          "score": 2.0
        },
        {
          "word": "vision",
          "score": 1.0
        }
      ]
    },
    {
      "sample": 40,
      "position": 0.40404040404040403,
      "smoothed": -0.39706759615540166,
      "word_offset": 30811,
      "read_time_min": 123.2,
      "driving_words": [
        {
          "word": "ha",
          "score": 2.0
        },
        {
          "word": "kinder",
          "score": 2.0
        }
      ]
    },
    {
      "sample": 69,
      "position": 0.696969696969697,
      "smoothed": -0.3948912011908306,
      "word_offset": 49525,
      "read_time_min": 198.1,
      "driving_words": [
        {
          "word": "gift",
          "score": 2.0
        },
        {
          "word": "kinder",
          "score": 2.0
        },
        {
          "word": "warm",
          "score": 1.0
        }
      ]
    }
  ],
  "valleys": [
    {
      "sample": 10,
      "position": 0.10101010101010101,
      "smoothed": -0.4411616160408707,
      "word_offset": 11453,
      "read_time_min": 45.8,
      "driving_words": [
        {
          "word": "die",
          "score": -3.0
        },
        {
          "word": "bad",
          "score": -3.0
        },
        {
          "word": "war",
          "score": -2.0
        },
        {
          "word": "lied",
          "score": -2.0
        },
        {
          "word": "fallen",
          "score": -2.0
        },
        {
          "word": "lag",
          "score": -1.0
        }
      ]
    },
    {
      "sample": 85,
      "position": 0.8585858585858586,
      "smoothed": -0.5346770009611727,
      "word_offset": 59849,
      "read_time_min": 239.4,
      "driving_words": [
        {
          "word": "die",
          "score": -3.0
        },
        {
          "word": "war",
          "score": -2.0
        },
        {
          "word": "alarm",
          "score": -2.0
        },
        {
          "word": "lag",
          "score": -1.0
        }
      ]
    },
    {
      "sample": 95,
      "position": 0.9595959595959596,
      "smoothed": -0.4962827306393408,
      "word_offset": 66302,
      "read_time_min": 265.2,
      "driving_words": [
        {
          "word": "die",
          "score": -3.0
        },
        {
          "word": "war",
          "score": -2.0
        },
        {
          "word": "fallen",
          "score": -2.0
        },
        {
          "word": "stricken",
          "score": -2.0
        },
        {
          "word": "lag",
          "score": -1.0
        },
        {
          "word": "block",
          "score": -1.0
        }
      ]
    }
  ],
  "volatility": 0.0052,
  "slug": "Dr_Mabuse_der_Spieler_Norbert_Jacques",
  "language": "de"
}