{
  "status": "ok",
  "n_words": 112123,
  "window_size": 10000,
  "reliability": "high",
  "raw": [
    0.0824,
    0.0576,
    0.0648,
    0.0796,
    0.082,
    0.088,
    0.0664,
    0.0596,
    0.0576,
    0.0252,
    0.0292,
    0.0784,
    0.0776,
    0.0872,
    0.0972,
    0.1232,
    0.1376,
    0.1152,
    0.1068,
    0.126,
    0.0912,
    0.0536,
    0.0516,
    0.0524,
    0.0368,
    0.0308,
    0.0496,
    0.076,
    0.0788,
    0.0692,
    0.0644,
    0.056,
    0.0608,
    0.0596,
    0.0856,
    0.08,
    0.078,
    0.1028,
    0.1516,
    0.1588,
    0.1768,
    0.1548,
    0.1456,
    0.114,
    0.1108,
    0.1212,
    0.0816,
    0.0672,
    0.0488,
    0.036,
    0.0568,
    0.048,
    0.0624,
    0.0764,
    0.106,
    0.0976,
    0.1068,
    0.1032,
    0.1172,
    0.1096,
    0.156,
    0.1916,
    0.1916,
    0.182,
    0.1716,
    0.176,
    0.2268,
    0.234,
    0.2544,
    0.2496,
    0.2192,
    0.22,
    0.2028,
    0.1892,
    0.1824,
    0.152,
    0.1072,
    0.1044,
    0.0996,
    0.0924,
    0.0744,
    0.09,
    0.13,
    0.1688,
    0.1916,
    0.2084,
    0.2328,
    0.2412,
    0.2584,
    0.276,
    0.2736,
    0.2604,
    0.2572,
    0.234,
    0.2324,
    0.2376,
    0.2268,
    0.2496,
    0.25,
    0.2692
  ],
  "smoothed": [
    0.1448716355327848,
    0.10960069598827557,
    0.08240816838231432,
    0.06620447062825595,
    0.06030610378585969,
    0.06105993047174008,
    0.06358196197442259,
    0.06387995074878618,
    0.06048630887207132,
    0.054943550855547446,
    0.05096601474785287,
    0.05264795471524215,
    0.06247442914041038,
    0.07996269615054931,
    0.10149549978647061,
    0.12141982215933261,
    0.13397871090526875,
    0.13532396407473074,
    0.12484524941456386,
    0.10533888435749914,
    0.08199888684564285,
    0.06065373994510022,
    0.04592302348611787,
    0.03994439780548027,
    0.042054726671349754,
    0.049424895983464466,
    0.05830684090063024,
    0.0653804933066986,
    0.06873233680419254,
    0.06820844090497843,
    0.06515408076466861,
    0.06176235995811049,
    0.06033211995271707,
    0.06267693570482401,
    0.06978952381395495,
    0.08173236635706363,
    0.09766059184302125,
    0.11590378508795969,
    0.1341050581475633,
    0.14947694246257182,
    0.15923276373847572,
    0.16117740605919464,
    0.15432885520318956,
    0.13935709254696071,
    0.1186293511774727,
    0.09576020696228575,
    0.07474661377831614,
    0.05894505429889966,
    0.05023681190651885,
    0.04867818995849632,
    0.05275600673819862,
    0.06013484623339126,
    0.06859098177115752,
    0.07676301494943491,
    0.08444088825787954,
    0.09232315312201159,
    0.10140455090618761,
    0.11230835824968514,
    0.12488320047165044,
    0.13824232985680307,
    0.15120255254999362,
    0.16288427484439524,
    0.17315563669121062,
    0.18267933953226223,
    0.19251481491611208,
    0.2034489015543218,
    0.21537012531336658,
    0.22699629580032019,
    0.2361128427861463,
    0.24024999620654094,
    0.23752743218179903,
    0.22731889741481298,
    0.21047229985189067,
    0.18902326876514688,
    0.16556570381686278,
    0.1425836084100807,
    0.12203745436930027,
    0.10534219060197728,
    0.09365143945975789,
    0.08818703280801955,
    0.09031822815019995,
    0.10122660956523863,
    0.12123297590350031,
    0.14909386416387105,
    0.18167492067176613,
    0.21430833798940974,
    0.24186678245343438,
    0.26024947744225657,
    0.2677315464641076,
    0.2656013597492015,
    0.2577391628963343,
    0.24919711797323743,
    0.24426256552829692,
    0.24473987489961416,
    0.24914950488892335,
    0.25321201284434447,
    0.2514824648590545,
    0.2395293744778835,
    0.21581025052701802,
    0.18249223505369444
  ],
  "shape_matches": [
    {
      "shape": "Rags to Riches",
      "correlation": 0.738
    },
    {
      "shape": "Man in a Hole",
      "correlation": 0.5762
    },
    {
      "shape": "Cinderella",
      "correlation": 0.3254
    },
    {
      "shape": "Icarus",
      "correlation": -0.2367
    },
    {
      "shape": "Oedipus",
      "correlation": -0.2951
    },
    {
      "shape": "Tragedy",
      "correlation": -0.738
    }
  ],
  "best_shape": "Rags to Riches",
  "best_shape_correlation": 0.738,
  "peaks": [
    {
      "sample": 69,
      "position": 0.696969696969697,
      "smoothed": 0.24024999620654094,
      "word_offset": 76177,
      "read_time_min": 304.7,
      "driving_words": [
        {
          "word": "rejoice",
          "score": 4.0
        },
        {
          "word": "rejoices",
          "score": 4.0
        },
        {
          "word": "rejoicing",
          "score": 4.0
        },
        {
          "word": "wonderful",
          "score": 4.0
        },
        {
          "word": "heavenly",
          "score": 4.0
        },
        {
          "word": "wonderfully",
          "score": 4.0
        }
      ]
    },
    {
      "sample": 88,
      "position": 0.8888888888888888,
      "smoothed": 0.2677315464641076,
      "word_offset": 95776,
      "read_time_min": 383.1,
      "driving_words": [
        {
          "word": "heavenly",
          "score": 4.0
        },
        {
          "word": "rejoice",
          "score": 4.0
        },
        {
          "word": "supreme",
          "score": 4.0
        },
        {
          "word": "happy",
          "score": 3.0
        },
        {
          "word": "loved",
          "score": 3.0
        },
        {
          "word": "happiness",
          "score": 3.0
        }
      ]
    },
    {
      "sample": 95,
      "position": 0.9595959595959596,
      "smoothed": 0.25321201284434447,
      "word_offset": 102997,
      "read_time_min": 412.0,
      "driving_words": [
        {
          "word": "supreme",
          "score": 4.0
        },
        {
          "word": "heavenly",
          "score": 4.0
        },
        {
          "word": "great",
          "score": 3.0
        },
        {
          "word": "beautiful",
          "score": 3.0
        },
        {
          "word": "love",
          "score": 3.0
        },
        {
          "word": "good",
          "score": 3.0
        }
      ]
    }
  ],
  "valleys": [
    {
      "sample": 10,
      "position": 0.10101010101010101,
      "smoothed": 0.05096601474785287,
      "word_offset": 15315,
      "read_time_min": 61.3,
      "driving_words": [
        {
          "word": "hell",
          "score": -4.0
        },
        {
          "word": "torture",
          "score": -4.0
        },
        {
          "word": "miserable",
          "score": -3.0
        },
        {
          "word": "foul",
          "score": -3.0
        },
        {
          "word": "ludicrous",
          "score": -3.0
        },
        {
          "word": "loss",
          "score": -3.0
        }
      ]
    },
    {
      "sample": 23,
      "position": 0.23232323232323232,
      "smoothed": 0.03994439780548027,
      "word_offset": 28726,
      "read_time_min": 114.9,
      "driving_words": [
        {
          "word": "hell",
          "score": -4.0
        },
        {
          "word": "dead",
          "score": -3.0
        },
        {
          "word": "frenzy",
          "score": -3.0
        },
        {
          "word": "falsified",
          "score": -3.0
        },
        {
          "word": "mad",
          "score": -3.0
        },
        {
          "word": "madness",
          "score": -3.0
        }
      ]
    },
    {
      "sample": 49,
      "position": 0.494949494949495,
      "smoothed": 0.04867818995849632,
      "word_offset": 55546,
      "read_time_min": 222.2,
      "driving_words": [
        {
          "word": "loose",
          "score": -3.0
        },
        {
          "word": "foul",
          "score": -3.0
        },
        {
          "word": "hate",
          "score": -3.0
        },
        {
          "word": "abhor",