{
  "status": "ok",
  "n_words": 277895,
  "window_size": 10000,
  "reliability": "high",
  "raw": [
    0.1404,
    0.092,
    0.0532,
    0.0596,
    0.0396,
    0.0692,
    0.0668,
    0.0756,
    0.0596,
    0.0632,
    0.054,
    0.0772,
    0.0584,
    0.048,
    0.0448,
    0.0496,
    0.06,
    0.0836,
    0.0972,
    0.1,
    0.062,
    0.0348,
    0.0256,
    0.0052,
    0.0276,
    0.0716,
    0.0832,
    0.0884,
    0.112,
    0.088,
    0.1092,
    0.104,
    0.1136,
    0.1244,
    0.1268,
    0.0852,
    0.1112,
    0.096,
    0.1296,
    0.1728,
    0.158,
    0.1196,
    0.0832,
    0.0376,
    0.024,
    0.0116,
    0.0264,
    0.0168,
    0.0344,
    0.04,
    0.0548,
    0.088,
    0.1088,
    0.1028,
    0.0972,
    0.1164,
    0.13,
    0.146,
    0.1332,
    0.1112,
    0.0556,
    0.0584,
    0.094,
    0.1348,
    0.1868,
    0.1912,
    0.154,
    0.1008,
    0.0848,
    0.0524,
    0.0696,
    0.0808,
    0.0772,
    0.1128,
    0.0788,
    0.0756,
    0.0904,
    0.074,
    0.1064,
    0.098,
    0.0596,
    0.0572,
    0.0372,
    0.086,
    0.08,
    0.0428,
    0.028,
    0.036,
    0.0868,
    0.1292,
    0.1328,
    0.1696,
    0.1244,
    0.0852,
    0.0492,
    0.0072,
    0.0772,
    0.1236,
    0.1112,
    0.0988
  ],
  "smoothed": [
    0.11213916251587869,
    0.10501236070512607,
    0.08850399153460757,
    0.06844805993988785,
    0.05198473724870205,
    0.04453913559152407,
    0.04757161572963813,
    0.0580742336512083,
    0.07002535123746861,
    0.0771532821473879,
    0.07577972670845586,
    0.0664739284605487,
    0.05377138376375852,
    0.044069700605080364,
    0.04263094250388094,
    0.05103181447371844,
    0.06622371813199408,
    0.08166743539030176,
    0.09009480482597106,
    0.08672215925574732,
    0.07151879721144237,
    0.04951941886749236,
    0.02899816286314497,
    0.018235957310164436,
    0.022217477655108918,
    0.040629164517853165,
    0.06798276352640246,
    0.09579772201144085,
    0.11592359589114956,
    0.12363108845123087,
    0.11923062397224019,
    0.10762078275629318,
    0.09603896974206867,
    0.09100918350974777,
    0.09575861784755171,
    0.10910984760423403,
    0.12618794932627167,
    0.14051696874356767,
    0.14654820124802012,
    0.14157469340198436,
    0.1263472712240325,
    0.10432545180656867,
    0.08007944361153191,
    0.057651027864815796,
    0.03957551178446049,
    0.026848280782823527,
    0.01961251070379099,
    0.01800208098302817,
    0.022555066497040883,
    0.03391149699204218,
    0.05195964015575296,
    0.0749593616803235,
    0.09925510533440188,
    0.1199408659209508,
    0.13236907902655246,
    0.13393269129901522,
    0.12532792443409657,
    0.11064962962155285,
    0.0961358369289907,
    0.08796327425266126,
    0.08993724148060746,
    0.10201050466317789,
    0.12025392142463735,
    0.13831411147073136,
    0.14978332133446265,
    0.15053818171600308,
    0.14013498904596022,
    0.12176038019804893,
    0.1008423787939901,
    0.08296134795649618,
    0.07193657204041382,
    0.06881515885005238,
    0.07204339684178847,
    0.0785730209197111,
    0.08528762159999431,
    0.0900823388644848,
    0.09219241347297757,
    0.09179377469697073,
    0.08927035951090716,
    0.08467454630816895,
    0.07774194781148525,
    0.06845575752387958,
    0.057788433386685066,
    0.04808215092471928,
    0.04266619324031765,
    0.04469585715020516,
    0.05564590636889923,
    0.07416921285039979,
    0.09597502915639787,
    0.1149841638828266,
    0.12544243560953705,
    0.12418250587733214,
    0.11206107780092578,
    0.09386925228754481,
    0.07662775466972514,
    0.06687926927029317,
    0.06806497806917121,
    0.0790946755499299,
    0.0947560451567087,
    0.10784269044069719
  ],
  "shape_matches": [
    {
      "shape": "Cinderella",
      "correlation": 0.3012
    },
    {
      "shape": "Man in a Hole",
      "correlation": 0.2707
    },
    {
      "shape": "Rags to Riches",
      "correlation": 0.199
    },
    {
      "shape": "Icarus",
      "correlation": 0.1868
    },
    {
      "shape": "Tragedy",
      "correlation": -0.199
    },
    {
      "shape": "Oedipus",
      "correlation": -0.3011
    }
  ],
  "best_shape": "Cinderella",
  "best_shape_correlation": 0.3012,
  "peaks": [
    {
      "sample": 38,
      "position": 0.3838383838383838,
      "smoothed": 0.14654820124802012,
      "word_offset": 107828,
      "read_time_min": 431.3,
      "driving_words": [
        {
          "word": "overjoyed",
          "score": 4.0
        },
        {
          "word": "triumph",
          "score": 4.0
        },
        {
          "word": "great",
          "score": 3.0
        },
        {
          "word": "glad",
          "score": 3.0
        },
        {
          "word": "pleasure",
          "score": 3.0
        },
        {
          "word": "good",
          "score": 3.0
        }
      ]
    },
    {
      "sample": 55,
      "position": 0.5555555555555556,
      "smoothed": 0.13393269129901522,
      "word_offset": 153831,
      "read_time_min": 615.3,
      "driving_words": [
        {
          "word": "wonderful",
          "score": 4.0
        },
        {
          "word": "wonderfully",
          "score": 4.0
        },
        {
          "word": "brilliant",
          "score": 4.0
        },
        {
          "word": "fantastic",
          "score": 4.0
        },
        {
          "word": "great",
          "score": 3.0
        },
        {
          "word": "delight",
          "score": 3.0
        }
      ]
    },
    {
      "sample": 65,
      "position": 0.6565656565656566,
      "smoothed": 0.15053818171600308,
      "word_offset": 180891,
      "read_time_min": 723.6,
      "driving_words": [
        {
          "word": "wonderfully",
          "score": 4.0
        },
        {
          "word": "win",
          "score": 4.0
        },
        {
          "word": "wonderful",
          "score": 4.0
        },
        {
          "word": "beautiful",
          "score": 3.0
        },
        {
          "word": "glad",
          "score": 3.0
        },
        {
          "word": "good",
          "score": 3.0
        }
      ]
    }
  ],
  "valleys": [
    {
      "sample": 14,
      "position": 0.1414141414141414,
      "smoothed": 0.04263094250388094,
      "word_offset": 42884,
      "read_time_min": 171.5,
      "driving_words": [
        {
          "word": "dick",
          "score": -4.0
        },
        {
          "word": "damned",
          "score": -4.0
        },
        {
          "word": "die",
          "score": -3.0
        },
        {
          "word": "violently",
          "score": -3.0
        },
        {
          "word": "losing",
          "score": -3.0
        },
        {
          "word": "harassed",
          "score": -3.0
        }
      ]
    },
    {
      "sample": 23,
      "position": 0.23232323232323232,
      "smoothed": 0.018235957310164436,
      "word_offset": 67238,
      "read_time_min": 269.0,
      "driving_words": [
        {
          "word": "worse",
          "score": -3.0
        },
        {
          "word": "mad",
          "score": -3.0
        },
        {
          "word": "anger",
          "score": -3.0
        },
        {
          "word": "died",
          "score": -3.0
        },
        {
          "word": "harassed",
          "score": -3.0
        },
        {
          "word": "violence",
          "score": -3.0
        }
      ]
    },
    {
      "sample": 47,
      "position": 0.47474747474747475,
      "smoothed": 0.01800208098302817,
      "word_offset": 132182,
      "read_time_min": 528.7,
      "driving_words": [
        {
          "word": "hell",
          "score": -4.0
        },
        {
          "word": "horrible",
          "score": -3.0
        },
        {
          "word": "terror",
          "score": -3.0
        },
        {
          "word": "stupidity",