{
  "status": "ok",
  "n_words": 59004,
  "window_size": 10000,
  "reliability": "high",
  "raw": [
    0.0284,
    0.0212,
    0.0104,
    -0.0116,
    -0.0188,
    -0.0212,
    -0.0376,
    -0.054,
    -0.0472,
    -0.0392,
    -0.0468,
    -0.0416,
    -0.0368,
    -0.0284,
    -0.0292,
    -0.0412,
    -0.048,
    -0.0516,
    -0.0592,
    -0.0528,
    -0.0616,
    -0.0468,
    -0.0416,
    -0.0348,
    -0.0236,
    -0.0196,
    -0.0004,
    0.0012,
    0.0044,
    0.0044,
    -0.0172,
    -0.0204,
    -0.0396,
    -0.0472,
    -0.0508,
    -0.0376,
    -0.0292,
    -0.014,
    -0.0092,
    -0.0132,
    -0.0184,
    -0.016,
    -0.0184,
    -0.0124,
    0.0,
    0.0028,
    0.0148,
    0.0148,
    0.0204,
    0.0248,
    0.0288,
    0.0308,
    0.0408,
    0.0504,
    0.038,
    0.0336,
    0.0328,
    0.0292,
    0.0264,
    0.0372,
    0.0384,
    0.0356,
    0.0376,
    0.0364,
    0.0332,
    0.034,
    0.03,
    0.0396,
    0.0316,
    0.0308,
    0.0364,
    0.0328,
    0.0256,
    0.0308,
    0.0264,
    0.01,
    -0.0048,
    0.0,
    -0.0088,
    -0.0204,
    -0.0232,
    -0.024,
    -0.0296,
    -0.0376,
    -0.0468,
    -0.0548,
    -0.0576,
    -0.0692,
    -0.068,
    -0.0804,
    -0.086,
    -0.0732,
    -0.0568,
    -0.042,
    -0.0324,
    -0.0076,
    0.0028,
    0.014,
    0.004,
    0.012
  ],
  "smoothed": [
    0.020857941125126782,
    0.01624762247482531,
    0.007525433786678723,
    -0.004196979927737012,
    -0.01719855199267553,
    -0.029481461102074606,
    -0.03923263571177283,
    -0.045263771786986845,
    -0.04728198914449431,
    -0.04590488681241722,
    -0.042427026338346926,
    -0.03842969211145985,
    -0.03536803483126617,
    -0.034256249367715624,
    -0.03551473306911272,
    -0.03897376540628158,
    -0.04397908453580667,
    -0.04953506045307388,
    -0.05444789970841789,
    -0.057471948716368466,
    -0.05748755497368869,
    -0.05372956275086281,
    -0.04604279820569849,
    -0.035087788077225644,
    -0.022389930818107643,
    -0.010144934831889113,
    -0.0007667311294971779,
    0.003732358142617176,
    0.0023490238530915566,
    -0.004528955986678411,
    -0.015129448978591632,
    -0.026732581950765208,
    -0.036425153037950415,
    -0.04193644381215094,
    -0.04227596965139872,
    -0.03795419053099985,
    -0.03071232776323824,
    -0.022863207823066185,
    -0.01648368548965579,
    -0.012746731745532123,
    -0.01161990296791179,
    -0.012012349546743267,
    -0.012283210254493599,
    -0.010896973832392243,
    -0.006973838010648077,
    -0.0005448588454249182,
    0.007548195886381788,
    0.016026793083804634,
    0.023646695868554304,
    0.029575186182481596,
    0.033548187247671384,
    0.035789479996912676,
    0.03677548612878567,
    0.03697993065337705,
    0.03671616719356994,
    0.03612619378306332,
    0.03528245151141286,
    0.034313094061323546,
    0.03345892592548035,
    0.03301830131069997,
    0.03320722090207585,
    0.03401705319793276,
    0.03516179412287132,
    0.03616431733398786,
    0.036557404724991305,
    0.03610816291180946,
    0.03494974405062006,
    0.033538261052245694,
    0.03243279671728144,
    0.03198592702971229,
    0.03208749473828034,
    0.03209546278930898,
    0.031013451699890292,
    0.02786498030007282,
    0.022118075490011588,
    0.013976324585874009,
    0.004394888491982013,
    -0.005211409282026576,
    -0.01347038083379784,
    -0.019571486334876598,
    -0.02358939128131148,
    -0.026470102437902564,
    -0.029669690973186995,
    -0.0345753560942413,
    -0.04192794803941442,
    -0.051466703825651494,
    -0.061930327843851954,
    -0.07141006067543447,
    -0.0779174808752674,
    -0.07995625586542833,
    -0.07690024376540495,
    -0.06907028307694618,
    -0.057526953210882546,
    -0.043702192524271856,
    -0.02903598552386598,
    -0.014752042446326703,
    -0.0018192195405313007,
    0.008952678455846469,
    0.01679674903552458,
    0.0209661606350602
  ],
  "shape_matches": [
    {
      "shape": "Cinderella",
      "correlation": 0.5325
    },
    {
      "shape": "Icarus",
      "correlation": 0.4813
    },
    {
      "shape": "Man in a Hole",
      "correlation": 0.3929
    },
    {
      "shape": "Rags to Riches",
      "correlation": 0.1489
    },
    {
      "shape": "Tragedy",
      "correlation": -0.1489
    },
    {
      "shape": "Oedipus",
      "correlation": -0.5439
    }
  ],
  "best_shape": "Cinderella",
  "best_shape_correlation": 0.5325,
  "peaks": [
    {
      "sample": 53,
      "position": 0.5353535353535354,
      "smoothed": 0.03697993065337705,
      "word_offset": 31234,
      "read_time_min": 124.9,
      "driving_words": [
        {
          "word": "stunning",
          "score": 4.0
        },
        {
          "word": "wonderfully",
          "score": 4.0
        },
        {
          "word": "fantastic",
          "score": 4.0
        },
        {
          "word": "miracle",
          "score": 4.0
        },
        {
          "word": "excitement",
          "score": 3.0
        },
        {
          "word": "amused",
          "score": 3.0
        }
      ]
    },
    {
      "sample": 64,
      "position": 0.6464646464646465,
      "smoothed": 0.036557404724991305,
      "word_offset": 36679,
      "read_time_min": 146.7,
      "driving_words": [
        {
          "word": "wonderfully",
          "score": 4.0
        },
        {
          "word": "fantastic",
          "score": 4.0
        },
        {
          "word": "miracle",
          "score": 4.0
        },
        {
          "word": "wonderful",
          "score": 4.0
        },
        {
          "word": "supreme",
          "score": 4.0
        },
        {
          "word": "triumph",
          "score": 4.0
        }
      ]
    },
    {
      "sample": 71,
      "position": 0.7171717171717171,
      "smoothed": 0.03209546278930898,
      "word_offset": 40144,
      "read_time_min": 160.6,
      "driving_words": [
        {
          "word": "fantastic",
          "score": 4.0
        },
        {
          "word": "miracle",
          "score": 4.0
        },
        {
          "word": "wonderful",
          "score": 4.0
        },
        {
          "word": "supreme",
          "score": 4.0
        },
        {
          "word": "triumph",
          "score": 4.0
        },
        {
          "word": "wonderfully",
          "score": 4.0
        }
      ]
    }
  ],
  "valleys": [
    {
      "sample": 8,
      "position": 0.08080808080808081,
      "smoothed": -0.04728198914449431,
      "word_offset": 8960,
      "read_time_min": 35.8,
      "driving_words": [
        {
          "word": "damned",
          "score": -4.0
        },
        {
          "word": "ass",
          "score": -4.0
        },
        {
          "word": "hell",
          "score": -4.0
        },
        {
          "word": "deadly",
          "score": -3.0
        },
        {
          "word": "violently",
          "score": -3.0
        },
        {
          "word": "awful",
          "score": -3.0
        }
      ]
    },
    {
      "sample": 20,
      "position": 0.20202020202020202,
      "smoothed": -0.05748755497368869,
      "word_offset": 14900,
      "read_time_min": 59.6,
      "driving_words": [
        {
          "word": "damned",
          "score": -4.0
        },
        {
          "word": "hell",
          "score": -4.0
        },
        {
          "word": "ass",
          "score": -4.0
        },
        {
          "word": "torture",
          "score": -4.0
        },
        {
          "word": "destroy",
          "score": -3.0
        },
        {
          "word": "died",
          "score": -3.0
        }
      ]
    },
    {
      "sample": 89,
      "position": 0.898989898989899,
      "smoothed": -0.07995625586542833,
      "word_offset": 49054,
      "read_time_min": 196.2,
      "driving_words": [
        {
          "word": "catastrophic",