{
  "status": "ok",
  "n_words": 77328,
  "window_size": 10000,
  "reliability": "high",
  "raw": [
    0.1348,
    0.1408,
    0.1228,
    0.1108,
    0.1028,
    0.0948,
    0.0888,
    0.0776,
    0.1072,
    0.102,
    0.1128,
    0.1108,
    0.0932,
    0.078,
    0.0672,
    0.0556,
    0.0584,
    0.06,
    0.0512,
    0.0632,
    0.0596,
    0.0564,
    0.0564,
    0.0368,
    0.036,
    0.024,
    0.0112,
    0.008,
    0.01,
    0.0064,
    0.01,
    0.0044,
    0.0108,
    0.0248,
    0.0208,
    0.0288,
    0.0252,
    0.016,
    0.0148,
    0.0212,
    0.0224,
    0.0212,
    0.0248,
    0.0324,
    0.0376,
    0.0348,
    0.0392,
    0.0464,
    0.0448,
    0.0552,
    0.0552,
    0.0476,
    0.0396,
    0.0444,
    0.052,
    0.0464,
    0.0416,
    0.0464,
    0.0516,
    0.0432,
    0.046,
    0.0444,
    0.0328,
    0.0432,
    0.0228,
    0.0288,
    0.05,
    0.0632,
    0.0672,
    0.0724,
    0.0856,
    0.0856,
    0.082,
    0.0848,
    0.0868,
    0.09,
    0.0824,
    0.084,
    0.0884,
    0.1044,
    0.0828,
    0.08,
    0.0736,
    0.0728,
    0.0596,
    0.0684,
    0.0824,
    0.0784,
    0.0916,
    0.0828,
    0.0976,
    0.0828,
    0.0588,
    0.0604,
    0.0572,
    0.0592,
    0.0576,
    0.0636,
    0.0748,
    0.0804
  ],
  "smoothed": [
    0.11827817929894577,
    0.12442428600447261,
    0.12242097611964958,
    0.11432070692845919,
    0.10386800164882329,
    0.09509669320421046,
    0.0908877666870524,
    0.09200921274725558,
    0.09696887024426279,
    0.10270242114066225,
    0.10581012010134673,
    0.10386348940381572,
    0.09629595093595679,
    0.08456568354114988,
    0.07156247302398404,
    0.060511776553669606,
    0.05380284700232688,
    0.05217353886126611,
    0.05452907202903841,
    0.05842311766985325,
    0.06098622762046689,
    0.059939627803592854,
    0.05432977347207491,
    0.0447505327341859,
    0.0330250069562397,
    0.021514456497874253,
    0.012335402955538229,
    0.006763732400501201,
    0.005000401792328337,
    0.006318786238072121,
    0.009474017843837609,
    0.013181403713793957,
    0.01648302795858614,
    0.01890131831791645,
    0.020383117401002012,
    0.021120681943311983,
    0.021365828469259315,
    0.021325961560896577,
    0.021167325519471706,
    0.021086109508063805,
    0.0213730492127378,
    0.022405836684698154,
    0.02454811289490014,
    0.02798985621473563,
    0.032603311836981404,
    0.037892049170104476,
    0.04307637665286213,
    0.0473015369719772,
    0.049900894960050714,
    0.05061818017431044,
    0.04970276694151434,
    0.04783609984266761,
    0.04590835366272354,
    0.04471902584959743,
    0.044703527286263256,
    0.045780529454386064,
    0.047375334226202596,
    0.04861690548512135,
    0.0486494335096007,
    0.0469609594133716,
    0.043622851120332026,
    0.0393571757684683,
    0.035397932057752504,
    0.03317359135211143,
    0.03389561513183095,
    0.03817371737394258,
    0.04578089009946993,
    0.05565505067118038,
    0.0661561374739682,
    0.0755155023987927,
    0.0823442743316597,
    0.08603510356911555,
    0.08691421050193571,
    0.0860772826954469,
    0.08495217807198528,
    0.08473633255115613,
    0.08591622664238402,
    0.08806146563464544,
    0.08999402980369699,
    0.09029187189572575,
    0.08794661747851455,
    0.08291438608069175,
    0.07631600902505477,
    0.07016171103392745,
    0.06665786217074583,
    0.06733171015731557,
    0.07231082611403063,
    0.08006852365884619,
    0.08779278775000586,
    0.09230428353241965,
    0.09122488172438999,
    0.08397193894848025,
    0.07218325257331287,
    0.05936323301797022,
    0.049820611101749464,
    0.047239067420283096,
    0.053379153331078635,
    0.06738647280636367,
    0.08597810523207557,
    0.10446706339912584
  ],
  "shape_matches": [
    {
      "shape": "Oedipus",
      "correlation": 0.5103
    },
    {
      "shape": "Rags to Riches",
      "correlation": 0.0483
    },
    {
      "shape": "Tragedy",
      "correlation": -0.0483
    },
    {
      "shape": "Man in a Hole",
      "correlation": -0.1929
    },
    {
      "shape": "Cinderella",
      "correlation": -0.4891
    },
    {
      "shape": "Icarus",
      "correlation": -0.7106
    }
  ],
  "best_shape": "Oedipus",
  "best_shape_correlation": 0.5103,
  "peaks": [
    {
      "sample": 1,
      "position": 0.010101010101010102,
      "smoothed": 0.12442428600447261,
      "word_offset": 5680,
      "read_time_min": 22.7,
      "driving_words": [
        {
          "word": "funny",
          "score": 4.0
        },
        {
          "word": "fantastic",
          "score": 4.0
        },
        {
          "word": "wonderfully",
          "score": 4.0
        },
        {
          "word": "wonderful",
          "score": 4.0
        },
        {
          "word": "soothing",
          "score": 3.0
        },
        {
          "word": "beautiful",
          "score": 3.0
        }
      ]
    },
    {
      "sample": 10,
      "position": 0.10101010101010101,
      "smoothed": 0.10581012010134673,
      "word_offset": 11801,
      "read_time_min": 47.2,
      "driving_words": [
        {
          "word": "wonderfully",
          "score": 4.0
        },
        {
          "word": "wonderful",
          "score": 4.0
        },
        {
          "word": "good",
          "score": 3.0
        },
        {
          "word": "splendid",
          "score": 3.0
        },
        {
          "word": "magnificent",
          "score": 3.0
        },
        {
          "word": "perfect",
          "score": 3.0
        }
      ]
    },
    {
      "sample": 89,
      "position": 0.898989898989899,
      "smoothed": 0.09230428353241965,
      "word_offset": 65527,
      "read_time_min": 262.1,
      "driving_words": [
        {
          "word": "funny",
          "score": 4.0
        },
        {
          "word": "terrific",
          "score": 4.0
        },
        {
          "word": "win",
          "score": 4.0
        },
        {
          "word": "fun",
          "score": 4.0
        },
        {
          "word": "wonderful",
          "score": 4.0
        },
        {
          "word": "good",
          "score": 3.0
        }
      ]
    }
  ],
  "valleys": [
    {
      "sample": 28,
      "position": 0.2828282828282828,
      "smoothed": 0.005000401792328337,
      "word_offset": 24042,
      "read_time_min": 96.2,
      "driving_words": [
        {
          "word": "damned",
          "score": -4.0
        },
        {
          "word": "ass",
          "score": -4.0
        },
        {
          "word": "awful",
          "score": -3.0
        },
        {
          "word": "dead",
          "score": -3.0
        },
        {
          "word": "horrible",
          "score": -3.0
        },
        {
          "word": "hysterics",
          "score": -3.0
        }
      ]
    },
    {
      "sample": 39,
      "position": 0.3939393939393939,
      "smoothed": 0.021086109508063805,
      "word_offset": 31523,
      "read_time_min": 126.1,
      "driving_words": [
        {
          "word": "worst",
          "score": -3.0
        },
        {
          "word": "dead",
          "score": -3.0
        },
        {
          "word": "crime",
          "score": -3.0
        },
        {
          "word": "arrested",
          "score": -3.0
        },
        {
          "word": "harassed",
          "score": -3.0
        },
        {
          "word": "crimes",
          "score": -3.0
        }
      ]
    },
    {
      "sample": 63,
      "position": 0.6363636363636364,
      "smoothed": 0.03317359135211143,
      "word_offset": 47845,
      "read_time_min": 191.4,
      "driving_words": [
        {
          "word": "damned",
          "score": -4.0
        },
        {
          "word": "ass",
          "score": -4.0
        },
        {
          "word": "criminals",
          "score": -3.0
        },
        {
          "word": "betrayed",