{
  "status": "ok",
  "n_words": 103508,
  "window_size": 10000,
  "reliability": "high",
  "raw": [
    0.0048,
    -0.0112,
    -0.028,
    -0.0228,
    -0.018,
    -0.0192,
    -0.0132,
    0.0032,
    0.0104,
    0.026,
    0.0236,
    0.0212,
    0.0368,
    0.062,
    0.0888,
    0.0856,
    0.0936,
    0.0992,
    0.1072,
    0.1008,
    0.0696,
    0.0796,
    0.084,
    0.0504,
    0.0436,
    0.0228,
    0.0132,
    0.0012,
    -0.0092,
    -0.0268,
    -0.0296,
    -0.0188,
    -0.016,
    0.0024,
    0.0168,
    0.0124,
    0.0212,
    0.034,
    0.0572,
    0.0768,
    0.1004,
    0.116,
    0.1492,
    0.1508,
    0.142,
    0.1408,
    0.1304,
    0.1028,
    0.1156,
    0.1048,
    0.0888,
    0.0872,
    0.0756,
    0.0376,
    0.0504,
    0.0316,
    0.0348,
    0.0416,
    0.0288,
    0.0172,
    0.0084,
    0.0004,
    -0.0052,
    0.0112,
    0.034,
    0.0236,
    0.0304,
    0.0264,
    0.0316,
    0.0652,
    0.066,
    0.05,
    0.032,
    0.0372,
    0.016,
    0.0228,
    0.0344,
    0.044,
    0.048,
    0.0288,
    0.0304,
    0.0244,
    0.0456,
    0.0476,
    0.044,
    0.0508,
    0.0488,
    0.0228,
    0.0248,
    0.044,
    0.0672,
    0.0704,
    0.0732,
    0.0592,
    0.0592,
    0.0592,
    0.0448,
    0.0676,
    0.0864,
    0.0792
  ],
  "smoothed": [
    0.02143033433925707,
    0.0014022926666629031,
    -0.014332556090598523,
    -0.023207569172661154,
    -0.024589072750758004,
    -0.01973340369987719,
    -0.011074686224541583,
    -0.0011683293201946389,
    0.008263182546975391,
    0.016805832831357847,
    0.025199305242700375,
    0.034676803180006745,
    0.04613139301705392,
    0.05949220770055458,
    0.0735753289768427,
    0.08644694474258569,
    0.09610702356500087,
    0.10117273678168882,
    0.10126462578522244,
    0.0969557058863072,
    0.0893548233321305,
    0.07955979692132395,
    0.06825841591821594,
    0.05566151877766318,
    0.04177258923641609,
    0.026822665526595936,
    0.011613942162818407,
    -0.0024387163798842183,
    -0.013625207992030054,
    -0.020487271833585622,
    -0.022339480989538574,
    -0.019505555544912657,
    -0.01313690304736935,
    -0.004676861146310943,
    0.004791159970744003,
    0.015005438870062775,
    0.026566548523877236,
    0.04051376985064588,
    0.05761106760320675,
    0.07766210343460415,
    0.09917887586671321,
    0.11958649804681465,
    0.13591775776164797,
    0.14573619813288433,
    0.14792127576864297,
    0.1430011401204852,
    0.13290532146570092,
    0.12024895970250522,
    0.10744737624390531,
    0.09601453995627272,
    0.08630124653674788,
    0.07772675833757658,
    0.06934453514941456,
    0.0604537473305345,
    0.05097727154912135,
    0.041462573310616084,
    0.032754865318305425,
    0.02554836967985835,
    0.020067786724861165,
    0.01604929300945369,
    0.013022664049286505,
    0.010728792713427584,
    0.009425105443144349,
    0.009878653225823713,
    0.013003037564516373,
    0.01928598001537318,
    0.02828462208581999,
    0.038466537951527296,
    0.0475368615998294,
    0.05317334902341683,
    0.05389086651550477,
    0.04967040839359926,
    0.04206231646459299,
    0.03368344859966388,
    0.02728486683458247,
    0.02475680200843512,
    0.02647423948072736,
    0.031249133057330646,
    0.036901030367105,
    0.04119696820672784,
    0.04275848587510908,
    0.04155612312145451,
    0.038799611718877074,
    0.03630112475555301,
    0.035618985393353765,
    0.03737742083684216,
    0.04106567640850195,
    0.04539026482111267,
    0.04899294626148805,
    0.051174484247862306,
    0.05226046377128661,
    0.05341368602924744,
    0.05596198084497253,
    0.06054959097614729,
    0.06652297878243671,
    0.07187685372968247,
    0.07384684334858935,
    0.06994561667545787,
    0.05902827167958722,
    0.041936573911683574
  ],
  "shape_matches": [
    {
      "shape": "Cinderella",
      "correlation": 0.2787
    },
    {
      "shape": "Icarus",
      "correlation": 0.2259
    },
    {
      "shape": "Man in a Hole",
      "correlation": 0.1946
    },
    {
      "shape": "Rags to Riches",
      "correlation": 0.1481
    },
    {
      "shape": "Tragedy",
      "correlation": -0.1481
    },
    {
      "shape": "Oedipus",
      "correlation": -0.2806
    }
  ],
  "best_shape": "Cinderella",
  "best_shape_correlation": 0.2787,
  "peaks": [
    {
      "sample": 18,
      "position": 0.18181818181818182,
      "smoothed": 0.10126462578522244,
      "word_offset": 22001,
      "read_time_min": 88.0,
      "driving_words": [
        {
          "word": "wonderful",
          "score": 4.0
        },
        {
          "word": "funny",
          "score": 4.0
        },
        {
          "word": "good",
          "score": 3.0
        },
        {
          "word": "loves",
          "score": 3.0
        },
        {
          "word": "affection",
          "score": 3.0
        },
        {
          "word": "happy",
          "score": 3.0
        }
      ]
    },
    {
      "sample": 44,
      "position": 0.4444444444444444,
      "smoothed": 0.14792127576864297,
      "word_offset": 46559,
      "read_time_min": 186.2,
      "driving_words": [
        {
          "word": "fun",
          "score": 4.0
        },
        {
          "word": "win",
          "score": 4.0
        },
        {
          "word": "amazing",
          "score": 4.0
        },
        {
          "word": "godsend",
          "score": 4.0
        },
        {
          "word": "good",
          "score": 3.0
        },
        {
          "word": "best",
          "score": 3.0
        }
      ]
    },
    {
      "sample": 96,
      "position": 0.9696969696969697,
      "smoothed": 0.07384684334858935,
      "word_offset": 95674,
      "read_time_min": 382.7,
      "driving_words": [
        {
          "word": "amazing",
          "score": 4.0
        },
        {
          "word": "win",
          "score": 4.0
        },
        {
          "word": "triumph",
          "score": 4.0
        },
        {
          "word": "wonderful",
          "score": 4.0
        },
        {
          "word": "great",
          "score": 3.0
        },
        {
          "word": "loyal",
          "score": 3.0
        }
      ]
    }
  ],
  "valleys": [
    {
      "sample": 4,
      "position": 0.04040404040404041,
      "smoothed": -0.024589072750758004,
      "word_offset": 8778,
      "read_time_min": 35.1,
      "driving_words": [
        {
          "word": "hell",
          "score": -4.0
        },
        {
          "word": "died",
          "score": -3.0
        },
        {
          "word": "losing",
          "score": -3.0
        },
        {
          "word": "dying",
          "score": -3.0
        },
        {
          "word": "damage",
          "score": -3.0
        },
        {
          "word": "selfish",
          "score": -3.0
        }
      ]
    },
    {
      "sample": 30,
      "position": 0.30303030303030304,
      "smoothed": -0.022339480989538574,
      "word_offset": 33336,
      "read_time_min": 133.3,
      "driving_words": [
        {
          "word": "hell",
          "score": -4.0
        },
        {
          "word": "ass",
          "score": -4.0
        },
        {
          "word": "die",
          "score": -3.0
        },
        {
          "word": "dead",
          "score": -3.0
        },
        {
          "word": "anger",
          "score": -3.0
        },
        {
          "word": "bad",
          "score": -3.0
        }
      ]
    },
    {
      "sample": 62,
      "position": 0.6262626262626263,
      "smoothed": 0.009425105443144349,
      "word_offset": 63561,
      "read_time_min": 254.2,
      "driving_words": [
        {
          "word": "hell",
          "score": -4.0
        },
        {
          "word": "worry",
          "score": -3.0
        },
        {
          "word": "selfish",
          "score": -3.0
        },
        {
          "word": "angry",