{
  "status": "ok",
  "n_words": 190945,
  "window_size": 10000,
  "reliability": "high",
  "raw": [
    0.2168,
    0.1788,
    0.2004,
    0.2248,
    0.2676,
    0.2304,
    0.242,
    0.2704,
    0.1468,
    0.1504,
    0.0852,
    0.0272,
    0.0536,
    0.0456,
    0.04,
    -0.0072,
    0.0608,
    0.1004,
    0.1012,
    0.1164,
    0.2068,
    0.2484,
    0.244,
    0.21,
    0.2752,
    0.2832,
    0.1864,
    0.1924,
    0.1884,
    0.1636,
    0.0856,
    0.0332,
    0.0688,
    0.0712,
    0.0844,
    0.1036,
    0.1096,
    0.0876,
    0.0788,
    0.0204,
    0.0084,
    0.0584,
    0.1072,
    0.1148,
    0.0648,
    0.0244,
    0.018,
    -0.0396,
    -0.0624,
    -0.0508,
    0.0056,
    0.0444,
    0.0172,
    0.004,
    0.0016,
    0.0124,
    0.01,
    0.0524,
    0.1168,
    0.0984,
    0.0912,
    0.0924,
    0.0452,
    0.0032,
    0.0048,
    -0.0088,
    0.0176,
    0.0548,
    0.0864,
    0.0616,
    0.0968,
    0.0664,
    0.0296,
    0.0656,
    0.0428,
    0.0236,
    0.0444,
    0.042,
    0.0272,
    0.0352,
    0.0556,
    0.0916,
    0.1004,
    0.1064,
    0.1072,
    0.0964,
    0.0788,
    0.0672,
    0.056,
    0.0092,
    0.0148,
    -0.0124,
    -0.02,
    -0.0104,
    0.0252,
    0.0432,
    0.0412,
    0.0552,
    0.0576,
    0.0608
  ],
  "smoothed": [
    0.1388948255868653,
    0.170370989633398,
    0.20389363094530402,
    0.23481466485939664,
    0.25678112190800517,
    0.2637285765502114,
    0.252116945170808,
    0.2224991633850324,
    0.17974216725922035,
    0.131752422338592,
    0.08716934228470116,
    0.05291343696454019,
    0.032524425785026664,
    0.025874145638897866,
    0.030242866752335715,
    0.04216870502861316,
    0.05917440455587673,
    0.08057811300411133,
    0.1070560562974494,
    0.13923431248735282,
    0.1760654939784557,
    0.2138732312030075,
    0.2466603078517527,
    0.26770038233576426,
    0.2718265479027573,
    0.2574681467491672,
    0.22753933923625397,
    0.188734552276809,
    0.14944422810442834,
    0.11708287169577354,
    0.09586732637190444,
    0.08588926051802213,
    0.08377775467965476,
    0.08458566938433508,
    0.08404448722118012,
    0.08022400445978649,
    0.07394266272405937,
    0.06785441602186378,
    0.06472602098781716,
    0.06575483662737144,
    0.06972056690131342,
    0.07335281936614922,
    0.07272578921352044,
    0.0650239815228171,
    0.049867295097893526,
    0.029601886525505473,
    0.008445325015768139,
    -0.009106825935485778,
    -0.019889344028206104,
    -0.022992504069529032,
    -0.019652253610732653,
    -0.01225071348865411,
    -0.0029830606205597833,
    0.007121509838534501,
    0.018342936030610543,
    0.03153664008270952,
    0.04694341591441743,
    0.06321941772259697,
    0.07728456214320577,
    0.08520371318846977,
    0.08380108760836757,
    0.07230689575060266,
    0.053243282487726605,
    0.032032755562415,
    0.015346400622449328,
    0.008769253542972082,
    0.01469540521834475,
    0.031319168722365176,
    0.053170314548310595,
    0.07302407046003606,
    0.08446173027769197,
    0.08410038815983642,
    0.07265653321712363,
    0.05449005574039706,
    0.03588295623789137,
    0.022783343530157527,
    0.018898069987486873,
    0.024801045032029807,
    0.038254022295131536,
    0.05543071257116356,
    0.07241347956744203,
    0.08631844014159341,
    0.09567663661867201,
    0.1001050372001402,
    0.09963893269461975,
    0.09421026452473985,
    0.08360599981087535,
    0.06791990395097809,
    0.04819462491900646,
    0.026806919636267575,
    0.007254889135540097,
    -0.006688802765092264,
    -0.012144435796723113,
    -0.008088837869451018,
    0.004364412745858815,
    0.022552690904583405,
    0.043492486882703726,
    0.06519018143820383,
    0.08739798326039125,
    0.11140468785089774
  ],
  "shape_matches": [
    {
      "shape": "Oedipus",
      "correlation": 0.6229
    },
    {
      "shape": "Tragedy",
      "correlation": 0.5637
    },
    {
      "shape": "Icarus",
      "correlation": -0.3189
    },
    {
      "shape": "Rags to Riches",
      "correlation": -0.5637
    },
    {
      "shape": "Cinderella",
      "correlation": -0.6317
    },
    {
      "shape": "Man in a Hole",
      "correlation": -0.6478
    }
  ],
  "best_shape": "Oedipus",
  "best_shape_correlation": 0.6229,
  "peaks": [
    {
      "sample": 5,
      "position": 0.050505050505050504,
      "smoothed": 0.2637285765502114,
      "word_offset": 14139,
      "read_time_min": 56.6,
      "driving_words": [
        {
          "word": "rejoiced",
          "score": 4.0
        },
        {
          "word": "rejoicing",
          "score": 4.0
        },
        {
          "word": "win",
          "score": 4.0
        },
        {
          "word": "rejoice",
          "score": 4.0
        },
        {
          "word": "winning",
          "score": 4.0
        },
        {
          "word": "victory",
          "score": 3.0
        }
      ]
    },
    {
      "sample": 24,
      "position": 0.24242424242424243,
      "smoothed": 0.2718265479027573,
      "word_offset": 48865,
      "read_time_min": 195.5,
      "driving_words": [
        {
          "word": "rejoice",
          "score": 4.0
        },
        {
          "word": "rejoicing",
          "score": 4.0
        },
        {
          "word": "rejoiced",
          "score": 4.0
        },
        {
          "word": "win",
          "score": 4.0
        },
        {
          "word": "loved",
          "score": 3.0
        },
        {
          "word": "pleased",
          "score": 3.0
        }
      ]
    },
    {
      "sample": 83,
      "position": 0.8383838383838383,
      "smoothed": 0.1001050372001402,
      "word_offset": 156701,
      "read_time_min": 626.8,
      "driving_words": [
        {
          "word": "win",
          "score": 4.0
        },
        {
          "word": "overjoyed",
          "score": 4.0
        },
        {
          "word": "rejoice",
          "score": 4.0
        },
        {
          "word": "greatest",
          "score": 3.0
        },
        {
          "word": "pleased",
          "score": 3.0
        },
        {
          "word": "great",
          "score": 3.0
        }
      ]
    }
  ],
  "valleys": [
    {
      "sample": 49,
      "position": 0.494949494949495,
      "smoothed": -0.022992504069529032,
      "word_offset": 94559,
      "read_time_min": 378.2,
      "driving_words": [
        {
          "word": "torture",
          "score": -4.0
        },
        {
          "word": "hell",
          "score": -4.0
        },
        {
          "word": "fraud",
          "score": -4.0
        },
        {
          "word": "bad",
          "score": -3.0
        },
        {
          "word": "lost",
          "score": -3.0
        },
        {
          "word": "worse",
          "score": -3.0
        }
      ]
    },
    {
      "sample": 65,
      "position": 0.6565656565656566,
      "smoothed": 0.008769253542972082,
      "word_offset": 123802,
      "read_time_min": 495.2,
      "driving_words": [
        {
          "word": "loss",
          "score": -3.0
        },
        {
          "word": "lost",
          "score": -3.0
        },
        {
          "word": "bad",
          "score": -3.0
        },
        {
          "word": "killed",
          "score": -3.0
        },
        {
          "word": "dead",
          "score": -3.0
        },
        {
          "word": "kill",
          "score": -3.0
        }
      ]
    },
    {
      "sample": 92,
      "position": 0.9292929292929293,
      "smoothed": -0.012144435796723113,
      "word_offset": 173151,
      "read_time_min": 692.6,
      "driving_words": [
        {
          "word": "shrew",
          "score": -4.0
        },
        {
          "word": "hates",
          "score": -3.0
        },
        {
          "word": "worst",
          "score": -3.0
        },
        {
          "word": "violently",