{
  "status": "ok",
  "n_words": 102697,
  "window_size": 10000,
  "reliability": "high",
  "raw": [
    0.044,
    0.0524,
    0.0432,
    0.0296,
    0.0348,
    0.0376,
    0.0496,
    0.058,
    0.0628,
    0.0632,
    0.0392,
    0.0288,
    0.0028,
    -0.0136,
    -0.0092,
    -0.0068,
    -0.0232,
    -0.0304,
    -0.026,
    -0.022,
    -0.0196,
    -0.0044,
    0.006,
    0.0164,
    0.026,
    0.0244,
    0.024,
    0.0464,
    0.0512,
    0.06,
    0.0664,
    0.0804,
    0.0588,
    0.0444,
    0.0492,
    0.0516,
    0.0448,
    0.0496,
    0.0336,
    0.0284,
    0.032,
    0.0428,
    0.0276,
    0.0448,
    0.056,
    0.0572,
    0.0436,
    0.0588,
    0.0524,
    0.0648,
    0.066,
    0.0632,
    0.0648,
    0.086,
    0.0908,
    0.0824,
    0.1044,
    0.1076,
    0.1036,
    0.118,
    0.112,
    0.1168,
    0.1444,
    0.1468,
    0.1448,
    0.1448,
    0.1252,
    0.1164,
    0.1128,
    0.1144,
    0.104,
    0.1136,
    0.1052,
    0.0964,
    0.0828,
    0.0944,
    0.0896,
    0.0904,
    0.072,
    0.0668,
    0.0624,
    0.066,
    0.0492,
    0.0268,
    0.0144,
    0.0148,
    0.0036,
    -0.0032,
    -0.0044,
    -0.0044,
    0.008,
    0.0032,
    0.0172,
    0.0296,
    0.0584,
    0.0424,
    0.0436,
    0.0424,
    0.0464,
    0.07
  ],
  "smoothed": [
    0.04876640884192007,
    0.04379605342718489,
    0.03947902689792515,
    0.03747474361343065,
    0.03877814238132702,
    0.0432210992164948,
    0.04934390144851369,
    0.054738802154712184,
    0.056782682738068226,
    0.05351205672446484,
    0.0443221773051178,
    0.030226784075356176,
    0.013577018857503119,
    -0.0026574891038214556,
    -0.015778655231891602,
    -0.024097720027916072,
    -0.02726905881195802,
    -0.026135892629656148,
    -0.022195914174153168,
    -0.016932241958348332,
    -0.01128442303927522,
    -0.00544979378989043,
    0.0009500241318908476,
    0.00845897195195482,
    0.01734474923150594,
    0.027328335746738402,
    0.037591133953136416,
    0.04703145406022604,
    0.05463287448491628,
    0.05977064541080453,
    0.06232962454520164,
    0.06260951622643691,
    0.06109758522967554,
    0.05824470292381204,
    0.05436295150423599,
    0.04968462648964999,
    0.04452585965027616,
    0.03943413829657584,
    0.03520163688928332,
    0.03269552485362414,
    0.03255811645292311,
    0.034912068158099496,
    0.03922475247172605,
    0.04442727809787348,
    0.049271171901629225,
    0.0527910684483105,
    0.05468032665829112,
    0.05541109020217329,
    0.05603442054813741,
    0.057735450027349144,
    0.06133029297356279,
    0.06692320196558958,
    0.0738766294995721,
    0.08111014044926527,
    0.08759647626593721,
    0.09283116967435434,
    0.09705904692223566,
    0.10114606662596078,
    0.10614313560787608,
    0.11272980978327209,
    0.1207863681233129,
    0.12929392505988258,
    0.136623751620748,
    0.14110873999789383,
    0.14166573557296694,
    0.13821211524957555,
    0.13170496763552925,
    0.12378945095630593,
    0.11620525526575003,
    0.11019617421334374,
    0.10615708973266945,
    0.10364221909753113,
    0.10169910629161934,
    0.09935593992793215,
    0.09603509089567121,
    0.09171486207434,
    0.08678876596487194,
    0.08171691481381135,
    0.07666027551030952,
    0.07129239888215913,
    0.0648947231327569,
    0.056703133321662026,
    0.046350044401042484,
    0.03419513157450999,
    0.021382348806011687,
    0.009580192503353166,
    0.0005012578423357583,
    -0.004607480726501607,
    -0.005303164122310844,
    -0.001993428272946434,
    0.004300349156458494,
    0.01233462641324515,
    0.021007571294893997,
    0.0295464377019014,
    0.03747208184120974,
    0.044413523400449836,
    0.04992206478166725,
    0.05342994554979393,
    0.05441420011737107,
    0.05270351716767734
  ],
  "shape_matches": [
    {
      "shape": "Cinderella",
      "correlation": 0.5809
    },
    {
      "shape": "Man in a Hole",
      "correlation": 0.5255
    },
    {
      "shape": "Icarus",
      "correlation": 0.4594
    },
    {
      "shape": "Rags to Riches",
      "correlation": 0.2986
    },
    {
      "shape": "Tragedy",
      "correlation": -0.2986
    },
    {
      "shape": "Oedipus",
      "correlation": -0.5854
    }
  ],
  "best_shape": "Cinderella",
  "best_shape_correlation": 0.5809,
  "peaks": [
    {
      "sample": 8,
      "position": 0.08080808080808081,
      "smoothed": 0.056782682738068226,
      "word_offset": 12491,
      "read_time_min": 50.0,
      "driving_words": [
        {
          "word": "rejoiced",
          "score": 4.0
        },
        {
          "word": "fun",
          "score": 4.0
        },
        {
          "word": "triumph",
          "score": 4.0
        },
        {
          "word": "lucky",
          "score": 3.0
        },
        {
          "word": "great",
          "score": 3.0
        },
        {
          "word": "blessing",
          "score": 3.0
        }
      ]
    },
    {
      "sample": 31,
      "position": 0.31313131313131315,
      "smoothed": 0.06260951622643691,
      "word_offset": 34026,
      "read_time_min": 136.1,
      "driving_words": [
        {
          "word": "rejoice",
          "score": 4.0
        },
        {
          "word": "rejoicing",
          "score": 4.0
        },
        {
          "word": "wow",
          "score": 4.0
        },
        {
          "word": "good",
          "score": 3.0
        },
        {
          "word": "mirthful",
          "score": 3.0
        },
        {
          "word": "mirth",
          "score": 3.0
        }
      ]
    },
    {
      "sample": 64,
      "position": 0.6464646464646465,
      "smoothed": 0.14166573557296694,
      "word_offset": 64925,
      "read_time_min": 259.7,
      "driving_words": [
        {
          "word": "wonderful",
          "score": 4.0
        },
        {
          "word": "pleased",
          "score": 3.0
        },
        {
          "word": "good",
          "score": 3.0
        },
        {
          "word": "best",
          "score": 3.0
        },
        {
          "word": "merry",
          "score": 3.0
        },
        {
          "word": "beautiful",
          "score": 3.0
        }
      ]
    }
  ],
  "valleys": [
    {
      "sample": 16,
      "position": 0.16161616161616163,
      "smoothed": -0.02726905881195802,
      "word_offset": 19981,
      "read_time_min": 79.9,
      "driving_words": [
        {
          "word": "ass",
          "score": -4.0
        },
        {
          "word": "damned",
          "score": -4.0
        },
        {
          "word": "torture",
          "score": -4.0
        },
        {
          "word": "dying",
          "score": -3.0
        },
        {
          "word": "criminal",
          "score": -3.0
        },
        {
          "word": "worst",
          "score": -3.0
        }
      ]
    },
    {
      "sample": 40,
      "position": 0.40404040404040403,
      "smoothed": 0.03255811645292311,
      "word_offset": 42453,
      "read_time_min": 169.8,
      "driving_words": [
        {
          "word": "damned",
          "score": -4.0
        },
        {
          "word": "stupidity",
          "score": -3.0
        },
        {
          "word": "terrible",
          "score": -3.0
        },
        {
          "word": "deadly",
          "score": -3.0
        },
        {
          "word": "liars",
          "score": -3.0
        },
        {
          "word": "die",
          "score": -3.0
        }
      ]
    },
    {
      "sample": 88,
      "position": 0.8888888888888888,
      "smoothed": -0.005303164122310844,
      "word_offset": 87397,
      "read_time_min": 349.6,
      "driving_words": [
        {
          "word": "lost",
          "score": -3.0
        },
        {
          "word": "disgusted",
          "score": -3.0
        },
        {
          "word": "destruction",