{
  "status": "ok",
  "n_words": 96960,
  "window_size": 10000,
  "reliability": "high",
  "raw": [
    0.0476,
    0.0528,
    0.0476,
    0.0592,
    0.0424,
    0.0404,
    0.0456,
    0.038,
    0.0496,
    0.0344,
    0.0236,
    0.03,
    0.0276,
    0.0256,
    0.0272,
    0.0396,
    0.0424,
    0.054,
    0.0628,
    0.0676,
    0.0624,
    0.07,
    0.0528,
    0.046,
    0.0408,
    0.0104,
    -0.0424,
    -0.0684,
    -0.0924,
    -0.1068,
    -0.116,
    -0.1312,
    -0.1128,
    -0.1232,
    -0.1312,
    -0.1424,
    -0.1344,
    -0.1172,
    -0.0828,
    -0.0768,
    -0.0932,
    -0.0988,
    -0.0684,
    -0.078,
    -0.0816,
    -0.0848,
    -0.074,
    -0.0524,
    -0.046,
    -0.0468,
    -0.044,
    -0.0176,
    0.0016,
    0.002,
    -0.0216,
    -0.052,
    -0.0348,
    -0.0324,
    -0.048,
    -0.07,
    -0.0808,
    -0.0976,
    -0.126,
    -0.1368,
    -0.1636,
    -0.1604,
    -0.14,
    -0.106,
    -0.0704,
    -0.0584,
    -0.0128,
    0.0272,
    0.054,
    0.0816,
    0.0952,
    0.128,
    0.1464,
    0.1656,
    0.1764,
    0.1568,
    0.1508,
    0.1328,
    0.092,
    0.082,
    0.064,
    0.0456,
    0.02,
    -0.01,
    -0.032,
    -0.066,
    -0.0832,
    -0.0928,
    -0.0952,
    -0.0948,
    -0.106,
    -0.0808,
    -0.0776,
    -0.0488,
    -0.0216,
    -0.0008
  ],
  "smoothed": [
    0.02790136280573742,
    0.04250092796075051,
    0.0514135603551698,
    0.05500837105418025,
    0.05421345973502681,
    0.050325371085807494,
    0.04480563591344077,
    0.03905624652700096,
    0.034191144753490145,
    0.0308577835772603,
    0.029180284449398713,
    0.028870929421702347,
    0.02949109889129903,
    0.03076446023496369,
    0.03279657071745724,
    0.03607049132557021,
    0.04117356347379727,
    0.04833617361566263,
    0.05697341437543073,
    0.06545845018056826,
    0.07129272293577192,
    0.07168836336741277,
    0.06440023218996313,
    0.048516257030561415,
    0.02489768200877296,
    -0.003926886232579916,
    -0.03440697076845835,
    -0.06293682136602716,
    -0.08679414234714639,
    -0.10471169530567088,
    -0.11689258612066601,
    -0.12450917774155269,
    -0.12893619012806748,
    -0.1310690581820179,
    -0.1310243623246271,
    -0.12833349791826376,
    -0.12250618401925499,
    -0.11366273885907871,
    -0.10289523684098466,
    -0.09213826936047997,
    -0.08355847677106282,
    -0.07870619090428434,
    -0.07780477588003744,
    -0.07951899725986214,
    -0.08135185687724474,
    -0.08055016424279372,
    -0.07517035171500552,
    -0.06487091192994449,
    -0.05109861760563417,
    -0.03658336254575387,
    -0.024346200473789784,
    -0.016631341893516238,
    -0.014204226970028764,
    -0.01629826185399939,
    -0.021209803962273226,
    -0.027256950820682295,
    -0.03365701363199666,
    -0.04091199916673567,
    -0.05050807939528096,
    -0.06404113960800349,
    -0.0821432709830433,
    -0.10368928806993041,
    -0.12566059943834193,
    -0.14377736823468132,
    -0.15369133052203512,
    -0.1522960416746202,
    -0.13865835868662682,
    -0.11422621764905957,
    -0.08225807178860693,
    -0.04672558581014512,
    -0.011135585552074102,
    0.02227797567890372,
    0.05272186047027796,
    0.08038431537199875,
    0.10562421823281926,
    0.12821490790255047,
    0.14699798469250008,
    0.16009909083188134,
    0.16559636753022472,
    0.16232893875610216,
    0.15047417905481245,
    0.13162957253142865,
    0.10835578622786539,
    0.08337251334713545,
    0.0587451715397988,
    0.03539784839018521,
    0.013141669732360648,
    -0.008814746745175637,
    -0.031107595918509066,
    -0.05354401558907843,
    -0.07479829805334091,
    -0.09260414009276163,
    -0.10436564754975351,
    -0.10794944510377351,
    -0.10236456134514282,
    -0.08809920910691917,
    -0.06702760524890593,
    -0.04195917342687604,
    -0.01601196916748621,
    0.007983708502650955
  ],
  "shape_matches": [
    {
      "shape": "Oedipus",
      "correlation": 0.4137
    },
    {
      "shape": "Tragedy",
      "correlation": 0.0818
    },
    {
      "shape": "Rags to Riches",
      "correlation": -0.0818
    },
    {
      "shape": "Man in a Hole",
      "correlation": -0.2056
    },
    {
      "shape": "Icarus",
      "correlation": -0.3799
    },
    {
      "shape": "Cinderella",
      "correlation": -0.4033
    }
  ],
  "best_shape": "Oedipus",
  "best_shape_correlation": 0.4137,
  "peaks": [
    {
      "sample": 3,
      "position": 0.030303030303030304,
      "smoothed": 0.05500837105418025,
      "word_offset": 7635,
      "read_time_min": 30.5,
      "driving_words": [
        {
          "word": "wins",
          "score": 4.0
        },
        {
          "word": "wonderful",
          "score": 4.0
        },
        {
          "word": "brilliant",
          "score": 4.0
        },
        {
          "word": "good",
          "score": 3.0
        },
        {
          "word": "great",
          "score": 3.0
        },
        {
          "word": "perfectly",
          "score": 3.0
        }
      ]
    },
    {
      "sample": 21,
      "position": 0.21212121212121213,
      "smoothed": 0.07168836336741277,
      "word_offset": 23446,
      "read_time_min": 93.8,
      "driving_words": [
        {
          "word": "wonderfully",
          "score": 4.0
        },
        {
          "word": "heavenly",
          "score": 4.0
        },
        {
          "word": "miracle",
          "score": 4.0
        },
        {
          "word": "magnificent",
          "score": 3.0
        },
        {
          "word": "great",
          "score": 3.0
        },
        {
          "word": "amusement",
          "score": 3.0
        }
      ]
    },
    {
      "sample": 78,
      "position": 0.7878787878787878,
      "smoothed": 0.16559636753022472,
      "word_offset": 73514,
      "read_time_min": 294.1,
      "driving_words": [
        {
          "word": "supreme",
          "score": 4.0
        },
        {
          "word": "triumphant",
          "score": 4.0
        },
        {
          "word": "wonderful",
          "score": 4.0
        },
        {
          "word": "rejoice",
          "score": 4.0
        },
        {
          "word": "miracle",
          "score": 4.0
        },
        {
          "word": "fantastic",
          "score": 4.0
        }
      ]
    }
  ],
  "valleys": [
    {
      "sample": 33,
      "position": 0.3333333333333333,
      "smoothed": -0.1310690581820179,
      "word_offset": 33987,
      "read_time_min": 135.9,
      "driving_words": [
        {
          "word": "tortured",
          "score": -4.0
        },
        {
          "word": "hell",
          "score": -4.0
        },
        {
          "word": "damned",
          "score": -4.0
        },
        {
          "word": "torture",
          "score": -4.0
        },
        {
          "word": "dead",
          "score": -3.0
        },
        {
          "word": "madness",
          "score": -3.0
        }
      ]
    },
    {
      "sample": 64,
      "position": 0.6464646464646465,
      "smoothed": -0.15369133052203512,
      "word_offset": 61217,
      "read_time_min": 244.9,
      "driving_words": [
        {
          "word": "torture",
          "score": -4.0
        },
        {
          "word": "hell",
          "score": -4.0
        },
        {
          "word": "damned",
          "score": -4.0
        },
        {
          "word": "terrible",
          "score": -3.0
        },
        {
          "word": "deadly",
          "score": -3.0
        },
        {
          "word": "mad",
          "score": -3.0
        }
      ]
    },
    {
      "sample": 93,
      "position": 0.9393939393939394,
      "smoothed": -0.10794944510377351,
      "word_offset": 86690,
      "read_time_min": 346.8,
      "driving_words": [
        {
          "word": "damned",
          "score": -4.0
        },
        {
          "word": "hell",