{
  "status": "ok",
  "n_words": 42716,
  "window_size": 10000,
  "reliability": "high",
  "raw": [
    0.23,
    0.2148,
    0.2064,
    0.1948,
    0.1864,
    0.1888,
    0.1812,
    0.1872,
    0.1844,
    0.1888,
    0.1844,
    0.1732,
    0.1964,
    0.1864,
    0.172,
    0.1648,
    0.1488,
    0.1528,
    0.1344,
    0.1336,
    0.1296,
    0.1232,
    0.1204,
    0.1232,
    0.1168,
    0.1068,
    0.0932,
    0.106,
    0.0968,
    0.0988,
    0.1184,
    0.1224,
    0.1244,
    0.1272,
    0.1292,
    0.144,
    0.1468,
    0.1504,
    0.1472,
    0.1348,
    0.1176,
    0.1236,
    0.1052,
    0.1108,
    0.124,
    0.1324,
    0.1484,
    0.1484,
    0.146,
    0.1416,
    0.1452,
    0.1688,
    0.1624,
    0.1668,
    0.1708,
    0.1764,
    0.186,
    0.1788,
    0.1744,
    0.1684,
    0.1544,
    0.146,
    0.138,
    0.1344,
    0.1356,
    0.1184,
    0.1132,
    0.0992,
    0.0884,
    0.0852,
    0.078,
    0.0708,
    0.0776,
    0.0804,
    0.078,
    0.072,
    0.0716,
    0.0648,
    0.0608,
    0.0636,
    0.0632,
    0.0488,
    0.05,
    0.0464,
    0.0424,
    0.0232,
    0.0284,
    0.0052,
    0.0064,
    -0.01,
    -0.0128,
    -0.0088,
    -0.006,
    -0.0084,
    -0.008,
    -0.0108,
    -0.0072,
    -0.0008,
    0.0148,
    0.0096
  ],
  "smoothed": [
    0.13954641857824174,
    0.180351895560326,
    0.2066433202345102,
    0.21594345288459407,
    0.21068743405717577,
    0.1970618367397518,
    0.182585627675139,
    0.17339348027981882,
    0.17225721324397,
    0.17804099791104405,
    0.1866838054286594,
    0.19319526896785838,
    0.19378769827396838,
    0.18728372209918207,
    0.17530651482755688,
    0.16130246062626674,
    0.14892494083739397,
    0.1405249295487199,
    0.13637612648020514,
    0.13488563722023666,
    0.13358929385087445,
    0.13040746018536314,
    0.1245752550989042,
    0.1168671722196964,
    0.10909537669386588,
    0.10319695142221871,
    0.10038421993187538,
    0.10075280002158543,
    0.10347923392862012,
    0.10743320144487353,
    0.11183176405351773,
    0.11656780456192894,
    0.12204146972937123,
    0.12860624058537043,
    0.13596306771331437,
    0.14288149575805326,
    0.14746942603977697,
    0.14792892931535143,
    0.14346573193906834,
    0.13490273700381164,
    0.12464987203691047,
    0.11596455538727823,
    0.11177049112961437,
    0.11352888850140272,
    0.12066259322865708,
    0.1308077170702258,
    0.1408060670685869,
    0.14801820637132834,
    0.151385837352489,
    0.15177690604759667,
    0.15146419620368204,
    0.15297639382198644,
    0.15784336671658455,
    0.1658048903238768,
    0.1748412140891163,
    0.1820099566065545,
    0.18470735689868611,
    0.18178057207721413,
    0.17398909141997573,
    0.16361429397458885,
    0.15340780459456566,
    0.14537085744113193,
    0.13992928337374813,
    0.1358790701943905,
    0.1311143747283365,
    0.12378271819680807,
    0.1133122680933412,
    0.10081721511657771,
    0.0886811548141343,
    0.0795077912403946,
    0.07493040309971952,
    0.07484340867623283,
    0.0774252948878107,
    0.07995132538736252,
    0.08002025573376609,
    0.0766188130266636,
    0.07051828495011521,
    0.06380984276491702,
    0.058794974632874,
    0.056761597387418025,
    0.05724336604457971,
    0.05814154463177733,
    0.056681962573262544,
    0.05077260987541922,
    0.040114563883929436,
    0.026508778516183586,
    0.013162997930618356,
    0.0032763474570877272,
    -0.0014552713196436518,
    -0.0016899764688754182,
    -0.00018201619400323387,
    -0.00044395804308526186,
    -0.0048706834340815335,
    -0.013163905891797665,
    -0.02182906386586472,
    -0.025095635659479552,
    -0.017006420616334977,
    0.00611021846370396,
    0.04379244132881513,
    0.09103048314905657
  ],
  "shape_matches": [
    {
      "shape": "Tragedy",
      "correlation": 0.8056
    },
    {
      "shape": "Icarus",
      "correlation": 0.2795
    },
    {
      "shape": "Oedipus",
      "correlation": 0.2573
    },
    {
      "shape": "Cinderella",
      "correlation": -0.2928
    },
    {
      "shape": "Man in a Hole",
      "correlation": -0.5775
    },
    {
      "shape": "Rags to Riches",
      "correlation": -0.8056
    }
  ],
  "best_shape": "Tragedy",
  "best_shape_correlation": 0.8056,
  "peaks": [
    {
      "sample": 3,
      "position": 0.030303030303030304,
      "smoothed": 0.21594345288459407,
      "word_offset": 5991,
      "read_time_min": 24.0,
      "driving_words": [
        {
          "word": "heavenly",
          "score": 4.0
        },
        {
          "word": "wonderful",
          "score": 4.0
        },
        {
          "word": "brilliant",
          "score": 4.0
        },
        {
          "word": "fun",
          "score": 4.0
        },
        {
          "word": "beloved",
          "score": 3.0
        },
        {
          "word": "impress",
          "score": 3.0
        }
      ]
    },
    {
      "sample": 12,
      "position": 0.12121212121212122,
      "smoothed": 0.19378769827396838,
      "word_offset": 8966,
      "read_time_min": 35.9,
      "driving_words": [
        {
          "word": "wonderful",
          "score": 4.0
        },
        {
          "word": "heavenly",
          "score": 4.0
        },
        {
          "word": "fun",
          "score": 4.0
        },
        {
          "word": "triumph",
          "score": 4.0
        },
        {
          "word": "good",
          "score": 3.0
        },
        {
          "word": "amused",
          "score": 3.0
        }
      ]
    },
    {
      "sample": 56,
      "position": 0.5656565656565656,
      "smoothed": 0.18470735689868611,
      "word_offset": 23506,
      "read_time_min": 94.0,
      "driving_words": [
        {
          "word": "superb",
          "score": 5.0
        },
        {
          "word": "heavenly",
          "score": 4.0
        },
        {
          "word": "brilliant",
          "score": 4.0
        },
        {
          "word": "triumph",
          "score": 4.0
        },
        {
          "word": "rejoice",
          "score": 4.0
        },
        {
          "word": "happy",
          "score": 3.0
        }
      ]
    }
  ],
  "valleys": [
    {
      "sample": 79,
      "position": 0.797979797979798,
      "smoothed": 0.056761597387418025,
      "word_offset": 31107,
      "read_time_min": 124.4,
      "driving_words": [
        {
          "word": "scandal",
          "score": -3.0
        },
        {
          "word": "catastrophe",
          "score": -3.0
        },
        {
          "word": "died",
          "score": -3.0
        },
        {
          "word": "dead",
          "score": -3.0
        },
        {
          "word": "destroyed",
          "score": -3.0
        },
        {
          "word": "nuts",
          "score": -3.0
        }
      ]
    },
    {
      "sample": 89,
      "position": 0.898989898989899,
      "smoothed": -0.0016899764688754182,
      "word_offset": 34411,
      "read_time_min": 137.6,
      "driving_words": [
        {
          "word": "die",
          "score": -3.0
        },
        {
          "word": "fatality",
          "score": -3.0
        },
        {
          "word": "betray",
          "score": -3.0
        },
        {
          "word": "violent",
          "score": -3.0
        },
        {
          "word": "lost",
          "score": -3.0
        },
        {
          "word": "victim",
          "score": -3.0
        }
      ]
    },
    {
      "sample": 95,
      "position": 0.9595959595959596,
      "smoothed": -0.025095635659479552,
      "word_offset": 36394,
      "read_time_min": 145.6,
      "driving_words": [
        {
          "word": "hatred",
          "score": -3.0
        },
        {
          "word": "mad",
          "score": -3.0
        },
        {
          "word": "dreadful",
          "score": -3.0
        },
        {
          "word": "crime",