{
  "status": "ok",
  "n_words": 120865,
  "window_size": 10000,
  "reliability": "high",
  "raw": [
    0.2592,
    0.2748,
    0.2508,
    0.2588,
    0.2396,
    0.2416,
    0.2216,
    0.2216,
    0.2136,
    0.1828,
    0.172,
    0.1864,
    0.1796,
    0.1592,
    0.1076,
    0.1064,
    0.1136,
    0.1188,
    0.1372,
    0.1288,
    0.1292,
    0.1372,
    0.132,
    0.1804,
    0.2048,
    0.182,
    0.194,
    0.1676,
    0.154,
    0.1468,
    0.1424,
    0.1472,
    0.1152,
    0.104,
    0.1256,
    0.1268,
    0.1292,
    0.1316,
    0.1288,
    0.1156,
    0.102,
    0.0812,
    0.0432,
    0.0156,
    -0.0084,
    -0.004,
    0.006,
    0.0224,
    0.0192,
    0.02,
    0.0068,
    0.044,
    0.0504,
    0.0728,
    0.096,
    0.1212,
    0.1236,
    0.1312,
    0.168,
    0.1956,
    0.186,
    0.202,
    0.1944,
    0.162,
    0.1416,
    0.114,
    0.1144,
    0.0904,
    0.0744,
    0.1048,
    0.102,
    0.1116,
    0.13,
    0.152,
    0.1704,
    0.1704,
    0.1812,
    0.1992,
    0.1568,
    0.1392,
    0.1136,
    0.106,
    0.0808,
    0.0664,
    0.0608,
    0.03,
    0.0172,
    0.0732,
    0.1032,
    0.0964,
    0.0972,
    0.0912,
    0.0904,
    0.0988,
    0.138,
    0.1256,
    0.0996,
    0.072,
    0.1064,
    0.1208
  ],
  "smoothed": [
    0.20516897873376125,
    0.23693919900352428,
    0.2576215740606116,
    0.2646668748324087,
    0.2591943604774414,
    0.24521705926646853,
    0.22796457373226336,
    0.21197952748412274,
    0.19970649796676257,
    0.19105409115869695,
    0.1839991380631373,
    0.17589010902362767,
    0.1648600933230528,
    0.15076741879505973,
    0.13532387763768955,
    0.12143058101440726,
    0.11206192001625213,
    0.10918863168504078,
    0.1131626523910893,
    0.12274780157532363,
    0.13568996753059398,
    0.1495103204456687,
    0.16216086789601086,
    0.17230713659627384,
    0.17922295051146614,
    0.1824827295621076,
    0.18171937809254346,
    0.17664511234420396,
    0.1673506852868256,
    0.15470322039851714,
    0.14055924393947783,
    0.12755801119160576,
    0.11844645940442902,
    0.11512696010513235,
    0.11779713174685302,
    0.12457480910789835,
    0.13184579809195382,
    0.13529398821156213,
    0.13128825273831518,
    0.11813236528625495,
    0.0967103692930771,
    0.07027619464380604,
    0.04345741327809693,
    0.020838446175271707,
    0.0056385635498432144,
    -0.0010536357376093397,
    -0.0002581460012959624,
    0.005628366261245699,
    0.01393625257436816,
    0.022749468288691017,
    0.03147896542489867,
    0.040819785724564815,
    0.052184176128238786,
    0.06689385762614596,
    0.08547049728620226,
    0.1072778515784262,
    0.13059594506546668,
    0.15303195342025153,
    0.1720690735438226,
    0.18555565218816256,
    0.1920214305462758,
    0.1908182184929425,
    0.18215641798751428,
    0.1671120557786185,
    0.147620558379218,
    0.12639878158313855,
    0.10670086601993208,
    0.09184971513459798,
    0.08458605654665392,
    0.08639337822954682,
    0.09702565450827157,
    0.11443902738240734,
    0.13520535226540012,
    0.155310672053168,
    0.1710911064034298,
    0.18000275960364126,
    0.18099125605836341,
    0.17439341569559993,
    0.1614943158595429,
    0.14398994445149943,
    0.12360938239994582,
    0.1020296113853853,
    0.08103043377997296,
    0.0626809688105957,
    0.04930677777975628,
    0.04308923531866775,
    0.04535583963278834,
    0.05583406806241322,
    0.07225069159935169,
    0.09059127141749647,
    0.10609702311085452,
    0.11475704513326247,
    0.1147904296065677,
    0.10753195497992296,
    0.09729467312730866,
    0.09013967515255661,
    0.09190504686493473,
    0.10616200397107008,
    0.13283917574067064,
    0.16804231010660364
  ],
  "shape_matches": [
    {
      "shape": "Oedipus",
      "correlation": 0.5915
    },
    {
      "shape": "Tragedy",
      "correlation": 0.4347
    },
    {
      "shape": "Icarus",
      "correlation": -0.4051
    },
    {
      "shape": "Rags to Riches",
      "correlation": -0.4347
    },
    {
      "shape": "Man in a Hole",
      "correlation": -0.5314
    },
    {
      "shape": "Cinderella",
      "correlation": -0.5943
    }
  ],
  "best_shape": "Oedipus",
  "best_shape_correlation": 0.5915,
  "peaks": [
    {
      "sample": 3,
      "position": 0.030303030303030304,
      "smoothed": 0.2646668748324087,
      "word_offset": 8360,
      "read_time_min": 33.4,
      "driving_words": [
        {
          "word": "rejoiced",
          "score": 4.0
        },
        {
          "word": "rapturous",
          "score": 4.0
        },
        {
          "word": "ecstatic",
          "score": 4.0
        },
        {
          "word": "miracle",
          "score": 4.0
        },
        {
          "word": "rejoicing",
          "score": 4.0
        },
        {
          "word": "perfectly",
          "score": 3.0
        }
      ]
    },
    {
      "sample": 25,
      "position": 0.25252525252525254,
      "smoothed": 0.1824827295621076,
      "word_offset": 32996,
      "read_time_min": 132.0,
      "driving_words": [
        {
          "word": "delight",
          "score": 3.0
        },
        {
          "word": "happiness",
          "score": 3.0
        },
        {
          "word": "wealth",
          "score": 3.0
        },
        {
          "word": "happy",
          "score": 3.0
        },
        {
          "word": "magnificent",
          "score": 3.0
        },
        {
          "word": "admire",
          "score": 3.0
        }
      ]
    },
    {
      "sample": 60,
      "position": 0.6060606060606061,
      "smoothed": 0.1920214305462758,
      "word_offset": 72191,
      "read_time_min": 288.8,
      "driving_words": [
        {
          "word": "rejoice",
          "score": 4.0
        },
        {
          "word": "rejoiced",
          "score": 4.0
        },
        {
          "word": "triumph",
          "score": 4.0
        },
        {
          "word": "good",
          "score": 3.0
        },
        {
          "word": "grand",
          "score": 3.0
        },
        {
          "word": "great",
          "score": 3.0
        }
      ]
    }
  ],
  "valleys": [
    {
      "sample": 45,
      "position": 0.45454545454545453,
      "smoothed": -0.0010536357376093397,
      "word_offset": 55393,
      "read_time_min": 221.6,
      "driving_words": [
        {
          "word": "torture",
          "score": -4.0
        },
        {
          "word": "worse",
          "score": -3.0
        },
        {
          "word": "violent",
          "score": -3.0
        },
        {
          "word": "hated",
          "score": -3.0
        },
        {
          "word": "lost",
          "score": -3.0
        },
        {
          "word": "betray",
          "score": -3.0
        }
      ]
    },
    {
      "sample": 68,
      "position": 0.6868686868686869,
      "smoothed": 0.08458605654665392,
      "word_offset": 81150,
      "read_time_min": 324.6,
      "driving_words": [
        {
          "word": "torture",
          "score": -4.0
        },
        {
          "word": "disgust",
          "score": -3.0
        },
        {
          "word": "evil",
          "score": -3.0
        },
        {
          "word": "worse",
          "score": -3.0
        },
        {
          "word": "violent",
          "score": -3.0
        },
        {
          "word": "hysterics",
          "score": -3.0
        }
      ]
    },
    {
      "sample": 85,
      "position": 0.8585858585858586,
      "smoothed": 0.04308923531866775,
      "word_offset": 100187,
      "read_time_min": 400.7,
      "driving_words": [
        {
          "word": "tortured",
          "score": -4.0
        },
        {
          "word": "torture",
          "score": -4.0
        },
        {
          "word": "loss",
          "score": -3.0
        },
        {
          "word": "disgusting",