{
  "status": "ok",
  "n_words": 347822,
  "window_size": 10000,
  "reliability": "high",
  "raw": [
    0.1488,
    0.1484,
    0.1196,
    0.2092,
    0.2156,
    0.23,
    0.1736,
    0.176,
    0.1772,
    0.1564,
    0.1428,
    0.1524,
    0.2484,
    0.324,
    0.276,
    0.2292,
    0.1796,
    0.254,
    0.2096,
    0.1044,
    0.0936,
    0.0996,
    0.1896,
    0.142,
    0.1792,
    0.0768,
    0.0348,
    0.0296,
    0.108,
    0.116,
    0.0692,
    0.0612,
    0.1164,
    0.1108,
    0.0988,
    0.1184,
    0.106,
    0.1124,
    0.0028,
    -0.0056,
    -0.0104,
    0.0688,
    0.1112,
    0.0748,
    0.0508,
    0.0652,
    0.0908,
    0.1372,
    0.0532,
    0.0664,
    0.0608,
    0.162,
    0.1536,
    0.08,
    0.0424,
    0.008,
    0.0308,
    0.0128,
    -0.0056,
    -0.0244,
    -0.0288,
    -0.0464,
    -0.0128,
    0.012,
    0.0008,
    -0.0128,
    0.026,
    0.1412,
    0.1176,
    0.17,
    0.1736,
    0.1852,
    0.1476,
    0.1168,
    0.1188,
    0.0904,
    0.0836,
    0.0368,
    0.0016,
    -0.068,
    -0.0568,
    -0.0488,
    0.0344,
    0.0376,
    0.0752,
    0.044,
    0.0608,
    0.0696,
    0.0076,
    -0.0236,
    -0.0968,
    -0.0372,
    0.056,
    0.1244,
    0.1928,
    0.1572,
    0.1172,
    0.0212,
    0.0456,
    0.0488
  ],
  "smoothed": [
    0.074351878701796,
    0.11035731769665429,
    0.1584787581021835,
    0.20271819686489298,
    0.2284624224939603,
    0.22847962130695393,
    0.20588794153612097,
    0.17286680320423806,
    0.14564878563992742,
    0.13786864940717217,
    0.15501231647013852,
    0.1922287575923525,
    0.23635274536514203,
    0.2712391368938792,
    0.2841652011237893,
    0.27067149056791023,
    0.23592596532374352,
    0.1921864799807924,
    0.15355945412459374,
    0.13032368392646118,
    0.1251750631512135,
    0.1328461858132094,
    0.14307857840053118,
    0.1455186838375989,
    0.13436395664486014,
    0.1107920613617738,
    0.08223780813447792,
    0.05896595664825692,
    0.04951922567289516,
    0.05702885723706167,
    0.0779189448512372,
    0.10345091510485918,
    0.12333484800604624,
    0.12980708125101578,
    0.12047047175377454,
    0.09881732710511827,
    0.07239492270678344,
    0.049558064885111934,
    0.036263868164918764,
    0.03421487734145451,
    0.04096167982459003,
    0.05167974393158744,
    0.0616455034507406,
    0.06824007437412737,
    0.07165061533420813,
    0.07411963129511874,
    0.07827441941283673,
    0.08544089352286284,
    0.09476327428472646,
    0.10349053292894908,
    0.10819973135781322,
    0.10629620393972364,
    0.09705419452644876,
    0.08174900478211765,
    0.06291585402525988,
    0.04319877800969121,
    0.02441500588925027,
    0.00729063059624977,
    -0.00807321060799672,
    -0.021352150689279616,
    -0.03132180033642728,
    -0.03580472771184141,
    -0.03234497999779996,
    -0.019305054479851595,
    0.00317057007794733,
    0.03283828011484724,
    0.06587906381694719,
    0.09802829684354646,
    0.12576358919176372,
    0.14697738463710922,
    0.1608470872810458,
    0.16706999449382956,
    0.16501147209795966,
    0.15340487934629035,
    0.13096435753215105,
    0.0977429401652488,
    0.05655219084613309,
    0.013542065005196514,
    -0.022716813850669728,
    -0.04365993391260868,
    -0.04389945262683428,
    -0.02383911103503082,
    0.009557765230915147,
    0.044515800856416564,
    0.06835572194882719,
    0.07221015833403642,
    0.05468090169960698,
    0.02282510213893155,
    -0.01016131091198246,
    -0.029856142741564007,
    -0.026273397234663213,
    0.002001147894515869,
    0.04696908323278043,
    0.09415647592344767,
    0.1282615165801606,
    0.13927766029939062,
    0.1265853529142422,
    0.0992777387598656,
    0.0725088586418873,
    0.06130355435030742
  ],
  "shape_matches": [
    {
      "shape": "Oedipus",
      "correlation": 0.627
    },
    {
      "shape": "Tragedy",
      "correlation": 0.5739
    },
    {
      "shape": "Icarus",
      "correlation": -0.3242
    },
    {
      "shape": "Rags to Riches",
      "correlation": -0.5739
    },
    {
      "shape": "Cinderella",
      "correlation": -0.6363
    },
    {
      "shape": "Man in a Hole",
      "correlation": -0.6651
    }
  ],
  "best_shape": "Oedipus",
  "best_shape_correlation": 0.627,
  "peaks": [
    {
      "sample": 5,
      "position": 0.050505050505050504,
      "smoothed": 0.22847962130695393,
      "word_offset": 22062,
      "read_time_min": 88.2,
      "driving_words": [
        {
          "word": "heavenly",
          "score": 4.0
        },
        {
          "word": "winning",
          "score": 4.0
        },
        {
          "word": "rejoice",
          "score": 4.0
        },
        {
          "word": "love",
          "score": 3.0
        },
        {
          "word": "delighted",
          "score": 3.0
        },
        {
          "word": "delightful",
          "score": 3.0
        }
      ]
    },
    {
      "sample": 14,
      "position": 0.1414141414141414,
      "smoothed": 0.2841652011237893,
      "word_offset": 52773,
      "read_time_min": 211.1,
      "driving_words": [
        {
          "word": "heavenly",
          "score": 4.0
        },
        {
          "word": "winning",
          "score": 4.0
        },
        {
          "word": "triumph",
          "score": 4.0
        },
        {
          "word": "triumphant",
          "score": 4.0
        },
        {
          "word": "rejoice",
          "score": 4.0
        },
        {
          "word": "perfection",
          "score": 3.0
        }
      ]
    },
    {
      "sample": 71,
      "position": 0.7171717171717171,
      "smoothed": 0.16706999449382956,
      "word_offset": 247276,
      "read_time_min": 989.1,
      "driving_words": [
        {
          "word": "heavenly",
          "score": 4.0
        },
        {
          "word": "win",
          "score": 4.0
        },
        {
          "word": "wonderful",
          "score": 4.0
        },
        {
          "word": "triumph",
          "score": 4.0
        },
        {
          "word": "good",
          "score": 3.0
        },
        {
          "word": "finest",
          "score": 3.0
        }
      ]
    }
  ],
  "valleys": [
    {
      "sample": 61,
      "position": 0.6161616161616161,
      "smoothed": -0.03580472771184141,
      "word_offset": 213153,
      "read_time_min": 852.6,
      "driving_words": [
        {
          "word": "torture",
          "score": -4.0
        },
        {
          "word": "cruel",
          "score": -3.0
        },
        {
          "word": "deadly",
          "score": -3.0
        },
        {
          "word": "loathed",
          "score": -3.0
        },
        {
          "word": "died",
          "score": -3.0
        },
        {
          "word": "destroyed",
          "score": -3.0
        }
      ]
    },
    {
      "sample": 80,
      "position": 0.8080808080808081,
      "smoothed": -0.04389945262683428,
      "word_offset": 277987,
      "read_time_min": 1111.9,
      "driving_words": [
        {
          "word": "hell",
          "score": -4.0
        },
        {
          "word": "desperate",
          "score": -3.0
        },
        {
          "word": "dying",
          "score": -3.0
        },
        {
          "word": "deadly",
          "score": -3.0
        },
        {
          "word": "die",
          "score": -3.0
        },
        {
          "word": "evil",
          "score": -3.0
        }
      ]
    },
    {
      "sample": 89,
      "position": 0.898989898989899,
      "smoothed": -0.029856142741564007,
      "word_offset": 308699,
      "read_time_min": 1234.8,
      "driving_words": [
        {
          "word": "rape",
          "score": -4.0
        },
        {
          "word": "die",
          "score": -3.0
        },
        {
          "word": "ugly",
          "score": -3.0
        },
        {
          "word": "evil",