{
  "status": "ok",
  "n_words": 70142,
  "window_size": 10000,
  "reliability": "high",
  "raw": [
    0.1232,
    0.0948,
    0.0636,
    0.0568,
    0.062,
    0.0656,
    0.0748,
    0.0856,
    0.1024,
    0.118,
    0.1152,
    0.114,
    0.1004,
    0.0868,
    0.098,
    0.0756,
    0.0824,
    0.11,
    0.1596,
    0.1812,
    0.1916,
    0.2004,
    0.1956,
    0.1724,
    0.1708,
    0.166,
    0.1736,
    0.1732,
    0.162,
    0.156,
    0.1496,
    0.1424,
    0.138,
    0.1252,
    0.102,
    0.0964,
    0.0664,
    0.0628,
    0.068,
    0.0424,
    0.038,
    0.0216,
    0.0104,
    -0.0168,
    -0.014,
    -0.0188,
    -0.0204,
    -0.0204,
    -0.0076,
    0.0044,
    0.0048,
    -0.0008,
    0.0172,
    -0.0032,
    -0.0272,
    -0.0296,
    -0.0252,
    -0.0192,
    -0.0104,
    -0.0152,
    -0.0296,
    -0.0336,
    -0.0232,
    -0.026,
    -0.0332,
    -0.0412,
    -0.0656,
    -0.0832,
    -0.0916,
    -0.104,
    -0.0904,
    -0.0788,
    -0.0704,
    -0.0828,
    -0.1064,
    -0.1104,
    -0.0836,
    -0.0852,
    -0.0912,
    -0.106,
    -0.1372,
    -0.1356,
    -0.1444,
    -0.1352,
    -0.1144,
    -0.0968,
    -0.0932,
    -0.062,
    -0.0756,
    -0.0792,
    -0.0976,
    -0.0916,
    -0.0972,
    -0.102,
    -0.1048,
    -0.1016,
    -0.0848,
    -0.072,
    -0.04,
    -0.0104
  ],
  "smoothed": [
    0.055221142674934394,
    0.07285485591720631,
    0.07809722242949202,
    0.0748086009630255,
    0.06908581525322598,
    0.06688660602012647,
    0.07176765836256593,
    0.0836100051046849,
    0.09882914388811294,
    0.11198573749740227,
    0.11815577589073627,
    0.1151112348335605,
    0.10443104903097591,
    0.091083929303456,
    0.08163199834652687,
    0.08175376017338123,
    0.09405563867504187,
    0.11702530497038473,
    0.14552620984354925,
    0.1726261956460976,
    0.19203834385015087,
    0.20023306854786063,
    0.19743753293818164,
    0.18719884986163016,
    0.17475800206296668,
    0.16493030199544137,
    0.16034093908909097,
    0.16067261037906763,
    0.1631397873585416,
    0.16390196688451647,
    0.1597726825475413,
    0.14950829715630692,
    0.13418385745404895,
    0.11657341139183115,
    0.0998691072965268,
    0.08632460748071724,
    0.07640018740597386,
    0.06873905539130729,
    0.060935135550698155,
    0.05072321958346864,
    0.03706742233635267,
    0.020696154890260315,
    0.0038859903269715004,
    -0.010384976798226671,
    -0.019547076321902033,
    -0.02236553135489106,
    -0.01934249397770296,
    -0.012485148902751222,
    -0.004581631362573235,
    0.0017055437229721894,
    0.004591466279165452,
    0.003534720736714876,
    -0.0008374361413344733,
    -0.007133444044143938,
    -0.013730344352906095,
    -0.01924166762281267,
    -0.022806514617741646,
    -0.024185643147713837,
    -0.023719185681655153,
    -0.022214423673594903,
    -0.020801201486297955,
    -0.020751326282488335,
    -0.023242340389992764,
    -0.02907093053292579,
    -0.038373350032725184,
    -0.050454759161468916,
    -0.06383067485451618,
    -0.07652688481442167,
    -0.08658615097132964,
    -0.09263359217886681,
    -0.09430599622584715,
    -0.09238229359523496,
    -0.08855612648367998,
    -0.08492516076378374,
    -0.08337752838505878,
    -0.08508674768610237,
    -0.09026994494152625,
    -0.0982483117206116,
    -0.10772907631490032,
    -0.11716062182502895,
    -0.1250248301550349,
    -0.1300093302403319,
    -0.13109813278025917,
    -0.12767376807025696,
    -0.11970143895336602,
    -0.10797372734043481,
    -0.09428434785780387,
    -0.08134192486548067,
    -0.07228250236092587,
    -0.06979523535746367,
    -0.07508241010576037,
    -0.08703572531275829,
    -0.10203208222740273,
    -0.11459127838910764,
    -0.11883222510363282,
    -0.11032523810990436,
    -0.08771010393448306,
    -0.0534485965514623,
    -0.013336962871009087,
    0.02515824989083312
  ],
  "shape_matches": [
    {
      "shape": "Tragedy",
      "correlation": 0.8492
    },
    {
      "shape": "Oedipus",
      "correlation": 0.5364
    },
    {
      "shape": "Icarus",
      "correlation": 0.021
    },
    {
      "shape": "Cinderella",
      "correlation": -0.5642
    },
    {
      "shape": "Man in a Hole",
      "correlation": -0.807
    },
    {
      "shape": "Rags to Riches",
      "correlation": -0.8492
    }
  ],
  "best_shape": "Tragedy",
  "best_shape_correlation": 0.8492,
  "peaks": [
    {
      "sample": 10,
      "position": 0.10101010101010101,
      "smoothed": 0.11815577589073627,
      "word_offset": 11075,
      "read_time_min": 44.3,
      "driving_words": [
        {
          "word": "brilliant",
          "score": 4.0
        },
        {
          "word": "wonderful",
          "score": 4.0
        },
        {
          "word": "fun",
          "score": 4.0
        },
        {
          "word": "fantastic",
          "score": 4.0
        },
        {
          "word": "happiest",
          "score": 3.0
        },
        {
          "word": "heroic",
          "score": 3.0
        }
      ]
    },
    {
      "sample": 21,
      "position": 0.21212121212121213,
      "smoothed": 0.20023306854786063,
      "word_offset": 17757,
      "read_time_min": 71.0,
      "driving_words": [
        {
          "word": "brilliant",
          "score": 4.0
        },
        {
          "word": "fun",
          "score": 4.0
        },
        {
          "word": "fantastic",
          "score": 4.0
        },
        {
          "word": "win",
          "score": 4.0
        },
        {
          "word": "masterpiece",
          "score": 4.0
        },
        {
          "word": "charm",
          "score": 3.0
        }
      ]
    },
    {
      "sample": 29,
      "position": 0.29292929292929293,
      "smoothed": 0.16390196688451647,
      "word_offset": 22617,
      "read_time_min": 90.5,
      "driving_words": [
        {
          "word": "win",
          "score": 4.0
        },
        {
          "word": "fun",
          "score": 4.0
        },
        {
          "word": "masterpiece",
          "score": 4.0
        },
        {
          "word": "amazing",
          "score": 4.0
        },
        {
          "word": "brilliant",
          "score": 4.0
        },
        {
          "word": "beauty",
          "score": 3.0
        }
      ]
    }
  ],
  "valleys": [
    {
      "sample": 70,
      "position": 0.7070707070707071,
      "smoothed": -0.09430599622584715,
      "word_offset": 47525,
      "read_time_min": 190.1,
      "driving_words": [
        {
          "word": "hell",
          "score": -4.0
        },
        {
          "word": "fraud",
          "score": -4.0
        },
        {
          "word": "damned",
          "score": -4.0
        },
        {
          "word": "disgust",
          "score": -3.0
        },
        {
          "word": "selfishness",
          "score": -3.0
        },
        {
          "word": "worse",
          "score": -3.0
        }
      ]
    },
    {
      "sample": 82,
      "position": 0.8282828282828283,
      "smoothed": -0.13109813278025917,
      "word_offset": 54815,
      "read_time_min": 219.3,
      "driving_words": [
        {
          "word": "damned",
          "score": -4.0
        },
        {
          "word": "torturing",
          "score": -4.0
        },
        {
          "word": "anguish",
          "score": -3.0
        },
        {
          "word": "angry",
          "score": -3.0
        },
        {
          "word": "ridiculous",
          "score": -3.0
        },
        {
          "word": "violent",
          "score": -3.0
        }
      ]
    },
    {
      "sample": 94,
      "position": 0.9494949494949495,
      "smoothed": -0.11883222510363282,
      "word_offset": 62105,
      "read_time_min": 248.4,
      "driving_words": [
        {
          "word": "crime",
          "score": -3.0
        },
        {
          "word": "hatred",