{
  "status": "ok",
  "n_words": 91577,
  "window_size": 10000,
  "reliability": "high",
  "raw": [
    0.076,
    0.0804,
    0.0948,
    0.0764,
    0.066,
    0.0268,
    0.026,
    -0.0008,
    -0.0032,
    -0.0024,
    0.0008,
    0.0144,
    0.0188,
    0.0476,
    0.04,
    0.03,
    0.0316,
    0.0616,
    0.0708,
    0.1068,
    0.1064,
    0.138,
    0.1412,
    0.1704,
    0.172,
    0.1568,
    0.1844,
    0.1996,
    0.2004,
    0.1884,
    0.184,
    0.1812,
    0.1952,
    0.1676,
    0.1444,
    0.114,
    0.0896,
    0.0716,
    0.0644,
    0.0668,
    0.0468,
    0.064,
    0.06,
    0.0376,
    0.0444,
    0.048,
    0.0524,
    0.0436,
    0.0652,
    0.0696,
    0.0464,
    0.0396,
    0.0372,
    0.0256,
    0.0372,
    0.0456,
    0.0152,
    -0.0016,
    0.004,
    -0.0072,
    -0.0184,
    -0.0376,
    -0.0396,
    -0.0456,
    -0.0596,
    -0.0636,
    -0.0724,
    -0.0804,
    -0.07,
    -0.058,
    -0.048,
    -0.0488,
    -0.0412,
    -0.0184,
    0.0136,
    0.0292,
    0.0544,
    0.07,
    0.0852,
    0.09,
    0.0956,
    0.106,
    0.1176,
    0.1424,
    0.1492,
    0.1404,
    0.1492,
    0.1396,
    0.146,
    0.18,
    0.1836,
    0.2028,
    0.2152,
    0.2008,
    0.1808,
    0.1368,
    0.1384,
    0.1212,
    0.0976,
    0.072
  ],
  "smoothed": [
    0.08192321122535651,
    0.08394338896606651,
    0.08336366654038628,
    0.07615798814400879,
    0.061214310591176394,
    0.04076476462520088,
    0.019485703225022,
    0.002654193784513783,
    -0.0058752225434425135,
    -0.005052615206742042,
    0.0031638340351346807,
    0.01481986280750806,
    0.025725832918836976,
    0.03320397178909328,
    0.03709301108409783,
    0.03962025597994367,
    0.04424448277977528,
    0.05400639649332801,
    0.07011349213677855,
    0.09135896860318604,
    0.11459416674599218,
    0.13601233577195576,
    0.15266007712121643,
    0.1635153098023863,
    0.16968209598060163,
    0.17365207640590327,
    0.1779900928666183,
    0.18404045820751655,
    0.19122226509976023,
    0.19720857907364508,
    0.19889285443000557,
    0.19371055137697077,
    0.1807476141235191,
    0.1611806003673482,
    0.13789546232451397,
    0.11448333399427543,
    0.09405771308144006,
    0.07837781305388355,
    0.06759302392489867,
    0.06063162800497894,
    0.0559800534178841,
    0.052458616964777355,
    0.04964835974404227,
    0.04782464144293467,
    0.04750272108847156,
    0.04887886587889085,
    0.05147836141480256,
    0.05419535709002415,
    0.05569855815407878,
    0.054988353697971934,
    0.0518166616907217,
    0.04675343363733126,
    0.04086355450043053,
    0.0351535887655495,
    0.030062383009514013,
    0.025247335458535393,
    0.019771457338253858,
    0.01259842637725435,
    0.0031514714349168437,
    -0.00833851724271237,
    -0.02086513069421531,
    -0.03303966193619604,
    -0.04364724952280093,
    -0.052087191428853395,
    -0.05847710037298809,
    -0.06337027273036416,
    -0.06723347829753093,
    -0.06996002811722295,
    -0.0706851034554698,
    -0.0680273046284466,
    -0.060669430873512356,
    -0.0480151791868292,
    -0.03060515062593267,
    -0.010075824267451407,
    0.011344865664776264,
    0.031591034961576094,
    0.04942318178778003,
    0.06470157645695533,
    0.07815122871180581,
    0.09074759221117208,
    0.10304187755484272,
    0.11478144547524397,
    0.12503913498379413,
    0.13280706441135218,
    0.13775784951732148,
    0.14075624020836391,
    0.1437868902700038,
    0.14922509488584984,
    0.1587040807441308,
    0.17207171351018682,
    0.1869579704452885,
    0.19925884224641935,
    0.20446072163181062,
    0.19934277453498148,
    0.18337833140431123,
    0.15922029724018044,
    0.13199195941059347,
    0.107584150352598,
    0.09058328223119487,
    0.08263767168495768
  ],
  "shape_matches": [
    {
      "shape": "Oedipus",
      "correlation": 0.2159
    },
    {
      "shape": "Rags to Riches",
      "correlation": 0.0752
    },
    {
      "shape": "Tragedy",
      "correlation": -0.0752
    },
    {
      "shape": "Man in a Hole",
      "correlation": -0.1335
    },
    {
      "shape": "Cinderella",
      "correlation": -0.2039
    },
    {
      "shape": "Icarus",
      "correlation": -0.3117
    }
  ],
  "best_shape": "Oedipus",
  "best_shape_correlation": 0.2159,
  "peaks": [
    {
      "sample": 1,
      "position": 0.010101010101010102,
      "smoothed": 0.08394338896606651,
      "word_offset": 5824,
      "read_time_min": 23.3,
      "driving_words": [
        {
          "word": "win",
          "score": 4.0
        },
        {
          "word": "wonderful",
          "score": 4.0
        },
        {
          "word": "funny",
          "score": 4.0
        },
        {
          "word": "lovely",
          "score": 3.0
        },
        {
          "word": "perfectly",
          "score": 3.0
        },
        {
          "word": "amused",
          "score": 3.0
        }
      ]
    },
    {
      "sample": 30,
      "position": 0.30303030303030304,
      "smoothed": 0.19889285443000557,
      "word_offset": 29720,
      "read_time_min": 118.9,
      "driving_words": [
        {
          "word": "funny",
          "score": 4.0
        },
        {
          "word": "wonderful",
          "score": 4.0
        },
        {
          "word": "wonderfully",
          "score": 4.0
        },
        {
          "word": "fun",
          "score": 4.0
        },
        {
          "word": "terrific",
          "score": 4.0
        },
        {
          "word": "winner",
          "score": 4.0
        }
      ]
    },
    {
      "sample": 92,
      "position": 0.9292929292929293,
      "smoothed": 0.20446072163181062,
      "word_offset": 80809,
      "read_time_min": 323.2,
      "driving_words": [
        {
          "word": "wonderful",
          "score": 4.0
        },
        {
          "word": "fun",
          "score": 4.0
        },
        {
          "word": "funny",
          "score": 4.0
        },
        {
          "word": "won",
          "score": 3.0
        },
        {
          "word": "nice",
          "score": 3.0
        },
        {
          "word": "grand",
          "score": 3.0
        }
      ]
    }
  ],
  "valleys": [
    {
      "sample": 8,
      "position": 0.08080808080808081,
      "smoothed": -0.0058752225434425135,
      "word_offset": 11592,
      "read_time_min": 46.4,
      "driving_words": [
        {
          "word": "bitches",
          "score": -5.0
        },
        {
          "word": "hell",
          "score": -4.0
        },
        {
          "word": "damned",
          "score": -4.0
        },
        {
          "word": "angry",
          "score": -3.0
        },
        {
          "word": "bad",
          "score": -3.0
        },
        {
          "word": "bloody",
          "score": -3.0
        }
      ]
    },
    {
      "sample": 44,
      "position": 0.4444444444444444,
      "smoothed": 0.04750272108847156,
      "word_offset": 41256,
      "read_time_min": 165.0,
      "driving_words": [
        {
          "word": "whore",
          "score": -4.0
        },
        {
          "word": "hell",
          "score": -4.0
        },
        {
          "word": "bad",
          "score": -3.0
        },
        {
          "word": "lost",
          "score": -3.0
        },
        {
          "word": "killed",
          "score": -3.0
        },
        {
          "word": "worse",
          "score": -3.0
        }
      ]
    },
    {
      "sample": 68,
      "position": 0.6868686868686869,
      "smoothed": -0.0706851034554698,
      "word_offset": 61033,
      "read_time_min": 244.1,
      "driving_words": [
        {
          "word": "hell",
          "score": -4.0
        },
        {
          "word": "damned",
          "score": -4.0
        },
        {
          "word": "killed",
          "score": -3.0
        },
        {
          "word": "kill",