{
  "status": "ok",
  "n_words": 59997,
  "window_size": 10000,
  "reliability": "high",
  "raw": [
    0.0264,
    0.01,
    0.0028,
    -0.002,
    -0.014,
    -0.0104,
    -0.0064,
    0.0068,
    0.012,
    0.0172,
    0.0248,
    0.0268,
    0.0272,
    0.0364,
    0.0472,
    0.0572,
    0.0516,
    0.0432,
    0.0448,
    0.0484,
    0.0436,
    0.038,
    0.0324,
    0.0316,
    0.0308,
    0.042,
    0.0268,
    0.0312,
    0.0384,
    0.0384,
    0.026,
    0.0132,
    0.0148,
    0.0104,
    0.006,
    0.0044,
    -0.0056,
    0.002,
    0.01,
    0.0004,
    -0.0064,
    0.0016,
    0.0076,
    0.0072,
    -0.0088,
    -0.0244,
    -0.0292,
    -0.0468,
    -0.058,
    -0.0604,
    -0.054,
    -0.0528,
    -0.0636,
    -0.0728,
    -0.0704,
    -0.0692,
    -0.0652,
    -0.0664,
    -0.0612,
    -0.0572,
    -0.0588,
    -0.068,
    -0.0628,
    -0.0556,
    -0.0372,
    -0.0364,
    -0.0152,
    0.004,
    0.0116,
    0.0148,
    0.018,
    0.004,
    -0.0056,
    -0.0144,
    -0.0216,
    -0.0288,
    -0.034,
    -0.036,
    -0.0404,
    -0.0316,
    -0.0176,
    -0.0156,
    -0.024,
    -0.0192,
    -0.0204,
    -0.0156,
    -0.0308,
    -0.0476,
    -0.062,
    -0.0624,
    -0.0572,
    -0.0504,
    -0.0372,
    -0.0348,
    -0.0312,
    -0.0336,
    -0.0376,
    -0.038,
    -0.0424,
    -0.0584
  ],
  "smoothed": [
    -0.013944888808293206,
    -0.006325154005018008,
    -0.0009283890226999292,
    0.0014522147845460753,
    0.0011423654116736648,
    -0.0005136044455010413,
    -0.001647148013616815,
    -0.0005536680127612437,
    0.003697629178218036,
    0.010963273471948667,
    0.020132605565473315,
    0.029574076739835364,
    0.03772288672275251,
    0.043571391854132384,
    0.04688407898857186,
    0.04808887683449388,
    0.04793642736945215,
    0.047107683627991226,
    0.04595230097241286,
    0.04446026009324097,
    0.0424479774211707,
    0.03983558008261755,
    0.03685199934505915,
    0.03404577136692665,
    0.032080574290605145,
    0.03140673713272401,
    0.031969740684616256,
    0.03311054131256776,
    0.03373197420056957,
    0.03268636736673063,
    0.029235523048017936,
    0.023392675862303633,
    0.015996572430202638,
    0.008473817233613096,
    0.0023717915906391117,
    -0.001163012352954591,
    -0.0017661452752944706,
    4.022767033257324e-05,
    0.00304399627888682,
    0.005750041462588724,
    0.006834482182621508,
    0.005481880552879659,
    0.0015055705415150688,
    -0.004750874505496938,
    -0.012646488126881121,
    -0.021486593267180856,
    -0.03067477497946675,
    -0.03973559551418706,
    -0.048244651964975564,
    -0.05574910618543868,
    -0.061759447890700155,
    -0.0658455841800275,
    -0.06780322197673229,
    -0.06780495160682343,
    -0.06644160452873556,
    -0.0645996548024619,
    -0.06319222382499737,
    -0.06283176086432558,
    -0.0635688299647465,
    -0.0648059631156607,
    -0.06543372256310417,
    -0.06415378216331122,
    -0.059885185941888575,
    -0.052122177136503536,
    -0.04113376650543978,
    -0.027954014502950767,
    -0.01418126926889603,
    -0.0016566910397713365,
    0.007888992768871724,
    0.01314541378809268,
    0.01344508015828918,
    0.008882750923878264,
    0.00032871806390748936,
    -0.01066909671759225,
    -0.022103608194080367,
    -0.031847247198786,
    -0.03807859902740171,
    -0.03971804041988583,
    -0.0367538949578275,
    -0.03033503228361323,
    -0.022551205527572112,
    -0.01591424216046719,
    -0.012662801315573225,
    -0.014097205050051662,
    -0.02016845945678744,
    -0.029479062173556225,
    -0.03971837141945788,
    -0.048399009135580304,
    -0.05364377884603332,
    -0.05474479895012758,
    -0.052294793855602956,
    -0.04784897632699019,
    -0.04325458656589314,
    -0.03991291541385334,
    -0.038262855345915156,
    -0.03768403495412596,
    -0.03684686157063921,
    -0.03435524990503017,
    -0.029409712474273913,
    -0.022212483771413903
  ],
  "shape_matches": [
    {
      "shape": "Tragedy",
      "correlation": 0.6389
    },
    {
      "shape": "Oedipus",
      "correlation": 0.6047
    },
    {
      "shape": "Icarus",
      "correlation": -0.1545
    },
    {
      "shape": "Cinderella",
      "correlation": -0.6184
    },
    {
      "shape": "Rags to Riches",
      "correlation": -0.6389
    },
    {
      "shape": "Man in a Hole",
      "correlation": -0.6892
    }
  ],
  "best_shape": "Tragedy",
  "best_shape_correlation": 0.6389,
  "peaks": [
    {
      "sample": 15,
      "position": 0.15151515151515152,
      "smoothed": 0.04808887683449388,
      "word_offset": 12575,
      "read_time_min": 50.3,
      "driving_words": [
        {
          "word": "triumph",
          "score": 4.0
        },
        {
          "word": "good",
          "score": 3.0
        },
        {
          "word": "splendid",
          "score": 3.0
        },
        {
          "word": "glad",
          "score": 3.0
        },
        {
          "word": "delightful",
          "score": 3.0
        },
        {
          "word": "pleasure",
          "score": 3.0
        }
      ]
    },
    {
      "sample": 28,
      "position": 0.2828282828282828,
      "smoothed": 0.03373197420056957,
      "word_offset": 19141,
      "read_time_min": 76.6,
      "driving_words": [
        {
          "word": "triumph",
          "score": 4.0
        },
        {
          "word": "fantastic",
          "score": 4.0
        },
        {
          "word": "wonderful",
          "score": 4.0
        },
        {
          "word": "pleasant",
          "score": 3.0
        },
        {
          "word": "great",
          "score": 3.0
        },
        {
          "word": "best",
          "score": 3.0
        }
      ]
    },
    {
      "sample": 70,
      "position": 0.7070707070707071,
      "smoothed": 0.01344508015828918,
      "word_offset": 40351,
      "read_time_min": 161.4,
      "driving_words": [
        {
          "word": "fantastic",
          "score": 4.0
        },
        {
          "word": "supreme",
          "score": 4.0
        },
        {
          "word": "triumph",
          "score": 4.0
        },
        {
          "word": "good",
          "score": 3.0
        },
        {
          "word": "best",
          "score": 3.0
        },
        {
          "word": "great",
          "score": 3.0
        }
      ]
    }
  ],
  "valleys": [
    {
      "sample": 53,
      "position": 0.5353535353535354,
      "smoothed": -0.06780495160682343,
      "word_offset": 31766,
      "read_time_min": 127.1,
      "driving_words": [
        {
          "word": "hell",
          "score": -4.0
        },
        {
          "word": "fatal",
          "score": -3.0
        },
        {
          "word": "terrified",
          "score": -3.0
        },
        {
          "word": "lost",
          "score": -3.0
        },
        {
          "word": "died",
          "score": -3.0
        },
        {
          "word": "crime",
          "score": -3.0
        }
      ]
    },
    {
      "sample": 60,
      "position": 0.6060606060606061,
      "smoothed": -0.06543372256310417,
      "word_offset": 35301,
      "read_time_min": 141.2,
      "driving_words": [
        {
          "word": "hell",
          "score": -4.0
        },
        {
          "word": "lost",
          "score": -3.0
        },
        {
          "word": "badly",
          "score": -3.0
        },
        {
          "word": "losing",
          "score": -3.0
        },
        {
          "word": "terrible",
          "score": -3.0
        },
        {
          "word": "selfish",
          "score": -3.0
        }
      ]
    },
    {
      "sample": 89,
      "position": 0.898989898989899,
      "smoothed": -0.05474479895012758,
      "word_offset": 49947,
      "read_time_min": 199.8,
      "driving_words": [
        {
          "word": "tortured",
          "score": -4.0
        },
        {
          "word": "terrible",