{
  "status": "ok",
  "n_words": 33859,
  "window_size": 10000,
  "reliability": "high",
  "raw": [
    0.1872,
    0.1932,
    0.1904,
    0.19,
    0.2048,
    0.2128,
    0.2176,
    0.2084,
    0.2092,
    0.2176,
    0.2176,
    0.2212,
    0.2156,
    0.226,
    0.2344,
    0.2368,
    0.2264,
    0.2344,
    0.2344,
    0.234,
    0.242,
    0.2352,
    0.2336,
    0.234,
    0.238,
    0.2504,
    0.2516,
    0.2604,
    0.266,
    0.2632,
    0.264,
    0.246,
    0.2372,
    0.232,
    0.23,
    0.2176,
    0.2088,
    0.1928,
    0.1824,
    0.1796,
    0.1652,
    0.1676,
    0.1624,
    0.1516,
    0.1548,
    0.1496,
    0.148,
    0.1472,
    0.1424,
    0.1472,
    0.1408,
    0.1504,
    0.1572,
    0.1548,
    0.154,
    0.1432,
    0.1456,
    0.1468,
    0.1388,
    0.1332,
    0.1216,
    0.112,
    0.1092,
    0.108,
    0.0968,
    0.0956,
    0.0844,
    0.0836,
    0.0852,
    0.0828,
    0.0788,
    0.076,
    0.0672,
    0.0748,
    0.0772,
    0.0844,
    0.0836,
    0.0848,
    0.0868,
    0.0896,
    0.0916,
    0.0872,
    0.0944,
    0.0952,
    0.1048,
    0.104,
    0.0972,
    0.0912,
    0.0828,
    0.092,
    0.0784,
    0.0676,
    0.0684,
    0.0528,
    0.0512,
    0.054,
    0.0548,
    0.05,
    0.0464,
    0.0464
  ],
  "smoothed": [
    0.13364418425416652,
    0.16488370093148497,
    0.19031915557111898,
    0.20720099535879485,
    0.21516634104872137,
    0.21606786069922593,
    0.21312167916896319,
    0.20972412495269588,
    0.20838014475485447,
    0.21010423452713334,
    0.214441083205038,
    0.22000225718504396,
    0.2252309557693114,
    0.22905830860008883,
    0.23120925804997883,
    0.23210006837794223,
    0.23245516660640747,
    0.2328769517945347,
    0.2335888120991318,
    0.23445603431544867,
    0.23523426908949188,
    0.23587766836356103,
    0.23671363903647163,
    0.23836663120216417,
    0.24144911144921416,
    0.24616550255683764,
    0.25203122852693627,
    0.25786599404190985,
    0.2620978257878302,
    0.2632699450135671,
    0.26054434964628714,
    0.25399048665165025,
    0.24453774514350585,
    0.23361541962384239,
    0.22263709941840865,
    0.21254792695769112,
    0.20361633230650394,
    0.19553564786662686,
    0.18776036304175012,
    0.17990157478739702,
    0.17199102832582144,
    0.16449703785774233,
    0.15810091054329012,
    0.15335846014451743,
    0.1504228409834289,
    0.1489690538360154,
    0.14835617885884467,
    0.14794249020124128,
    0.14739053959439644,
    0.14680252738193791,
    0.1466097877521333,
    0.14726385415886958,
    0.1488801667317965,
    0.1510176422062574,
    0.15272029730360778,
    0.1528258441552543,
    0.15041709985886825,
    0.14521674492469108,
    0.13774194019866712,
    0.12913776942853722,
    0.1207517574599391,
    0.11363004242652258,
    0.10815376748600074,
    0.10397299628866156,
    0.10026188238303513,
    0.09617376185916704,
    0.09128507371102547,
    0.08582425101191547,
    0.08058293828777416,
    0.07655533267028548,
    0.07447811059584503,
    0.07448907922230058,
    0.0760657619138862,
    0.07827201496636974,
    0.08019397444996094,
    0.08135565529038769,
    0.08191316617649856,
    0.08253179398090513,
    0.08400311106738614,
    0.08678714437239139,
    0.0907053835125442,
    0.09494218549423668,
    0.09836489022294606,
    0.10001555958353799,
    0.09953585080728618,
    0.09730849349454487,
    0.09422903416880608,
    0.09120256402492533,
    0.08860728081450171,
    0.086006533360901,
    0.08229650147337995,
    0.07628244892198736,
    0.06746594753647195,
    0.05669509831776332,
    0.0463458363423111,
    0.03986937745828421,
    0.04079627940374419,
    0.05152649724575464,
    0.0723539180617136,
    0.10111641190644165
  ],
  "shape_matches": [
    {
      "shape": "Tragedy",
      "correlation": 0.8869
    },
    {
      "shape": "Oedipus",
      "correlation": 0.505
    },
    {
      "shape": "Icarus",
      "correlation": 0.1148
    },
    {
      "shape": "Cinderella",
      "correlation": -0.536
    },
    {
      "shape": "Man in a Hole",
      "correlation": -0.7956
    },
    {
      "shape": "Rags to Riches",
      "correlation": -0.8869
    }
  ],
  "best_shape": "Tragedy",
  "best_shape_correlation": 0.8869,
  "peaks": [
    {
      "sample": 5,
      "position": 0.050505050505050504,
      "smoothed": 0.21606786069922593,
      "word_offset": 6205,
      "read_time_min": 24.8,
      "driving_words": [
        {
          "word": "wonderfully",
          "score": 4.0
        },
        {
          "word": "brilliant",
          "score": 4.0
        },
        {
          "word": "great",
          "score": 3.0
        },
        {
          "word": "pleasure",
          "score": 3.0
        },
        {
          "word": "affection",
          "score": 3.0
        },
        {
          "word": "won",
          "score": 3.0
        }
      ]
    },
    {
      "sample": 29,
      "position": 0.29292929292929293,
      "smoothed": 0.2632699450135671,
      "word_offset": 11989,
      "read_time_min": 48.0,
      "driving_words": [
        {
          "word": "adored",
          "score": 3.0
        },
        {
          "word": "love",
          "score": 3.0
        },
        {
          "word": "good",
          "score": 3.0
        },
        {
          "word": "pleasure",
          "score": 3.0
        },
        {
          "word": "happy",
          "score": 3.0
        },
        {
          "word": "affection",
          "score": 3.0
        }
      ]
    },
    {
      "sample": 55,
      "position": 0.5555555555555556,
      "smoothed": 0.1528258441552543,
      "word_offset": 18255,
      "read_time_min": 73.0,
      "driving_words": [
        {
          "word": "rapturous",
          "score": 4.0
        },
        {
          "word": "exquisite",
          "score": 3.0
        },
        {
          "word": "great",
          "score": 3.0
        },
        {
          "word": "affection",
          "score": 3.0
        },
        {
          "word": "pleased",
          "score": 3.0
        },
        {
          "word": "admire",
          "score": 3.0
        }
      ]
    }
  ],
  "valleys": [
    {
      "sample": 50,
      "position": 0.5050505050505051,
      "smoothed": 0.1466097877521333,
      "word_offset": 17050,
      "read_time_min": 68.2,
      "driving_words": [
        {
          "word": "fag",
          "score": -3.0
        },
        {
          "word": "ugly",
          "score": -3.0
        },
        {
          "word": "selfish",
          "score": -3.0
        },
        {
          "word": "chastised",
          "score": -3.0
        },
        {
          "word": "angry",
          "score": -3.0
        },
        {
          "word": "plagues",
          "score": -3.0
        }
      ]
    },
    {
      "sample": 70,
      "position": 0.7070707070707071,
      "smoothed": 0.07447811059584503,
      "word_offset": 21870,
      "read_time_min": 87.5,
      "driving_words": [
        {
          "word": "hate",
          "score": -3.0
        },
        {
          "word": "worst",
          "score": -3.0
        },
        {
          "word": "died",
          "score": -3.0
        },
        {
          "word": "angry",
          "score": -3.0
        },
        {
          "word": "slave",
          "score": -3.0
        },
        {
          "word": "evil",
          "score": -3.0
        }
      ]
    },
    {
      "sample": 95,
      "position": 0.9595959595959596,
      "smoothed": 0.03986937745828421,
      "word_offset": 27895,
      "read_time_min": 111.6,
      "driving_words": [
        {
          "word": "torture",
          "score": -4.0
        },
        {
          "word": "tortured",
          "score": -4.0
        },
        {
          "word": "violent",
          "score": -3.0
        },
        {
          "word": "despair",