{
  "status": "ok",
  "n_words": 72830,
  "window_size": 10000,
  "reliability": "high",
  "raw": [
    0.0184,
    0.0236,
    0.0152,
    0.0056,
    0.004,
    0.0056,
    0.0096,
    0.0112,
    0.0076,
    -0.0068,
    -0.0208,
    -0.0284,
    -0.044,
    -0.0396,
    -0.0532,
    -0.062,
    -0.0532,
    -0.0268,
    -0.0232,
    -0.0136,
    0.0004,
    0.0112,
    0.0216,
    0.0092,
    0.0196,
    0.0348,
    0.0452,
    0.0588,
    0.0652,
    0.06,
    0.072,
    0.0728,
    0.0652,
    0.0516,
    0.0548,
    0.0548,
    0.0452,
    0.0496,
    0.046,
    0.044,
    0.0336,
    0.0184,
    0.014,
    0.0248,
    0.0168,
    0.0068,
    0.0028,
    -0.0052,
    -0.0152,
    -0.0084,
    -0.012,
    -0.02,
    -0.014,
    -0.0296,
    -0.0192,
    -0.0152,
    -0.0224,
    -0.0228,
    -0.0276,
    -0.0168,
    -0.0188,
    -0.0092,
    0.0012,
    0.0132,
    0.0156,
    0.0036,
    0.0004,
    -0.0032,
    -0.004,
    0.01,
    -0.0012,
    0.0036,
    0.0192,
    0.0156,
    0.0084,
    -0.0116,
    -0.0128,
    -0.0248,
    -0.0356,
    -0.0268,
    -0.036,
    -0.0264,
    -0.0084,
    -0.0232,
    -0.0344,
    -0.0252,
    -0.0148,
    -0.0104,
    -0.0116,
    -0.0116,
    -0.0168,
    -0.0084,
    -0.0132,
    -0.012,
    -0.0132,
    -0.0196,
    -0.0296,
    -0.0276,
    -0.0248,
    -0.0012
  ],
  "smoothed": [
    0.007680327707953623,
    0.01370796851229517,
    0.015548799660280221,
    0.014009995517064458,
    0.010868948321273478,
    0.007887065950755917,
    0.00589183989731497,
    0.004360159530551106,
    0.001703228682967044,
    -0.0038715593533903037,
    -0.013316906506763876,
    -0.026008467171878852,
    -0.03967555351445865,
    -0.05106897652007327,
    -0.05710797633641339,
    -0.05603100145101877,
    -0.048064629284701656,
    -0.035326096976139025,
    -0.020999274948077608,
    -0.008129447294209969,
    0.0014634291702814474,
    0.007714796297682462,
    0.012097329486804715,
    0.016784030643105234,
    0.023577064847483502,
    0.033067826264755754,
    0.04437194402473128,
    0.055519102003648825,
    0.06429228446380136,
    0.06912964546792662,
    0.06969893966785545,
    0.06692166204022458,
    0.06247878482131392,
    0.05805431980411885,
    0.05466847018653953,
    0.052383583342258774,
    0.05047449879908287,
    0.04793533366941576,
    0.04405028614847327,
    0.03874949757260497,
    0.032597426531468104,
    0.02645290127548779,
    0.02100116476912155,
    0.01641151857649444,
    0.012297510540922468,
    0.007992337654083638,
    0.002984978176513402,
    -0.0027226304813098645,
    -0.008537199983118035,
    -0.013529272832602593,
    -0.01689961121665605,
    -0.018415531027969043,
    -0.018578140402474706,
    -0.018408246354815704,
    -0.018930915247855357,
    -0.02060199936720254,
    -0.022970379776268642,
    -0.024775347642028853,
    -0.02447746032103454,
    -0.021005721526563135,
    -0.014378365074143752,
    -0.0058853749181350225,
    0.00229678572264904,
    0.007931257953224975,
    0.00964643640400934,
    0.0075503695402617775,
    0.0032382513120588364,
    -0.0008463854239150215,
    -0.0024491433342542913,
    -0.0005043585092307934,
    0.004341493921838477,
    0.009928127586021698,
    0.013439688709667719,
    0.012572648463444228,
    0.006521688977123987,
    -0.0036372400012080397,
    -0.015332603289837984,
    -0.02548882608588917,
    -0.03170219659373353,
    -0.03310499527237567,
    -0.030563763107759163,
    -0.02615282644656434,
    -0.02216101007161727,
    -0.020087074853997217,
    -0.02007084561021878,
    -0.020998141886639995,
    -0.02120445915754444,
    -0.01942749459329492,
    -0.015546824437053781,
    -0.01075072526881608,
    -0.007038498184125921,
    -0.006278907462017682,
    -0.009258391799437955,
    -0.015168188723018122,
    -0.02178867918396505,
    -0.02631727295599482,
    -0.026493789386498046,
    -0.021537271382887947,
    -0.012484984183517801,
    -0.001784765882245305
  ],
  "shape_matches": [
    {
      "shape": "Icarus",
      "correlation": 0.3063
    },
    {
      "shape": "Tragedy",
      "correlation": 0.3003
    },
    {
      "shape": "Cinderella",
      "correlation": 0.0395
    },
    {
      "shape": "Oedipus",
      "correlation": -0.0583
    },
    {
      "shape": "Man in a Hole",
      "correlation": -0.1701
    },
    {
      "shape": "Rags to Riches",
      "correlation": -0.3003
    }
  ],
  "best_shape": "Icarus",
  "best_shape_correlation": 0.3063,
  "peaks": [
    {
      "sample": 2,
      "position": 0.020202020202020204,
      "smoothed": 0.015548799660280221,
      "word_offset": 6269,
      "read_time_min": 25.1,
      "driving_words": [
        {
          "word": "amazing",
          "score": 4.0
        },
        {
          "word": "good",
          "score": 3.0
        },
        {
          "word": "successful",
          "score": 3.0
        },
        {
          "word": "genial",
          "score": 3.0
        },
        {
          "word": "love",
          "score": 3.0
        },
        {
          "word": "beautiful",
          "score": 3.0
        }
      ]
    },
    {
      "sample": 30,
      "position": 0.30303030303030304,
      "smoothed": 0.06969893966785545,
      "word_offset": 24039,
      "read_time_min": 96.2,
      "driving_words": [
        {
          "word": "triumphant",
          "score": 4.0
        },
        {
          "word": "funny",
          "score": 4.0
        },
        {
          "word": "wonderful",
          "score": 4.0
        },
        {
          "word": "astounded",
          "score": 3.0
        },
        {
          "word": "great",
          "score": 3.0
        },
        {
          "word": "nice",
          "score": 3.0
        }
      ]
    },
    {
      "sample": 72,
      "position": 0.7272727272727273,
      "smoothed": 0.013439688709667719,
      "word_offset": 50695,
      "read_time_min": 202.8,
      "driving_words": [
        {
          "word": "wonderful",
          "score": 4.0
        },
        {
          "word": "triumph",
          "score": 4.0
        },
        {
          "word": "winning",
          "score": 4.0
        },
        {
          "word": "amazing",
          "score": 4.0
        },
        {
          "word": "great",
          "score": 3.0
        },
        {
          "word": "greatest",
          "score": 3.0
        }
      ]
    }
  ],
  "valleys": [
    {
      "sample": 14,
      "position": 0.1414141414141414,
      "smoothed": -0.05710797633641339,
      "word_offset": 13885,
      "read_time_min": 55.5,
      "driving_words": [
        {
          "word": "hell",
          "score": -4.0
        },
        {
          "word": "damned",
          "score": -4.0
        },
        {
          "word": "hate",
          "score": -3.0
        },
        {
          "word": "hater",
          "score": -3.0
        },
        {
          "word": "arrested",
          "score": -3.0
        },
        {
          "word": "warning",
          "score": -3.0
        }
      ]
    },
    {
      "sample": 79,
      "position": 0.797979797979798,
      "smoothed": -0.03310499527237567,
      "word_offset": 55137,
      "read_time_min": 220.5,
      "driving_words": [
        {
          "word": "cock",
          "score": -5.0
        },
        {
          "word": "prick",
          "score": -5.0
        },
        {
          "word": "hell",
          "score": -4.0
        },
        {
          "word": "killed",
          "score": -3.0
        },
        {
          "word": "kill",
          "score": -3.0
        },
        {
          "word": "greed",
          "score": -3.0
        }
      ]
    },
    {
      "sample": 96,
      "position": 0.9696969696969697,
      "smoothed": -0.026493789386498046,
      "word_offset": 65926,
      "read_time_min": 263.7,
      "driving_words": [
        {
          "word": "scandal",