{
  "status": "ok",
  "n_words": 54744,
  "window_size": 10000,
  "reliability": "high",
  "raw": [
    0.11,
    0.1212,
    0.1344,
    0.1136,
    0.1252,
    0.1352,
    0.1112,
    0.114,
    0.0928,
    0.098,
    0.12,
    0.1256,
    0.1236,
    0.1324,
    0.1096,
    0.0972,
    0.1032,
    0.1268,
    0.112,
    0.1132,
    0.0992,
    0.09,
    0.1152,
    0.102,
    0.1012,
    0.134,
    0.1172,
    0.1004,
    0.0896,
    0.0868,
    0.0792,
    0.0692,
    0.0396,
    0.0536,
    0.0868,
    0.1212,
    0.1396,
    0.1504,
    0.1568,
    0.152,
    0.1568,
    0.1532,
    0.1292,
    0.1008,
    0.0916,
    0.0796,
    0.0592,
    0.0136,
    0.0068,
    0.0112,
    -0.0064,
    -0.01,
    0.002,
    -0.006,
    -0.0204,
    -0.06,
    -0.094,
    -0.138,
    -0.144,
    -0.1416,
    -0.1636,
    -0.1788,
    -0.1836,
    -0.1724,
    -0.1476,
    -0.1232,
    -0.124,
    -0.13,
    -0.116,
    -0.1284,
    -0.1384,
    -0.1412,
    -0.13,
    -0.1264,
    -0.156,
    -0.1672,
    -0.1648,
    -0.1452,
    -0.1608,
    -0.1604,
    -0.1696,
    -0.1692,
    -0.1796,
    -0.1612,
    -0.1532,
    -0.1544,
    -0.1636,
    -0.1596,
    -0.1648,
    -0.1692,
    -0.1512,
    -0.1388,
    -0.1232,
    -0.1068,
    -0.1068,
    -0.0824,
    -0.0424,
    -0.006,
    0.0108,
    -0.0024
  ],
  "smoothed": [
    0.08247057985971207,
    0.10790318607781096,
    0.12396417828451935,
    0.13037347781995723,
    0.1288726655851694,
    0.12260239207450596,
    0.115102197687171,
    0.10929749129608567,
    0.10681083634342116,
    0.10778190367769604,
    0.11117467562053063,
    0.11537970121764626,
    0.11884812774612995,
    0.1205382231891462,
    0.12007796436840913,
    0.11768256215119609,
    0.11395042637615799,
    0.10966468845531582,
    0.10566395248330784,
    0.10276274063680807,
    0.10165271441217306,
    0.10273089285061676,
    0.10587211821891378,
    0.11024645685442337,
    0.11432293276500208,
    0.11616243015693402,
    0.11398872794161231,
    0.1068839127899384,
    0.09535194647476676,
    0.0814906855349804,
    0.0686261665817968,
    0.06045794560894179,
    0.059963688690139884,
    0.06842902214755948,
    0.08494847615332614,
    0.10658552140397096,
    0.1291437253508651,
    0.1482815480019012,
    0.16058942901160855,
    0.16428438468451723,
    0.15934504017347617,
    0.1471341605692343,
    0.12973961909982218,
    0.10933284656962813,
    0.08777517379601373,
    0.06653894978858302,
    0.046835932969378165,
    0.02974641688552747,
    0.016166307943978747,
    0.0065218779154741285,
    0.0003739643581806971,
    -0.0038465809116191973,
    -0.008732045867884479,
    -0.017315421512298285,
    -0.03212491788594607,
    -0.05418778198895419,
    -0.08238056537151402,
    -0.1134403974038292,
    -0.14272220687353643,
    -0.1654982675167473,
    -0.17836870261188786,
    -0.18028450670871746,
    -0.17281352868660957,
    -0.15955802127581947,
    -0.14494916353303075,
    -0.13287105276842007,
    -0.125612479499257,
    -0.12349358163404678,
    -0.12523266147305806,
    -0.12882565065195561,
    -0.1325279966416354,
    -0.1355269599219871,
    -0.13806293211001425,
    -0.14101941123596504,
    -0.14523499903898954,
    -0.15089632990223176,
    -0.15730794153496488,
    -0.16313999777403648,
    -0.16702167465675438,
    -0.16818508513093025,
    -0.16684475277464317,
    -0.16412630150645308,
    -0.16157224077612634,
    -0.16045129340213574,
    -0.16118832571532324,
    -0.16317354730541808,
    -0.16503080006570212,
    -0.16520978374021072,
    -0.16261671665613966,
    -0.15698268301337412,
    -0.14879639394380445,
    -0.13883944703941967,
    -0.12755904377873337,
    -0.11460275286250089,
    -0.0987778258206365,
    -0.07850843864407099,
    -0.05263131408980476,
    -0.021198237696799304,
    0.014077661110422128,
    0.04996811318952231
  ],
  "shape_matches": [
    {
      "shape": "Tragedy",
      "correlation": 0.8279
    },
    {
      "shape": "Oedipus",
      "correlation": 0.5403
    },
    {
      "shape": "Icarus",
      "correlation": -0.0612
    },
    {
      "shape": "Cinderella",
      "correlation": -0.5667
    },
    {
      "shape": "Man in a Hole",
      "correlation": -0.8166
    },
    {
      "shape": "Rags to Riches",
      "correlation": -0.8279
    }
  ],
  "best_shape": "Tragedy",
  "best_shape_correlation": 0.8279,
  "peaks": [
    {
      "sample": 3,
      "position": 0.030303030303030304,
      "smoothed": 0.13037347781995723,
      "word_offset": 6356,
      "read_time_min": 25.4,
      "driving_words": [
        {
          "word": "thrilled",
          "score": 5.0
        },
        {
          "word": "brilliant",
          "score": 4.0
        },
        {
          "word": "win",
          "score": 4.0
        },
        {
          "word": "ecstatic",
          "score": 4.0
        },
        {
          "word": "rapturous",
          "score": 4.0
        },
        {
          "word": "triumph",
          "score": 4.0
        }
      ]
    },
    {
      "sample": 13,
      "position": 0.13131313131313133,
      "smoothed": 0.1205382231891462,
      "word_offset": 10875,
      "read_time_min": 43.5,
      "driving_words": [
        {
          "word": "thrilled",
          "score": 5.0
        },
        {
          "word": "win",
          "score": 4.0
        },
        {
          "word": "triumph",
          "score": 4.0
        },
        {
          "word": "winning",
          "score": 4.0
        },
        {
          "word": "fun",
          "score": 4.0
        },
        {
          "word": "fantastic",
          "score": 4.0
        }
      ]
    },
    {
      "sample": 39,
      "position": 0.3939393939393939,
      "smoothed": 0.16428438468451723,
      "word_offset": 22626,
      "read_time_min": 90.5,
      "driving_words": [
        {
          "word": "superb",
          "score": 5.0
        },
        {
          "word": "triumph",
          "score": 4.0
        },
        {
          "word": "win",
          "score": 4.0
        },
        {
          "word": "rejoiced",
          "score": 4.0
        },
        {
          "word": "wins",
          "score": 4.0
        },
        {
          "word": "loved",
          "score": 3.0
        }
      ]
    }
  ],
  "valleys": [
    {
      "sample": 61,
      "position": 0.6161616161616161,
      "smoothed": -0.18028450670871746,
      "word_offset": 32570,
      "read_time_min": 130.3,
      "driving_words": [
        {
          "word": "tortured",
          "score": -4.0
        },
        {
          "word": "hated",
          "score": -3.0
        },
        {
          "word": "brutal",
          "score": -3.0
        },
        {
          "word": "terrible",
          "score": -3.0
        },
        {
          "word": "victims",
          "score": -3.0
        },
        {
          "word": "crime",
          "score": -3.0
        }
      ]
    },
    {
      "sample": 79,
      "position": 0.797979797979798,
      "smoothed": -0.16818508513093025,
      "word_offset": 40705,
      "read_time_min": 162.8,
      "driving_words": [
        {
          "word": "torture",
          "score": -4.0
        },
        {
          "word": "dead",
          "score": -3.0
        },
        {
          "word": "bloody",
          "score": -3.0
        },
        {
          "word": "hated",
          "score": -3.0
        },
        {
          "word": "loss",
          "score": -3.0
        },
        {
          "word": "terrible",
          "score": -3.0
        }
      ]
    },
    {
      "sample": 87,
      "position": 0.8787878787878788,
      "smoothed": -0.16520978374021072,
      "word_offset": 44320,
      "read_time_min": 177.3,
      "driving_words": [
        {
          "word": "torture",
          "score": -4.0
        },
        {
          "word": "tortured",
          "score": -4.0
        },
        {
          "word": "fraud",