{
  "status": "ok",
  "n_words": 80189,
  "window_size": 10000,
  "reliability": "high",
  "raw": [
    0.1048,
    0.1012,
    0.1072,
    0.1112,
    0.0892,
    0.0792,
    0.0824,
    0.0668,
    0.0604,
    0.0592,
    0.096,
    0.1096,
    0.1188,
    0.1308,
    0.1396,
    0.1412,
    0.1416,
    0.1516,
    0.172,
    0.1788,
    0.1968,
    0.2192,
    0.2448,
    0.2492,
    0.2232,
    0.186,
    0.17,
    0.1428,
    0.1348,
    0.1424,
    0.146,
    0.138,
    0.1168,
    0.118,
    0.1136,
    0.0816,
    0.0764,
    0.0664,
    0.0776,
    0.0884,
    0.1064,
    0.1256,
    0.1288,
    0.1176,
    0.1112,
    0.1228,
    0.1472,
    0.1532,
    0.1508,
    0.1584,
    0.1488,
    0.132,
    0.128,
    0.1264,
    0.1144,
    0.0972,
    0.1036,
    0.0992,
    0.1012,
    0.0912,
    0.0928,
    0.0988,
    0.0988,
    0.0952,
    0.1056,
    0.13,
    0.1496,
    0.1696,
    0.158,
    0.1404,
    0.1488,
    0.166,
    0.1656,
    0.1708,
    0.1684,
    0.1648,
    0.184,
    0.2168,
    0.2148,
    0.2204,
    0.2244,
    0.19,
    0.1952,
    0.2176,
    0.21,
    0.2036,
    0.216,
    0.2284,
    0.2372,
    0.2268,
    0.2032,
    0.1944,
    0.1972,
    0.1892,
    0.1852,
    0.1952,
    0.2284,
    0.2376,
    0.23,
    0.2204
  ],
  "smoothed": [
    0.15678800141713067,
    0.1311662882843972,
    0.10932602074453296,
    0.09272809684635337,
    0.08118748936946941,
    0.07373786868846616,
    0.0696019409721004,
    0.06873391959357496,
    0.07168226571793648,
    0.07891569965377465,
    0.09005914275601194,
    0.10354401509406351,
    0.11695958751320296,
    0.12800860882057055,
    0.13561668972789495,
    0.14060639158679,
    0.14550699570880654,
    0.15346676472413925,
    0.16668326771092826,
    0.1850507882831036,
    0.20569263725197862,
    0.2236944374983784,
    0.23382833846037865,
    0.23259305511560374,
    0.21970843665452008,
    0.198394351215453,
    0.1742615773451155,
    0.15323493132676694,
    0.13935489214444896,
    0.13337060776539278,
    0.13270813547263205,
    0.13281241719804626,
    0.12927458517014626,
    0.11982512164084355,
    0.10534325268099444,
    0.0894714302732885,
    0.07703545430314178,
    0.07198472934803037,
    0.07575807118074251,
    0.08676916191539472,
    0.10119322945863597,
    0.11465691218803505,
    0.12404700469114588,
    0.12862994952245604,
    0.1300150901610589,
    0.13103797675643417,
    0.1341334898224347,
    0.1399873280248477,
    0.14710318182764487,
    0.1524780849797646,
    0.15305097618392474,
    0.14722617792866483,
    0.1357423061137823,
    0.12146991340725231,
    0.10822904134891191,
    0.09918122211177036,
    0.09555113146136099,
    0.09627626304085549,
    0.09874183932850931,
    0.10024006254146726,
    0.09944271503511282,
    0.09716191300217396,
    0.09600675197007055,
    0.09907127738588554,
    0.10826501837744971,
    0.12309452056840887,
    0.14052254614282556,
    0.15604600305466668,
    0.16556315086792384,
    0.16720904572452458,
    0.16231294352606188,
    0.1549953422236983,
    0.15051993900677005,
    0.15308077010224555,
    0.1639798065508583,
    0.18100411051422757,
    0.19930097741886582,
    0.21339609519353744,
    0.21949286392052852,
    0.2170580824748389,
    0.20900327673889002,
    0.20038108785170086,
    0.19616461645324404,
    0.1990785107118692,
    0.20842688853519914,
    0.2204254785901852,
    0.2298869086481529,
    0.23251867318382174,
    0.22683070723174542,
    0.2148257527064072,
    0.20117917421576692,
    0.19126843598914123,
    0.18890009159587892,
    0.19469565745842782,
    0.20579680108814535,
    0.21697641763883163,
    0.22265195091890064,
    0.21894605079060747,
    0.20496879905808243,
    0.1828741994608317
  ],
  "shape_matches": [
    {
      "shape": "Rags to Riches",
      "correlation": 0.5501
    },
    {
      "shape": "Man in a Hole",
      "correlation": 0.3329
    },
    {
      "shape": "Cinderella",
      "correlation": 0.076
    },
    {
      "shape": "Oedipus",
      "correlation": -0.0471
    },
    {
      "shape": "Icarus",
      "correlation": -0.3079
    },
    {
      "shape": "Tragedy",
      "correlation": -0.5501
    }
  ],
  "best_shape": "Rags to Riches",
  "best_shape_correlation": 0.5501,
  "peaks": [
    {
      "sample": 22,
      "position": 0.2222222222222222,
      "smoothed": 0.23382833846037865,
      "word_offset": 20598,
      "read_time_min": 82.4,
      "driving_words": [
        {
          "word": "wonderful",
          "score": 4.0
        },
        {
          "word": "rejoicing",
          "score": 4.0
        },
        {
          "word": "funny",
          "score": 4.0
        },
        {
          "word": "heavenly",
          "score": 4.0
        },
        {
          "word": "brilliant",
          "score": 4.0
        },
        {
          "word": "exuberant",
          "score": 4.0
        }
      ]
    },
    {
      "sample": 87,
      "position": 0.8787878787878788,
      "smoothed": 0.23251867318382174,
      "word_offset": 66681,
      "read_time_min": 266.7,
      "driving_words": [
        {
          "word": "thrilled",
          "score": 5.0
        },
        {
          "word": "rejoiced",
          "score": 4.0
        },
        {
          "word": "wonderful",
          "score": 4.0
        },
        {
          "word": "funny",
          "score": 4.0
        },
        {
          "word": "love",
          "score": 3.0
        },
        {
          "word": "best",
          "score": 3.0
        }
      ]
    },
    {
      "sample": 96,
      "position": 0.9696969696969697,
      "smoothed": 0.22265195091890064,
      "word_offset": 73062,
      "read_time_min": 292.2,
      "driving_words": [
        {
          "word": "thrilled",
          "score": 5.0
        },
        {
          "word": "wonderful",
          "score": 4.0
        },
        {
          "word": "funny",
          "score": 4.0
        },
        {
          "word": "fun",
          "score": 4.0
        },
        {
          "word": "fantastic",
          "score": 4.0
        },
        {
          "word": "miracle",
          "score": 4.0
        }
      ]
    }
  ],
  "valleys": [
    {
      "sample": 7,
      "position": 0.0707070707070707,
      "smoothed": 0.06873391959357496,
      "word_offset": 9963,
      "read_time_min": 39.9,
      "driving_words": [
        {
          "word": "miserable",
          "score": -3.0
        },
        {
          "word": "guilt",
          "score": -3.0
        },
        {
          "word": "guilty",
          "score": -3.0
        },
        {
          "word": "corrupt",
          "score": -3.0
        },
        {
          "word": "irritated",
          "score": -3.0
        },
        {
          "word": "corruption",
          "score": -3.0
        }
      ]
    },
    {
      "sample": 37,
      "position": 0.37373737373737376,
      "smoothed": 0.07198472934803037,
      "word_offset": 31232,
      "read_time_min": 124.9,
      "driving_words": [
        {
          "word": "damned",
          "score": -4.0
        },
        {
          "word": "worse",
          "score": -3.0
        },
        {
          "word": "hate",
          "score": -3.0
        },
        {
          "word": "killing",
          "score": -3.0
        },
        {
          "word": "ridiculous",
          "score": -3.0
        },
        {
          "word": "lost",
          "score": -3.0
        }
      ]
    },
    {
      "sample": 56,
      "position": 0.5656565656565656,
      "smoothed": 0.09555113146136099,
      "word_offset": 44703,
      "read_time_min": 178.8,
      "driving_words": [
        {
          "word": "bad",
          "score": -3.0
        },
        {
          "word": "dreadful",
          "score": -3.0
        },
        {
          "word": "die",
          "score": -3.0
        },
        {
          "word": "miserable",