{
  "status": "ok",
  "n_words": 146948,
  "window_size": 10000,
  "reliability": "high",
  "raw": [
    0.1736,
    0.1624,
    0.1784,
    0.1712,
    0.1628,
    0.126,
    0.1164,
    0.0988,
    0.1076,
    0.1052,
    0.0736,
    0.0912,
    0.14,
    0.1616,
    0.1852,
    0.18,
    0.1536,
    0.194,
    0.208,
    0.194,
    0.1876,
    0.1692,
    0.1924,
    0.2064,
    0.1888,
    0.1976,
    0.2096,
    0.1868,
    0.2,
    0.168,
    0.1612,
    0.1676,
    0.1592,
    0.118,
    0.1248,
    0.098,
    0.0824,
    0.0868,
    0.1,
    0.1136,
    0.1436,
    0.1388,
    0.1464,
    0.1868,
    0.1968,
    0.2008,
    0.184,
    0.2052,
    0.2084,
    0.2036,
    0.2216,
    0.2296,
    0.2388,
    0.2328,
    0.23,
    0.248,
    0.2504,
    0.248,
    0.2512,
    0.2268,
    0.22,
    0.2164,
    0.2104,
    0.232,
    0.2208,
    0.2264,
    0.2196,
    0.1908,
    0.1536,
    0.1364,
    0.1064,
    0.086,
    0.0792,
    0.044,
    0.0164,
    0.0108,
    0.0264,
    0.0104,
    0.008,
    0.0056,
    0.0024,
    0.0224,
    0.0536,
    0.0488,
    0.0608,
    0.034,
    0.0248,
    0.0228,
    0.058,
    0.0972,
    0.1312,
    0.1396,
    0.1912,
    0.1756,
    0.164,
    0.1,
    0.0124,
    -0.0392,
    -0.042,
    -0.0708
  ],
  "smoothed": [
    0.06644202783356398,
    0.12358217883595671,
    0.1695225475479569,
    0.19185774208198414,
    0.18681224980629693,
    0.15985347929922136,
    0.12301640424148351,
    0.09015307295658982,
    0.07201581804791202,
    0.07299491483340273,
    0.09054268442027161,
    0.11718802329333014,
    0.1440546511736591,
    0.1643313872650449,
    0.17534785033684508,
    0.1786399970344415,
    0.17829446379403893,
    0.178542101104042,
    0.18176112316907425,
    0.1877151938889838,
    0.19418950835635823,
    0.19852407310577572,
    0.199177444407646,
    0.19652750779838735,
    0.19255889750693658,
    0.1896646072748365,
    0.1892204396316044,
    0.1906792307608414,
    0.19165326479923508,
    0.1889579619085,
    0.18012295282271798,
    0.16465886732505858,
    0.1444933413248048,
    0.12338592762902115,
    0.10560194970198436,
    0.09444625232526609,
    0.09128577788902502,
    0.09542636089579042,
    0.10479387474486349,
    0.11700858787034533,
    0.13030433828300864,
    0.14388429116878884,
    0.1576374104721769,
    0.17148700306657863,
    0.18482591812557123,
    0.19642150113708215,
    0.20488923375686396,
    0.2094896689400884,
    0.2107840779130339,
    0.21071347452847466,
    0.21194013059355787,
    0.21667869190028305,
    0.22554838974275246,
    0.2370336918246933,
    0.24790027071826182,
    0.254475389072612,
    0.25427045352603733,
    0.2472115811219502,
    0.23586973514896512,
    0.22450638475160292,
    0.21728891806807546,
    0.2164335814672699,
    0.2211061103243034,
    0.22760281777687527,
    0.23077567986400815,
    0.22610455013311156,
    0.2115175854606925,
    0.18816395143041342,
    0.15981240359868243,
    0.1311744726999354,
    0.10594271264454305,
    0.08545967298796715,
    0.0686262164588412,
    0.053056045631839036,
    0.03686847623416185,
    0.020180122603719184,
    0.005478948533824202,
    -0.003400204857874041,
    -0.0032732782955555086,
    0.006387632783335038,
    0.02250569942725205,
    0.039150723904086054,
    0.049856694366182036,
    0.05058459030449681,
    0.041986350773819105,
    0.02979723882276212,
    0.022920410373671235,
    0.02977771162918285,
    0.0543474287413347,
    0.09359915825553135,
    0.13759694197784791,
    0.17251416619077922,
    0.18559316379846358,
    0.17019634560856786,
    0.12892780205491347,
    0.07346094786974403,
    0.02095201261346189,
    -0.011739443597812817,
    -0.013907506855028916,
    0.01525677335709335
  ],
  "shape_matches": [
    {
      "shape": "Icarus",
      "correlation": 0.4851
    },
    {
      "shape": "Tragedy",
      "correlation": 0.3962
    },
    {
      "shape": "Cinderella",
      "correlation": 0.1261
    },
    {
      "shape": "Man in a Hole",
      "correlation": -0.1531
    },
    {
      "shape": "Oedipus",
      "correlation": -0.1537
    },
    {
      "shape": "Rags to Riches",
      "correlation": -0.3962
    }
  ],
  "best_shape": "Icarus",
  "best_shape_correlation": 0.4851,
  "peaks": [
    {
      "sample": 48,
      "position": 0.48484848484848486,
      "smoothed": 0.2107840779130339,
      "word_offset": 71399,
      "read_time_min": 285.6,
      "driving_words": [
        {
          "word": "wonderful",
          "score": 4.0
        },
        {
          "word": "miracle",
          "score": 4.0
        },
        {
          "word": "brilliant",
          "score": 4.0
        },
        {
          "word": "triumphant",
          "score": 4.0
        },
        {
          "word": "triumph",
          "score": 4.0
        },
        {
          "word": "win",
          "score": 4.0
        }
      ]
    },
    {
      "sample": 55,
      "position": 0.5555555555555556,
      "smoothed": 0.254475389072612,
      "word_offset": 81082,
      "read_time_min": 324.3,
      "driving_words": [
        {
          "word": "brilliant",
          "score": 4.0
        },
        {
          "word": "ecstatic",
          "score": 4.0
        },
        {
          "word": "wonderful",
          "score": 4.0
        },
        {
          "word": "triumph",
          "score": 4.0
        },
        {
          "word": "amused",
          "score": 3.0
        },
        {
          "word": "good",
          "score": 3.0
        }
      ]
    },
    {
      "sample": 64,
      "position": 0.6464646464646465,
      "smoothed": 0.23077567986400815,
      "word_offset": 93532,
      "read_time_min": 374.1,
      "driving_words": [
        {
          "word": "superb",
          "score": 5.0
        },
        {
          "word": "wonderful",
          "score": 4.0
        },
        {
          "word": "triumphant",
          "score": 4.0
        },
        {
          "word": "rejoicing",
          "score": 4.0
        },
        {
          "word": "good",
          "score": 3.0
        },
        {
          "word": "adores",
          "score": 3.0
        }
      ]
    }
  ],
  "valleys": [
    {
      "sample": 77,
      "position": 0.7777777777777778,
      "smoothed": -0.003400204857874041,
      "word_offset": 111515,
      "read_time_min": 446.1,
      "driving_words": [
        {
          "word": "damned",
          "score": -4.0
        },
        {
          "word": "tortures",
          "score": -4.0
        },
        {
          "word": "hell",
          "score": -4.0
        },
        {
          "word": "dreadful",
          "score": -3.0
        },
        {
          "word": "warning",
          "score": -3.0
        },
        {
          "word": "violently",
          "score": -3.0
        }
      ]
    },
    {
      "sample": 86,
      "position": 0.8686868686868687,
      "smoothed": 0.022920410373671235,
      "word_offset": 123965,
      "read_time_min": 495.9,
      "driving_words": [
        {
          "word": "fraud",
          "score": -4.0
        },
        {
          "word": "torturing",
          "score": -4.0
        },
        {
          "word": "hell",
          "score": -4.0
        },
        {
          "word": "terribly",
          "score": -3.0
        },
        {
          "word": "cruelty",
          "score": -3.0
        },
        {
          "word": "violence",
          "score": -3.0
        }
      ]
    },
    {
      "sample": 98,
      "position": 0.98989898989899,
      "smoothed": -0.013907506855028916,
      "word_offset": 140565,
      "read_time_min": 562.3,
      "driving_words": [
        {
          "word": "fraud",
          "score": -4.0
        },
        {
          "word": "lost",
          "score": -3.0
        },
        {
          "word": "worse",
          "score": -3.0
        },
        {
          "word": "bad",