{
  "status": "ok",
  "n_words": 67175,
  "window_size": 10000,
  "reliability": "high",
  "raw": [
    0.014,
    0.0044,
    -0.004,
    0.008,
    0.004,
    -0.0108,
    -0.0212,
    -0.0124,
    0.0052,
    0.0136,
    0.016,
    0.0112,
    0.0168,
    0.0212,
    0.0356,
    0.048,
    0.058,
    0.0864,
    0.0936,
    0.0944,
    0.1,
    0.1004,
    0.124,
    0.144,
    0.152,
    0.1456,
    0.1564,
    0.1488,
    0.1416,
    0.1464,
    0.15,
    0.1772,
    0.1832,
    0.1896,
    0.1828,
    0.1972,
    0.1996,
    0.2152,
    0.2244,
    0.2212,
    0.2136,
    0.2048,
    0.1996,
    0.1804,
    0.202,
    0.2104,
    0.2096,
    0.2024,
    0.1744,
    0.1636,
    0.148,
    0.1436,
    0.1476,
    0.1556,
    0.1492,
    0.148,
    0.1376,
    0.1532,
    0.1508,
    0.1588,
    0.1552,
    0.1544,
    0.156,
    0.1652,
    0.1852,
    0.1876,
    0.1776,
    0.1848,
    0.1808,
    0.172,
    0.1444,
    0.1316,
    0.134,
    0.1184,
    0.0952,
    0.0924,
    0.0852,
    0.0672,
    0.0584,
    0.062,
    0.048,
    0.04,
    0.0308,
    0.03,
    0.0092,
    0.0144,
    0.0004,
    -0.0024,
    0.0204,
    0.0192,
    0.04,
    0.0584,
    0.0548,
    0.0668,
    0.0804,
    0.08,
    0.0524,
    0.0276,
    0.0072,
    -0.0024
  ],
  "smoothed": [
    0.002551120050586562,
    -0.0003892775853378272,
    -0.0013493859899327448,
    -0.0017796137801110857,
    -0.0025536942591471924,
    -0.0037355491092122147,
    -0.004723361193401505,
    -0.004644797356285633,
    -0.002792260116990305,
    0.0010968771785966024,
    0.006811559617339829,
    0.01385844850299506,
    0.02174549713147977,
    0.03020504930304321,
    0.03925415697374553,
    0.049083130763435075,
    0.059850215599197995,
    0.07149900609140585,
    0.08369133383642266,
    0.0958797761207319,
    0.10746978231547179,
    0.11798093450907222,
    0.12712921010618486,
    0.13480719336549699,
    0.14100385885722605,
    0.1457418662014478,
    0.14909619016036865,
    0.1512996447841587,
    0.15287067221822734,
    0.15465840561394706,
    0.15771837980557618,
    0.16300846547186973,
    0.1709955595731703,
    0.18133825691548533,
    0.1928149587032106,
    0.20358674997212853,
    0.21174664418239456,
    0.21596992152214836,
    0.21600923574299782,
    0.21281383771491172,
    0.20818993963401564,
    0.20410682942719505,
    0.20191161177332384,
    0.20177220899264764,
    0.2025915006510426,
    0.20245027377213337,
    0.19941716957892475,
    0.19240297764560002,
    0.18170603114397565,
    0.16901306435520366,
    0.15684027139313916,
    0.14763141083883516,
    0.14287528053969445,
    0.14260050353238954,
    0.14545118984899238,
    0.14930664280641975,
    0.15218309317973946,
    0.1530406776733901,
    0.15216275339024563,
    0.15095764968865127,
    0.15127643465187707,
    0.15454054473177156,
    0.16104630296869665,
    0.16973114229856479,
    0.178487353708985,
    0.1848809658346577,
    0.18697356901046142,
    0.18391869438465225,
    0.17611705831523133,
    0.1649115639542616,
    0.15199418779853804,
    0.13879988907905857,
    0.1261375231640264,
    0.11417373698956418,
    0.10271070240095437,
    0.09156588616922388,
    0.08083229018947925,
    0.07088047615127892,
    0.06211476616115518,
    0.05463844625342674,
    0.04804422219166126,
    0.0414933849296426,
    0.03410248591369258,
    0.025488036759345873,
    0.01621052739266346,
    0.007867203939116543,
    0.002714095977656519,
    0.0028998551004815985,
    0.00957942885465213,
    0.02225961745344951,
    0.03866743156444264,
    0.05524410784789557,
    0.06812656526916047,
    0.0742827730616742,
    0.0723994914412768,
    0.0632095006279999,
    0.04915535556217434,
    0.033532893553667974,
    0.019441693015983908,
    0.00892071594786933
  ],
  "shape_matches": [
    {
      "shape": "Icarus",
      "correlation": 0.9015
    },
    {
      "shape": "Cinderella",
      "correlation": 0.6764
    },
    {
      "shape": "Man in a Hole",
      "correlation": 0.3489
    },
    {
      "shape": "Tragedy",
      "correlation": 0.0082
    },
    {
      "shape": "Rags to Riches",
      "correlation": -0.0082
    },
    {
      "shape": "Oedipus",
      "correlation": -0.7023
    }
  ],
  "best_shape": "Icarus",
  "best_shape_correlation": 0.9015,
  "peaks": [
    {
      "sample": 38,
      "position": 0.3838383838383838,
      "smoothed": 0.21600923574299782,
      "word_offset": 26946,
      "read_time_min": 107.8,
      "driving_words": [
        {
          "word": "superb",
          "score": 5.0
        },
        {
          "word": "thrilled",
          "score": 5.0
        },
        {
          "word": "win",
          "score": 4.0
        },
        {
          "word": "triumph",
          "score": 4.0
        },
        {
          "word": "amazing",
          "score": 4.0
        },
        {
          "word": "miracle",
          "score": 4.0
        }
      ]
    },
    {
      "sample": 44,
      "position": 0.4444444444444444,
      "smoothed": 0.2025915006510426,
      "word_offset": 30411,
      "read_time_min": 121.6,
      "driving_words": [
        {
          "word": "win",
          "score": 4.0
        },
        {
          "word": "triumph",
          "score": 4.0
        },
        {
          "word": "amazing",
          "score": 4.0
        },
        {
          "word": "miracle",
          "score": 4.0
        },
        {
          "word": "great",
          "score": 3.0
        },
        {
          "word": "good",
          "score": 3.0
        }
      ]
    },
    {
      "sample": 66,
      "position": 0.6666666666666666,
      "smoothed": 0.18697356901046142,
      "word_offset": 43117,
      "read_time_min": 172.5,
      "driving_words": [
        {
          "word": "winning",
          "score": 4.0
        },
        {
          "word": "good",
          "score": 3.0
        },
        {
          "word": "love",
          "score": 3.0
        },
        {
          "word": "happiness",
          "score": 3.0
        },
        {
          "word": "succeeded",
          "score": 3.0
        },
        {
          "word": "best",
          "score": 3.0
        }
      ]
    }
  ],
  "valleys": [
    {
      "sample": 6,
      "position": 0.06060606060606061,
      "smoothed": -0.004723361193401505,
      "word_offset": 8465,
      "read_time_min": 33.9,
      "driving_words": [
        {
          "word": "kill",
          "score": -3.0
        },
        {
          "word": "scandal",
          "score": -3.0
        },
        {
          "word": "deceiving",
          "score": -3.0
        },
        {
          "word": "die",
          "score": -3.0
        },
        {
          "word": "dead",
          "score": -3.0
        },
        {
          "word": "died",
          "score": -3.0
        }
      ]
    },
    {
      "sample": 53,
      "position": 0.5353535353535354,
      "smoothed": 0.14260050353238954,
      "word_offset": 35609,
      "read_time_min": 142.4,
      "driving_words": [
        {
          "word": "terror",
          "score": -3.0
        },
        {
          "word": "crime",
          "score": -3.0
        },
        {
          "word": "deceiving",
          "score": -3.0
        },
        {
          "word": "scandal",
          "score": -3.0
        },
        {
          "word": "betrayed",
          "score": -3.0
        },
        {
          "word": "destroyed",
          "score": -3.0
        }
      ]
    },
    {
      "sample": 86,
      "position": 0.8686868686868687,
      "smoothed": 0.002714095977656519,
      "word_offset": 54667,
      "read_time_min": 218.7,
      "driving_words": [
        {
          "word": "torturing",
          "score": -4.0
        },
        {
          "word": "violence",
          "score": -3.0
        },
        {
          "word": "bad",
          "score": -3.0
        },
        {
          "word": "madly",