{
  "status": "ok",
  "n_words": 142314,
  "window_size": 10000,
  "reliability": "high",
  "raw": [
    0.1356,
    0.1344,
    0.1308,
    0.1136,
    0.0724,
    0.048,
    0.02,
    0.0252,
    0.0328,
    0.0424,
    0.0288,
    0.0388,
    0.0316,
    0.0224,
    0.0024,
    -0.0136,
    -0.0344,
    -0.068,
    -0.0528,
    -0.056,
    -0.0364,
    -0.014,
    -0.0084,
    0.0172,
    0.042,
    0.0272,
    0.0504,
    0.028,
    0.016,
    0.0292,
    0.0492,
    0.0556,
    0.07,
    0.088,
    0.1008,
    0.096,
    0.0908,
    0.1052,
    0.112,
    0.0992,
    0.1068,
    0.0896,
    0.0912,
    0.1176,
    0.1276,
    0.1212,
    0.1216,
    0.1152,
    0.1112,
    0.1312,
    0.1028,
    0.072,
    0.026,
    0.0156,
    0.0188,
    0.0068,
    -0.004,
    -0.0092,
    0.0188,
    0.032,
    0.04,
    0.0128,
    -0.0068,
    -0.0228,
    -0.0264,
    -0.0492,
    -0.0852,
    -0.0924,
    -0.098,
    -0.1,
    -0.0772,
    -0.0752,
    -0.0716,
    -0.0488,
    -0.0424,
    -0.022,
    0.0068,
    0.0156,
    0.0136,
    0.0172,
    0.0296,
    0.0336,
    0.052,
    0.0432,
    0.032,
    0.0236,
    0.0332,
    0.0244,
    0.0308,
    0.0504,
    0.0428,
    0.0496,
    0.0344,
    0.0636,
    0.0536,
    0.0496,
    0.0132,
    0.0012,
    0.022,
    0.0504
  ],
  "smoothed": [
    0.0975491712377431,
    0.11669093013686953,
    0.12233085667723549,
    0.11249088789250251,
    0.09005487482346328,
    0.061801427811656755,
    0.03601802263182045,
    0.019567669835370092,
    0.015494146996218941,
    0.02205069384675924,
    0.0334975996081003,
    0.04234681837714661,
    0.042195837888509835,
    0.030092901789552054,
    0.007580763786799438,
    -0.01991378562363515,
    -0.045052345567736046,
    -0.06114012621948365,
    -0.06431520504705873,
    -0.0546180430585223,
    -0.0356503480285617,
    -0.013068430760543577,
    0.007444336915618222,
    0.02195934501155816,
    0.02924869911014369,
    0.03068234959587565,
    0.029274047112216168,
    0.028354602727283452,
    0.030408712119389447,
    0.036454006039775215,
    0.04606260066473042,
    0.05785839427375725,
    0.07017691243554454,
    0.08159047435422809,
    0.09114395020439407,
    0.09832720624966931,
    0.10293565342209725,
    0.10498554095415434,
    0.1047629449977885,
    0.10295491611556629,
    0.10071709614249037,
    0.0995309900176172,
    0.1008016347339478,
    0.10529482881278351,
    0.11263525203299947,
    0.12111477869793902,
    0.1279693391642526,
    0.13010461010100677,
    0.1250603904303627,
    0.11188467916171486,
    0.0915961428402126,
    0.06704893699906048,
    0.04222360962983769,
    0.021168459285685774,
    0.006929620648908052,
    0.0007961141130138083,
    0.0020615329284874974,
    0.00832353033489531,
    0.016178202666024512,
    0.02207528739744724,
    0.023100786948174204,
    0.017525298324677398,
    0.005054146953963424,
    -0.013204562367371712,
    -0.03499806986768309,
    -0.057352107526262304,
    -0.07710305332182944,
    -0.09147509474103274,
    -0.09861170708278852,
    -0.09794287521511608,
    -0.09027090289903847,
    -0.07751158204738916,
    -0.06213112711738586,
    -0.04643790073121979,
    -0.031967184435629195,
    -0.01918904485293434,
    -0.007659359918674942,
    0.0034442990778371743,
    0.014634402636413158,
    0.025593358117400017,
    0.0350916658487234,
    0.041432004255113626,
    0.04326238126787254,
    0.040402534184841736,
    0.03427325085366683,
    0.02765076518374429,
    0.023748021106114015,
    0.024938973018594296,
    0.03165058048607241,
    0.04194259580420592,
    0.05205597024402479,
    0.05781843302978626,
    0.056408434411752605,
    0.04776674466583689,
    0.03501754194393463,
    0.023612513744334217,
    0.019416349837160504,
    0.026408971114481032,
    0.0448938188991877,
    0.07096668268976668
  ],
  "shape_matches": [
    {
      "shape": "Tragedy",
      "correlation": 0.2061
    },
    {
      "shape": "Oedipus",
      "correlation": 0.055
    },
    {
      "shape": "Icarus",
      "correlation": -0.023
    },
    {
      "shape": "Cinderella",
      "correlation": -0.0644
    },
    {
      "shape": "Rags to Riches",
      "correlation": -0.2061
    },
    {
      "shape": "Man in a Hole",
      "correlation": -0.2067
    }
  ],
  "best_shape": "Tragedy",
  "best_shape_correlation": 0.2061,
  "peaks": [
    {
      "sample": 2,
      "position": 0.020202020202020204,
      "smoothed": 0.12233085667723549,
      "word_offset": 7673,
      "read_time_min": 30.7,
      "driving_words": [
        {
          "word": "thrilled",
          "score": 5.0
        },
        {
          "word": "wonderful",
          "score": 4.0
        },
        {
          "word": "triumph",
          "score": 4.0
        },
        {
          "word": "funny",
          "score": 4.0
        },
        {
          "word": "win",
          "score": 4.0
        },
        {
          "word": "fun",
          "score": 4.0
        }
      ]
    },
    {
      "sample": 37,
      "position": 0.37373737373737376,
      "smoothed": 0.10498554095415434,
      "word_offset": 54451,
      "read_time_min": 217.8,
      "driving_words": [
        {
          "word": "fun",
          "score": 4.0
        },
        {
          "word": "supreme",
          "score": 4.0
        },
        {
          "word": "terrific",
          "score": 4.0
        },
        {
          "word": "amazing",
          "score": 4.0
        },
        {
          "word": "ecstatic",
          "score": 4.0
        },
        {
          "word": "delight",
          "score": 3.0
        }
      ]
    },
    {
      "sample": 47,
      "position": 0.47474747474747475,
      "smoothed": 0.13010461010100677,
      "word_offset": 67816,
      "read_time_min": 271.3,
      "driving_words": [
        {
          "word": "rejoicing",
          "score": 4.0
        },
        {
          "word": "supreme",
          "score": 4.0
        },
        {
          "word": "good",
          "score": 3.0
        },
        {
          "word": "pleased",
          "score": 3.0
        },
        {
          "word": "excellent",
          "score": 3.0
        },
        {
          "word": "won't",
          "score": 3.0
        }
      ]
    }
  ],
  "valleys": [
    {
      "sample": 18,
      "position": 0.18181818181818182,
      "smoothed": -0.06431520504705873,
      "word_offset": 29057,
      "read_time_min": 116.2,
      "driving_words": [
        {
          "word": "hell",
          "score": -4.0
        },
        {
          "word": "irritating",
          "score": -3.0
        },
        {
          "word": "anger",
          "score": -3.0
        },
        {
          "word": "violence",
          "score": -3.0
        },
        {
          "word": "worry",
          "score": -3.0
        },
        {
          "word": "awful",
          "score": -3.0
        }
      ]
    },
    {
      "sample": 55,
      "position": 0.5555555555555556,
      "smoothed": 0.0007961141130138083,
      "word_offset": 78508,
      "read_time_min": 314.0,
      "driving_words": [
        {
          "word": "nigger",
          "score": -5.0
        },
        {
          "word": "fraud",
          "score": -4.0
        },
        {
          "word": "jerk",
          "score": -3.0
        },
        {
          "word": "panic",
          "score": -3.0
        },
        {
          "word": "awful",
          "score": -3.0
        },
        {
          "word": "damage",
          "score": -3.0
        }
      ]
    },
    {
      "sample": 68,
      "position": 0.6868686868686869,
      "smoothed": -0.09861170708278852,
      "word_offset": 95882,
      "read_time_min": 383.5,
      "driving_words": [
        {
          "word": "nigger",
          "score": -5.0
        },
        {
          "word": "anger",
          "score": -3.0
        },
        {
          "word": "furious",