{
  "status": "ok",
  "n_words": 230616,
  "window_size": 10000,
  "reliability": "high",
  "raw": [
    0.0128,
    0.014,
    0.0052,
    -0.0232,
    -0.0548,
    -0.0568,
    -0.0148,
    0.0296,
    0.0672,
    0.0612,
    0.018,
    -0.0292,
    -0.046,
    -0.0224,
    0.0044,
    -0.0092,
    0.0196,
    0.024,
    0.0356,
    0.0432,
    0.0676,
    0.1408,
    0.1484,
    0.218,
    0.2692,
    0.2076,
    0.1796,
    0.18,
    0.1268,
    0.0588,
    0.078,
    0.0264,
    -0.0384,
    -0.1172,
    -0.15,
    -0.1748,
    -0.1832,
    -0.13,
    -0.0444,
    -0.0184,
    -0.0396,
    -0.0412,
    -0.0272,
    -0.0624,
    -0.0612,
    -0.0324,
    -0.0556,
    -0.0532,
    -0.0472,
    -0.0608,
    -0.0096,
    -0.032,
    -0.0256,
    0.0172,
    0.0096,
    -0.0268,
    -0.056,
    -0.0608,
    -0.0928,
    -0.0412,
    -0.0024,
    0.0504,
    0.068,
    0.0856,
    0.0668,
    0.034,
    0.036,
    0.0012,
    -0.018,
    0.004,
    0.0192,
    0.042,
    0.0572,
    0.0572,
    0.016,
    -0.0432,
    -0.0208,
    0.0,
    0.0424,
    0.1036,
    0.1108,
    0.08,
    0.0788,
    0.0564,
    0.044,
    0.064,
    0.076,
    0.0732,
    0.0664,
    0.0396,
    0.044,
    0.0284,
    0.0164,
    0.0196,
    0.0368,
    0.0428,
    0.0392,
    0.0344,
    -0.0032,
    -0.0396
  ],
  "smoothed": [
    0.0010198163056951504,
    -0.015402125620117531,
    -0.028973349411114315,
    -0.034854955905416415,
    -0.030555172876509173,
    -0.017080464276276647,
    0.0012892620683218991,
    0.018524579952391918,
    0.02905143644661961,
    0.02974976202510871,
    0.02097099429302653,
    0.006232993360892616,
    -0.009193885734295257,
    -0.020163000862744945,
    -0.02321318632389069,
    -0.017250128804280083,
    -0.0032185711511440295,
    0.0169091208306255,
    0.04123616993961507,
    0.06857444365262805,
    0.09833815379079035,
    0.12983146943842305,
    0.16137911542386527,
    0.18983167326497857,
    0.21079647690757547,
    0.21959589211426625,
    0.2126081067420109,
    0.18846392970999987,
    0.1486343601890525,
    0.09720765644374403,
    0.039987572813344266,
    -0.016712209621696422,
    -0.06715375766525904,
    -0.10686539307704518,
    -0.13291055264316992,
    -0.14391536523649,
    -0.14008836860043317,
    -0.1233433812099987,
    -0.09741957481881404,
    -0.06772260383404381,
    -0.04061260940695294,
    -0.022076245131341887,
    -0.016059614148051057,
    -0.023038539052637197,
    -0.03948530635767746,
    -0.05866443107767802,
    -0.07270460659162542,
    -0.07533693280825977,
    -0.06430997057700359,
    -0.04248937245168471,
    -0.01707374388722663,
    0.0029287226015817947,
    0.010096710919583085,
    0.0015779430768370828,
    -0.019548733718917966,
    -0.04515300804636138,
    -0.06492538247640398,
    -0.07018472037000666,
    -0.05715671791120354,
    -0.028435526507239694,
    0.007956365068546179,
    0.041545047012261034,
    0.06324521329879373,
    0.06855614638486633,
    0.05888657472183552,
    0.040557077911218056,
    0.021975177196606587,
    0.010200845257177477,
    0.008322212470828538,
    0.014669089552169343,
    0.024083929802174706,
    0.030597079378598895,
    0.03028676964394796,
    0.02307629798215027,
    0.012727209376701012,
    0.0050947131919924435,
    0.005463283772887415,
    0.01615350656059171,
    0.03543599192119405,
    0.05818868390399386,
    0.07796520992193529,
    0.08954460274008627,
    0.09086168832286137,
    0.08353235829838537,
    0.07183271708693784,
    0.06066924179277305,
    0.05348750156464328,
    0.05103801157436833,
    0.05148001217938682,
    0.05167040791000748,
    0.0489501144331117,
    0.04254403712150866,
    0.0339126992251142,
    0.025918568058978783,
    0.021247050265768435,
    0.020880669296390958,
    0.02340022619494162,
    0.025493450627668533,
    0.023474981991971726,
    0.01513038286666433
  ],
  "shape_matches": [
    {
      "shape": "Oedipus",
      "correlation": 0.1978
    },
    {
      "shape": "Rags to Riches",
      "correlation": 0.0846
    },
    {
      "shape": "Man in a Hole",
      "correlation": -0.0394
    },
    {
      "shape": "Tragedy",
      "correlation": -0.0846
    },
    {
      "shape": "Cinderella",
      "correlation": -0.186
    },
    {
      "shape": "Icarus",
      "correlation": -0.2173
    }
  ],
  "best_shape": "Oedipus",
  "best_shape_correlation": 0.1978,
  "peaks": [
    {
      "sample": 25,
      "position": 0.25252525252525254,
      "smoothed": 0.21959589211426625,
      "word_offset": 60711,
      "read_time_min": 242.8,
      "driving_words": [
        {
          "word": "fabulous",
          "score": 4.0
        },
        {
          "word": "wonderful",
          "score": 4.0
        },
        {
          "word": "supreme",
          "score": 4.0
        },
        {
          "word": "brilliant",
          "score": 4.0
        },
        {
          "word": "magnificent",
          "score": 3.0
        },
        {
          "word": "popular",
          "score": 3.0
        }
      ]
    },
    {
      "sample": 63,
      "position": 0.6363636363636364,
      "smoothed": 0.06855614638486633,
      "word_offset": 145392,
      "read_time_min": 581.6,
      "driving_words": [
        {
          "word": "brilliant",
          "score": 4.0
        },
        {
          "word": "triumph",
          "score": 4.0
        },
        {
          "word": "supreme",
          "score": 4.0
        },
        {
          "word": "best",
          "score": 3.0
        },
        {
          "word": "succeeds",
          "score": 3.0
        },
        {
          "word": "excellent",
          "score": 3.0
        }
      ]
    },
    {
      "sample": 82,
      "position": 0.8282828282828283,
      "smoothed": 0.09086168832286137,
      "word_offset": 187732,
      "read_time_min": 750.9,
      "driving_words": [
        {
          "word": "fabulous",
          "score": 4.0
        },
        {
          "word": "brilliant",
          "score": 4.0
        },
        {
          "word": "masterpieces",
          "score": 4.0
        },
        {
          "word": "pleasure",
          "score": 3.0
        },
        {
          "word": "great",
          "score": 3.0
        },
        {
          "word": "admired",
          "score": 3.0
        }
      ]
    }
  ],
  "valleys": [
    {
      "sample": 35,
      "position": 0.35353535353535354,
      "smoothed": -0.14391536523649,
      "word_offset": 82996,
      "read_time_min": 332.0,
      "driving_words": [
        {
          "word": "torture",
          "score": -4.0
        },
        {
          "word": "tortures",
          "score": -4.0
        },
        {
          "word": "killed",
          "score": -3.0
        },
        {
          "word": "outrage",
          "score": -3.0
        },
        {
          "word": "loss",
          "score": -3.0
        },
        {
          "word": "died",
          "score": -3.0
        }
      ]
    },
    {
      "sample": 47,
      "position": 0.47474747474747475,
      "smoothed": -0.07533693280825977,
      "word_offset": 109737,
      "read_time_min": 438.9,
      "driving_words": [
        {
          "word": "obnoxious",
          "score": -3.0
        },
        {
          "word": "kill",
          "score": -3.0
        },
        {
          "word": "violent",
          "score": -3.0
        },
        {
          "word": "vomited",
          "score": -3.0
        },
        {
          "word": "killed",
          "score": -3.0
        },
        {
          "word": "terrible",
          "score": -3.0
        }
      ]
    },
    {
      "sample": 57,
      "position": 0.5757575757575758,
      "smoothed": -0.07018472037000666,
      "word_offset": 132021,
      "read_time_min": 528.1,
      "driving_words": [
        {
          "word": "rape",
          "score": -4.0
        },
        {
          "word": "torture",