{
  "status": "ok",
  "n_words": 466974,
  "window_size": 10000,
  "reliability": "high",
  "raw": [
    0.0776,
    0.1192,
    0.0728,
    0.0552,
    0.0304,
    -0.0076,
    0.0032,
    -0.0008,
    -0.0972,
    -0.1324,
    0.0092,
    0.0452,
    -0.0032,
    -0.0096,
    -0.0652,
    -0.0404,
    0.05,
    0.0944,
    0.0752,
    -0.0028,
    -0.0224,
    0.0252,
    0.0104,
    0.0296,
    0.132,
    0.1632,
    0.1028,
    0.0428,
    0.0988,
    0.1272,
    0.072,
    -0.0032,
    0.0816,
    0.1224,
    0.1224,
    0.1524,
    0.1216,
    0.1312,
    0.0876,
    -0.0372,
    -0.0176,
    -0.0088,
    0.0184,
    0.1184,
    0.1136,
    0.0968,
    0.1028,
    0.1092,
    0.0192,
    0.0852,
    0.228,
    0.192,
    0.1404,
    0.1512,
    0.1344,
    0.1088,
    0.11,
    0.0652,
    0.094,
    0.0488,
    -0.0364,
    0.0296,
    0.0936,
    0.0384,
    -0.0372,
    -0.0596,
    0.006,
    0.0216,
    0.0576,
    0.0924,
    0.0204,
    0.0108,
    -0.0512,
    -0.0464,
    0.0112,
    -0.0272,
    -0.0204,
    0.022,
    -0.0412,
    -0.114,
    -0.06,
    0.0216,
    0.0144,
    0.0032,
    0.0852,
    0.0992,
    -0.054,
    -0.1508,
    -0.1604,
    -0.0836,
    -0.0264,
    0.0576,
    0.0616,
    -0.0476,
    -0.144,
    -0.1016,
    -0.0364,
    -0.0112,
    0.0284,
    0.0596
  ],
  "smoothed": [
    0.07822212374394376,
    0.09308365863775524,
    0.08978050909974798,
    0.06999681523539686,
    0.03953083424058977,
    0.006090550734105768,
    -0.023167686872150633,
    -0.04344206232505374,
    -0.05293534801769153,
    -0.05241553172391507,
    -0.044176307682317666,
    -0.03100495618327024,
    -0.01556795209784645,
    -0.0002612348256670494,
    0.01273881036539529,
    0.021574940049466335,
    0.025138601032659143,
    0.023692075596146795,
    0.01928414870226869,
    0.015529106584654433,
    0.01657078456480489,
    0.02548146475319302,
    0.042730572748359785,
    0.0654780714487434,
    0.08819477196890967,
    0.10456102373223056,
    0.10998230085885395,
    0.10367888470380247,
    0.08936875440678449,
    0.07408691648290805,
    0.06547186805709447,
    0.0685612805156811,
    0.0834433356172675,
    0.10483926344026959,
    0.12392880502907712,
    0.13178315318807038,
    0.1230478492248664,
    0.09834900334269277,
    0.06437695482871121,
    0.03154603496168309,
    0.01014171626659622,
    0.0065110047279736,
    0.020843645583760693,
    0.04742576142514238,
    0.07720588922382367,
    0.10154440348357635,
    0.11554007779907542,
    0.11954709822662636,
    0.11831197108456352,
    0.1182106183953402,
    0.12388802925831606,
    0.1358364296075377,
    0.14999645381996274,
    0.1595376738695619,
    0.1579891473013584,
    0.14228878898036898,
    0.1143683301860208,
    0.08056062609345718,
    0.049100765017483415,
    0.026844946908034625,
    0.01666748994928989,
    0.016668873289071486,
    0.021490747792092427,
    0.02507240250310634,
    0.023537165206809405,
    0.016860828543187472,
    0.008561811802598003,
    0.003592365400014499,
    0.005467296978352499,
    0.014043133501135882,
    0.025076848349361684,
    0.03187236359447943,
    0.028336842413611292,
    0.012070357110919635,
    -0.01396980067276509,
    -0.042102468829205354,
    -0.06272119075422973,
    -0.06814668341626623,
    -0.05590889943487836,
    -0.03002591273575983,
    0.00032882716185345773,
    0.024274990832013704,
    0.03338875175868653,
    0.02486943175293591,
    0.0024176345438366377,
    -0.025498248889997237,
    -0.049212258441079515,
    -0.061738092819344885,
    -0.06133138828146312,
    -0.05171437222790651,
    -0.03996112948864077,
    -0.03303764772933073,
    -0.03453549560159794,
    -0.04300976954566215,
    -0.05260468406153823,
    -0.05565322117210753,
    -0.04610529688171818,
    -0.022320625936124043,
    0.011926972301128727,
    0.048606486708327463
  ],
  "shape_matches": [
    {
      "shape": "Icarus",
      "correlation": 0.5549
    },
    {
      "shape": "Tragedy",
      "correlation": 0.3496
    },
    {
      "shape": "Cinderella",
      "correlation": 0.2369
    },
    {
      "shape": "Man in a Hole",
      "correlation": -0.0872
    },
    {
      "shape": "Oedipus",
      "correlation": -0.2659
    },
    {
      "shape": "Rags to Riches",
      "correlation": -0.3496
    }
  ],
  "best_shape": "Icarus",
  "best_shape_correlation": 0.5549,
  "peaks": [
    {
      "sample": 35,
      "position": 0.35353535353535354,
      "smoothed": 0.13178315318807038,
      "word_offset": 166556,
      "read_time_min": 666.2,
      "driving_words": [
        {
          "word": "fabulous",
          "score": 4.0
        },
        {
          "word": "delightful",
          "score": 3.0
        },
        {
          "word": "perfect",
          "score": 3.0
        },
        {
          "word": "grateful",
          "score": 3.0
        },
        {
          "word": "happy",
          "score": 3.0
        },
        {
          "word": "merry",
          "score": 3.0
        }
      ]
    },
    {
      "sample": 47,
      "position": 0.47474747474747475,
      "smoothed": 0.11954709822662636,
      "word_offset": 221947,
      "read_time_min": 887.8,
      "driving_words": [
        {
          "word": "brilliant",
          "score": 4.0
        },
        {
          "word": "miracle",
          "score": 4.0
        },
        {
          "word": "joy",
          "score": 3.0
        },
        {
          "word": "pleasure",
          "score": 3.0
        },
        {
          "word": "happy",
          "score": 3.0
        },
        {
          "word": "succeeded",
          "score": 3.0
        }
      ]
    },
    {
      "sample": 53,
      "position": 0.5353535353535354,
      "smoothed": 0.1595376738695619,
      "word_offset": 249643,
      "read_time_min": 998.6,
      "driving_words": [
        {
          "word": "brilliant",
          "score": 4.0
        },
        {
          "word": "wonderful",
          "score": 4.0
        },
        {
          "word": "goodness",
          "score": 3.0
        },
        {
          "word": "perfectly",
          "score": 3.0
        },
        {
          "word": "grand",
          "score": 3.0
        },
        {
          "word": "excitement",
          "score": 3.0
        }
      ]
    }
  ],
  "valleys": [
    {
      "sample": 77,
      "position": 0.7777777777777778,
      "smoothed": -0.06814668341626623,
      "word_offset": 360424,
      "read_time_min": 1441.7,
      "driving_words": [
        {
          "word": "dying",
          "score": -3.0
        },
        {
          "word": "desperate",
          "score": -3.0
        },
        {
          "word": "dead",
          "score": -3.0
        },
        {
          "word": "awful",
          "score": -3.0
        },
        {
          "word": "crime",
          "score": -3.0
        },
        {
          "word": "criminal",
          "score": -3.0
        }
      ]
    },
    {
      "sample": 87,
      "position": 0.8787878787878788,
      "smoothed": -0.061738092819344885,
      "word_offset": 406583,
      "read_time_min": 1626.3,
      "driving_words": [
        {
          "word": "torture",
          "score": -4.0
        },
        {
          "word": "tortures",
          "score": -4.0
        },
        {
          "word": "lost",
          "score": -3.0
        },
        {
          "word": "mad",
          "score": -3.0
        },
        {
          "word": "terror",
          "score": -3.0
        },
        {
          "word": "bad",
          "score": -3.0
        }
      ]
    },
    {
      "sample": 95,
      "position": 0.9595959595959596,
      "smoothed": -0.05565322117210753,
      "word_offset": 443510,
      "read_time_min": 1774.0,
      "driving_words": [
        {
          "word": "hell",
          "score": -4.0
        },
        {
          "word": "torture",