{
  "status": "ok",
  "n_words": 1027816,
  "window_size": 10000,
  "reliability": "high",
  "raw": [
    0.0032,
    -0.0496,
    -0.0076,
    0.0092,
    -0.022,
    0.0,
    0.0224,
    -0.0224,
    0.0124,
    -0.0368,
    0.0352,
    -0.006,
    -0.02,
    -0.0032,
    0.0168,
    -0.0248,
    0.0096,
    0.0244,
    0.0088,
    0.0184,
    -0.032,
    0.0104,
    -0.0056,
    -0.024,
    0.0064,
    -0.0048,
    0.0256,
    -0.004,
    0.0112,
    0.0016,
    0.0256,
    0.0052,
    -0.008,
    -0.0048,
    0.0156,
    0.0076,
    0.004,
    0.02,
    -0.0096,
    0.0064,
    0.0004,
    -0.0092,
    -0.0024,
    0.0052,
    -0.01,
    0.0216,
    -0.0036,
    0.042,
    0.01,
    -0.0644,
    0.0128,
    0.0044,
    -0.116,
    -0.0648,
    -0.0392,
    -0.0384,
    -0.0388,
    -0.1152,
    -0.4712,
    -0.1384,
    0.0152,
    0.002,
    0.0088,
    0.0924,
    -0.2432,
    -0.112,
    0.0644,
    0.1044,
    0.0836,
    0.1504,
    -0.0776,
    -0.498,
    0.4292,
    0.1136,
    0.1556,
    0.1776,
    0.1596,
    -0.0012,
    0.0168,
    0.1452,
    0.0896,
    0.0272,
    0.0288,
    0.0784,
    0.0932,
    0.1452,
    0.0272,
    0.0484,
    0.1068,
    0.0552,
    0.0288,
    0.0112,
    0.0128,
    -0.3312,
    -0.096,
    0.0296,
    0.0788,
    0.0928,
    0.0016,
    0.0328
  ],
  "smoothed": [
    0.02445479899040218,
    0.001564919354885206,
    -0.018089121750425607,
    -0.02792529378656331,
    -0.025834592405178047,
    -0.014530421847999344,
    -1.3406943275864336e-05,
    0.011134470355598048,
    0.014480543822468439,
    0.009395515493083045,
    -0.0009805768370863622,
    -0.011350321485595725,
    -0.016690456843887844,
    -0.014436886906497559,
    -0.005507614211160856,
    0.006221520058449954,
    0.015699645456942104,
    0.01892735621419434,
    0.014652904006745283,
    0.004828162931633742,
    -0.006325635934195915,
    -0.014187643985273913,
    -0.01570115928720154,
    -0.010581757246445065,
    -0.001281340592701259,
    0.008219645274304828,
    0.014211423316700299,
    0.014830711301027595,
    0.010731645730724519,
    0.004599961937218393,
    -0.000215840185847882,
    -0.0012983414807407178,
    0.0017535964265528148,
    0.007224425862222745,
    0.012177476614297475,
    0.013901127731924147,
    0.011219024142430376,
    0.005056604359873651,
    -0.0019877349792612976,
    -0.006853408012078011,
    -0.007437847416244763,
    -0.0035640684590928194,
    0.002948586241730302,
    0.00913263536189695,
    0.012231734141988087,
    0.010924259173371422,
    0.005827311431963023,
    -0.0009657325272685046,
    -0.007103348165169743,
    -0.01137044921006535,
    -0.014572235345662004,
    -0.019427834829908064,
    -0.029431362216676273,
    -0.04711404385450335,
    -0.07244521462707545,
    -0.10210355741208735,
    -0.1300271190183011,
    -0.1491412169216295,
    -0.15367715908622537,
    -0.14123238729746962,
    -0.11379195553117534,
    -0.07730408951433386,
    -0.039929892982200094,
    -0.0095632559780939,
    0.008536300447354001,
    0.01321905029248863,
    0.007583541391212215,
    -0.0022020787819488886,
    -0.008953599026465538,
    -0.006717194054871236,
    0.007471485004678508,
    0.03278608595101126,
    0.0649165649830036,
    0.09731903401690105,
    0.12301911786505003,
    0.13648464407351013,
    0.13510852008087887,
    0.11995386216235425,
    0.09557662900735114,
    0.0689332769572502,
    0.047585643967671384,
    0.037607144351503606,
    0.041728948885242756,
    0.058284214131837916,
    0.08136575227202007,
    0.10230493054346555,
    0.11217088551152388,
    0.10460505830353008,
    0.07809618766885257,
    0.03687846596499736,
    -0.009980031318532508,
    -0.051141208779455195,
    -0.07645823448822157,
    -0.080202656812943,
    -0.06293583795570822,
    -0.03132900328143223,
    0.004055533506928179,
    0.032273496566349265,
    0.045567516233162096,
    0.04173227374141341
  ],
  "shape_matches": [
    {
      "shape": "Rags to Riches",
      "correlation": 0.2021
    },
    {
      "shape": "Oedipus",
      "correlation": 0.1059
    },
    {
      "shape": "Man in a Hole",
      "correlation": 0.092
    },
    {
      "shape": "Cinderella",
      "correlation": -0.0909
    },
    {
      "shape": "Tragedy",
      "correlation": -0.2021
    },
    {
      "shape": "Icarus",
      "correlation": -0.208
    }
  ],
  "best_shape": "Rags to Riches",
  "best_shape_correlation": 0.2021,
  "peaks": [
    {
      "sample": 75,
      "position": 0.7575757575757576,
      "smoothed": 0.13648464407351013,
      "word_offset": 776073,
      "read_time_min": 3104.3,
      "driving_words": [
        {
          "word": "winning",
          "score": 4.0
        },
        {
          "word": "winner",
          "score": 4.0
        },
        {
          "word": "supreme",
          "score": 4.0
        },
        {
          "word": "popular",
          "score": 3.0
        },
        {
          "word": "won",
          "score": 3.0
        },
        {
          "word": "great",
          "score": 3.0
        }
      ]
    },
    {
      "sample": 86,
      "position": 0.8686868686868687,
      "smoothed": 0.11217088551152388,
      "word_offset": 889163,
      "read_time_min": 3556.7,
      "driving_words": [
        {
          "word": "popular",
          "score": 3.0
        },
        {
          "word": "grand",
          "score": 3.0
        },
        {
          "word": "freedom",
          "score": 2.0
        },
        {
          "word": "progress",
          "score": 2.0
        },
        {
          "word": "peace",
          "score": 2.0
        },
        {
          "word": "solidarity",
          "score": 2.0
        }
      ]
    },
    {
      "sample": 98,
      "position": 0.98989898989899,
      "smoothed": 0.045567516233162096,
      "word_offset": 1012535,
      "read_time_min": 4050.1,
      "driving_words": [
        {
          "word": "succeeded",
          "score": 3.0
        },
        {
          "word": "great",
          "score": 3.0
        },
        {
          "word": "good",
          "score": 3.0
        },
        {
          "word": "peace",
          "score": 2.0
        },
        {
          "word": "effective",
          "score": 2.0
        },
        {
          "word": "resolve",
          "score": 2.0
        }
      ]
    }
  ],
  "valleys": [
    {
      "sample": 3,
      "position": 0.030303030303030304,
      "smoothed": -0.02792529378656331,
      "word_offset": 35843,
      "read_time_min": 143.4,
      "driving_words": [
        {
          "word": "illegal",
          "score": -3.0
        },
        {
          "word": "hazardous",
          "score": -3.0
        },
        {
          "word": "lost",
          "score": -3.0
        },
        {
          "word": "loss",
          "score": -3.0
        },
        {
          "word": "damaged",
          "score": -3.0
        },
        {
          "word": "corruption",
          "score": -3.0
        }
      ]
    },
    {
      "sample": 58,
      "position": 0.5858585858585859,
      "smoothed": -0.15367715908622537,
      "word_offset": 601296,
      "read_time_min": 2405.2,
      "driving_words": [
        {
          "word": "loss",
          "score": -3.0
        },
        {
          "word": "damage",
          "score": -3.0
        },
        {
          "word": "toxic",
          "score": -3.0
        },
        {
          "word": "damaging",
          "score": -3.0
        },
        {
          "word": "hazardous",
          "score": -3.0
        },
        {
          "word": "destruction",
          "score": -3.0
        }
      ]
    },
    {
      "sample": 93,
      "position": 0.9393939393939394,
      "smoothed": -0.080202656812943,
      "word_offset": 961130,
      "read_time_min": 3844.5,
      "driving_words": [
        {
          "word": "plague",
          "score": -3.0
        },
        {
          "word": "victims",