{
  "status": "ok",
  "n_words": 98862,
  "window_size": 10000,
  "reliability": "high",
  "raw": [
    0.1192,
    0.092,
    0.0636,
    0.0388,
    0.0128,
    0.0188,
    0.0232,
    0.0228,
    -0.0024,
    0.0012,
    0.0032,
    0.0024,
    -0.0008,
    -0.0036,
    -0.004,
    -0.0116,
    -0.0104,
    0.006,
    0.0188,
    0.018,
    0.0184,
    0.004,
    -0.0144,
    0.0132,
    0.0184,
    0.0112,
    -0.0004,
    0.008,
    -0.0088,
    -0.024,
    -0.0084,
    0.0112,
    0.0304,
    0.0348,
    0.0296,
    0.0536,
    0.0752,
    0.1192,
    0.1204,
    0.1212,
    0.132,
    0.124,
    0.1152,
    0.09,
    0.0792,
    0.1012,
    0.0736,
    0.058,
    0.0332,
    0.0428,
    0.0456,
    0.0432,
    0.046,
    0.0576,
    0.0748,
    0.092,
    0.082,
    0.0892,
    0.092,
    0.0992,
    0.1024,
    0.0956,
    0.1024,
    0.122,
    0.108,
    0.0964,
    0.0852,
    0.0824,
    0.0548,
    0.052,
    0.0524,
    0.0652,
    0.0772,
    0.0984,
    0.0696,
    0.056,
    0.0496,
    0.074,
    0.0704,
    0.1,
    0.0944,
    0.1004,
    0.094,
    0.0792,
    0.0616,
    0.0688,
    0.0844,
    0.0964,
    0.0816,
    0.084,
    0.0828,
    0.0872,
    0.0948,
    0.084,
    0.0756,
    0.0564,
    0.0456,
    0.0304,
    0.0128,
    -0.0068
  ],
  "smoothed": [
    0.05959921669376003,
    0.0646229097053041,
    0.062134888162420465,
    0.05247027768359128,
    0.03840784613646391,
    0.02387909960609954,
    0.012360499025800433,
    0.0056265818678039635,
    0.0033406417513905918,
    0.003569943399155058,
    0.003912153449302558,
    0.002682418091440795,
    -0.0003701207377221394,
    -0.004095707513005564,
    -0.006647893524768502,
    -0.006479734809416593,
    -0.0031459728819058564,
    0.002454142337998855,
    0.00847670175081202,
    0.012954239470819386,
    0.014631655250280335,
    0.013425906476601402,
    0.01031808678601144,
    0.0067684936653541515,
    0.0039722915450815365,
    0.0023383552995071577,
    0.0014497685856541542,
    0.0005151719250585529,
    -0.0009314678899874629,
    -0.002456646705238308,
    -0.0026003588634433104,
    0.0006934120199332572,
    0.009248481504896145,
    0.023790066034095485,
    0.043433923083183376,
    0.06577599236544483,
    0.08756445568026373,
    0.1056808334738048,
    0.11802698224653987,
    0.12396896766288439,
    0.12419868516623174,
    0.12013925688606887,
    0.11321570592963116,
    0.10434810226630113,
    0.09388746857880072,
    0.08197520075766856,
    0.06908339689839806,
    0.056396647296055306,
    0.04577407051880671,
    0.03924655720773366,
    0.03825267144328656,
    0.042973730301986895,
    0.052112275890924584,
    0.06326905703902143,
    0.0737967318903043,
    0.08177448688476481,
    0.08667150697460378,
    0.08939218081071652,
    0.09167109967318916,
    0.09508711391571066,
    0.1001520468415965,
    0.10590951805741008,
    0.11025498232926362,
    0.11085748166332816,
    0.10627731694566733,
    0.0967663422591247,
    0.0843641977269463,
    0.07221288711501998,
    0.06336622364090486,
    0.059607991029421215,
    0.06080118077799442,
    0.06506102812755069,
    0.06967677944693466,
    0.0723669303954607,
    0.07229674123419429,
    0.07039048352805323,
    0.06879168151032873,
    0.06971935009596063,
    0.07425643281590986,
    0.08165263129867313,
    0.08949999804495075,
    0.0947417381339336,
    0.09508083929177072,
    0.09014677902580767,
    0.08185755733515564,
    0.07375476828097453,
    0.0695460652622488,
    0.07146007640141566,
    0.0791341375516425,
    0.08955503935821421,
    0.09813589388149158,
    0.10052348626686546,
    0.09440222735036269,
    0.08053918485229415,
    0.06261479731531779,
    0.045881863142329865,
    0.03518099715056578,
    0.033107982721670676,
    0.039064512828542466,
    0.04955738282322693
  ],
  "shape_matches": [
    {
      "shape": "Man in a Hole",
      "correlation": 0.6861
    },
    {
      "shape": "Cinderella",
      "correlation": 0.6508
    },
    {
      "shape": "Rags to Riches",
      "correlation": 0.5664
    },
    {
      "shape": "Icarus",
      "correlation": 0.3088
    },
    {
      "shape": "Tragedy",
      "correlation": -0.5664
    },
    {
      "shape": "Oedipus",
      "correlation": -0.6425
    }
  ],
  "best_shape": "Man in a Hole",
  "best_shape_correlation": 0.6861,
  "peaks": [
    {
      "sample": 40,
      "position": 0.40404040404040403,
      "smoothed": 0.12419868516623174,
      "word_offset": 40904,
      "read_time_min": 163.6,
      "driving_words": [
        {
          "word": "winning",
          "score": 4.0
        },
        {
          "word": "triumph",
          "score": 4.0
        },
        {
          "word": "rejoicing",
          "score": 4.0
        },
        {
          "word": "wonderful",
          "score": 4.0
        },
        {
          "word": "overjoyed",
          "score": 4.0
        },
        {
          "word": "win",
          "score": 4.0
        }
      ]
    },
    {
      "sample": 63,
      "position": 0.6363636363636364,
      "smoothed": 0.11085748166332816,
      "word_offset": 61549,
      "read_time_min": 246.2,
      "driving_words": [
        {
          "word": "rejoicing",
          "score": 4.0
        },
        {
          "word": "win",
          "score": 4.0
        },
        {
          "word": "rejoiced",
          "score": 4.0
        },
        {
          "word": "winner",
          "score": 4.0
        },
        {
          "word": "love",
          "score": 3.0
        },
        {
          "word": "good",
          "score": 3.0
        }
      ]
    },
    {
      "sample": 91,
      "position": 0.9191919191919192,
      "smoothed": 0.10052348626686546,
      "word_offset": 86681,
      "read_time_min": 346.7,
      "driving_words": [
        {
          "word": "rejoiced",
          "score": 4.0
        },
        {
          "word": "win",
          "score": 4.0
        },
        {
          "word": "good",
          "score": 3.0
        },
        {
          "word": "best",
          "score": 3.0
        },
        {
          "word": "great",
          "score": 3.0
        },
        {
          "word": "greater",
          "score": 3.0
        }
      ]
    }
  ],
  "valleys": [
    {
      "sample": 8,
      "position": 0.08080808080808081,
      "smoothed": 0.0033406417513905918,
      "word_offset": 12181,
      "read_time_min": 48.7,
      "driving_words": [
        {
          "word": "lost",
          "score": -3.0
        },
        {
          "word": "angry",
          "score": -3.0
        },
        {
          "word": "deadly",
          "score": -3.0
        },
        {
          "word": "destroy",
          "score": -3.0
        },
        {
          "word": "treason",
          "score": -3.0
        },
        {
          "word": "chastise",
          "score": -3.0
        }
      ]
    },
    {
      "sample": 14,
      "position": 0.1414141414141414,
      "smoothed": -0.006647893524768502,
      "word_offset": 17566,
      "read_time_min": 70.3,
      "driving_words": [
        {
          "word": "cock",
          "score": -5.0
        },
        {
          "word": "bloody",
          "score": -3.0
        },
        {
          "word": "killing",
          "score": -3.0
        },
        {
          "word": "anger",
          "score": -3.0
        },
        {
          "word": "destroyed",
          "score": -3.0
        },
        {
          "word": "hatred",
          "score": -3.0
        }
      ]
    },
    {
      "sample": 30,
      "position": 0.30303030303030304,
      "smoothed": -0.0026003588634433104,
      "word_offset": 31928,
      "read_time_min": 127.7,
      "driving_words": [
        {
          "word": "madly",
          "score": -3.0
        },
        {
          "word": "die",
          "score": -3.0
        },
        {
          "word": "dead",