{
  "status": "ok",
  "n_words": 63013,
  "window_size": 10000,
  "reliability": "high",
  "raw": [
    0.1216,
    0.1228,
    0.1304,
    0.1536,
    0.1412,
    0.1396,
    0.1256,
    0.1124,
    0.1208,
    0.1164,
    0.1128,
    0.1084,
    0.1184,
    0.1372,
    0.1148,
    0.1136,
    0.1144,
    0.1092,
    0.1108,
    0.0996,
    0.0932,
    0.0944,
    0.0736,
    0.08,
    0.0752,
    0.0784,
    0.0612,
    0.0492,
    0.0576,
    0.0536,
    0.0692,
    0.0628,
    0.0604,
    0.0624,
    0.0704,
    0.0864,
    0.1164,
    0.1116,
    0.1152,
    0.114,
    0.1076,
    0.1164,
    0.1256,
    0.1168,
    0.1284,
    0.1368,
    0.1608,
    0.1632,
    0.154,
    0.142,
    0.1476,
    0.1596,
    0.1644,
    0.176,
    0.1552,
    0.146,
    0.1384,
    0.138,
    0.1164,
    0.1124,
    0.1132,
    0.114,
    0.0872,
    0.0812,
    0.0912,
    0.0652,
    0.0672,
    0.0712,
    0.0684,
    0.046,
    0.0284,
    0.0156,
    0.018,
    0.0116,
    0.0076,
    0.0048,
    0.0016,
    0.02,
    0.0096,
    0.01,
    0.02,
    0.0236,
    0.0172,
    0.0088,
    0.0028,
    -0.0128,
    -0.0048,
    -0.018,
    0.0036,
    0.008,
    0.0188,
    0.0396,
    0.0384,
    0.0432,
    0.0296,
    0.0292,
    0.0284,
    0.0284,
    0.016,
    0.0212
  ],
  "smoothed": [
    0.08651761100048397,
    0.11440883188732537,
    0.13586097983061948,
    0.14730013290242885,
    0.14818567054062395,
    0.1408905983625974,
    0.12962620282773635,
    0.11887363465339763,
    0.11192464232034363,
    0.11003386431174299,
    0.11240355031934264,
    0.11688446574453448,
    0.12102244221398309,
    0.12300142528794779,
    0.12214337274746465,
    0.11885648794336047,
    0.11416556431988212,
    0.1091083084361361,
    0.10428707541053331,
    0.09974320162059894,
    0.09514272328078555,
    0.09011678257326775,
    0.08455146566188884,
    0.07868163963890318,
    0.07296955504601385,
    0.0678706182321257,
    0.06364278452480673,
    0.06031825924956318,
    0.057851502128682224,
    0.056345364207739335,
    0.05620011498159574,
    0.05806138438135955,
    0.0625492418328462,
    0.06987799966505351,
    0.0795575251086055,
    0.09035505519171678,
    0.10059001553337417,
    0.10867931405327555,
    0.1137202285859112,
    0.11585778520520279,
    0.11625890671520374,
    0.11667810816265649,
    0.11877810090771107,
    0.1234818090128322,
    0.13062590632324492,
    0.13905944051185376,
    0.1471389531907305,
    0.15339940148378203,
    0.15710602305842822,
    0.1584502152123101,
    0.15831669480395918,
    0.1577451259102503,
    0.1573476329105237,
    0.156960875942587,
    0.15569975177018466,
    0.15239066356790812,
    0.14618287967318572,
    0.13704973171770513,
    0.12593772865126662,
    0.11448025262894432,
    0.10439075049800213,
    0.0967973086145743,
    0.09180889491289165,
    0.0885007279418146,
    0.08531990678318448,
    0.0807283877543176,
    0.07380252725773287,
    0.06453979828916474,
    0.05376640906471636,
    0.04272499302816348,
    0.032561116785793306,
    0.02395608104590503,
    0.017060548900828074,
    0.011717424839412188,
    0.0078075751614084515,
    0.005487760900666623,
    0.00515147148528389,
    0.007102185925692668,
    0.011105750240335546,
    0.01609097241174835,
    0.020233998945329148,
    0.021495661744346275,
    0.018452100001681,
    0.011075638497267724,
    0.0010814526400119639,
    -0.008406629452966255,
    -0.013844760324303937,
    -0.012588759580776782,
    -0.004033241744304519,
    0.009925934140367977,
    0.02537084909660284,
    0.03768242574462934,
    0.04325020082662236,
    0.040926737069301125,
    0.03264194605895832,
    0.022891300561316524,
    0.01723818570272156,
    0.020356517772463705,
    0.03432947148654634,
    0.05783475505347989
  ],
  "shape_matches": [
    {
      "shape": "Tragedy",
      "correlation": 0.6573
    },
    {
      "shape": "Icarus",
      "correlation": 0.3177
    },
    {
      "shape": "Oedipus",
      "correlation": 0.0898
    },
    {
      "shape": "Cinderella",
      "correlation": -0.1231
    },
    {
      "shape": "Man in a Hole",
      "correlation": -0.4447
    },
    {
      "shape": "Rags to Riches",
      "correlation": -0.6573
    }
  ],
  "best_shape": "Tragedy",
  "best_shape_correlation": 0.6573,
  "peaks": [
    {
      "sample": 4,
      "position": 0.04040404040404041,
      "smoothed": 0.14818567054062395,
      "word_offset": 7142,
      "read_time_min": 28.6,
      "driving_words": [
        {
          "word": "thrilled",
          "score": 5.0
        },
        {
          "word": "wonderfully",
          "score": 4.0
        },
        {
          "word": "triumph",
          "score": 4.0
        },
        {
          "word": "brilliant",
          "score": 4.0
        },
        {
          "word": "triumphant",
          "score": 4.0
        },
        {
          "word": "successful",
          "score": 3.0
        }
      ]
    },
    {
      "sample": 13,
      "position": 0.13131313131313133,
      "smoothed": 0.12300142528794779,
      "word_offset": 11961,
      "read_time_min": 47.8,
      "driving_words": [
        {
          "word": "thrilled",
          "score": 5.0
        },
        {
          "word": "triumph",
          "score": 4.0
        },
        {
          "word": "brilliant",
          "score": 4.0
        },
        {
          "word": "triumphant",
          "score": 4.0
        },
        {
          "word": "amazing",
          "score": 4.0
        },
        {
          "word": "good",
          "score": 3.0
        }
      ]
    },
    {
      "sample": 49,
      "position": 0.494949494949495,
      "smoothed": 0.1584502152123101,
      "word_offset": 31239,
      "read_time_min": 125.0,
      "driving_words": [
        {
          "word": "brilliant",
          "score": 4.0
        },
        {
          "word": "overjoyed",
          "score": 4.0
        },
        {
          "word": "heavenly",
          "score": 4.0
        },
        {
          "word": "supreme",
          "score": 4.0
        },
        {
          "word": "rejoiced",
          "score": 4.0
        },
        {
          "word": "triumph",
          "score": 4.0
        }
      ]
    }
  ],
  "valleys": [
    {
      "sample": 76,
      "position": 0.7676767676767676,
      "smoothed": 0.00515147148528389,
      "word_offset": 45697,
      "read_time_min": 182.8,
      "driving_words": [
        {
          "word": "violent",
          "score": -3.0
        },
        {
          "word": "victims",
          "score": -3.0
        },
        {
          "word": "despair",
          "score": -3.0
        },
        {
          "word": "crime",
          "score": -3.0
        },
        {
          "word": "destruction",
          "score": -3.0
        },
        {
          "word": "abhor",
          "score": -3.0
        }
      ]
    },
    {
      "sample": 86,
      "position": 0.8686868686868687,
      "smoothed": -0.013844760324303937,
      "word_offset": 51052,
      "read_time_min": 204.2,
      "driving_words": [
        {
          "word": "evil",
          "score": -3.0
        },
        {
          "word": "destruction",
          "score": -3.0
        },
        {
          "word": "outrage",
          "score": -3.0
        },
        {
          "word": "anger",
          "score": -3.0
        },
        {
          "word": "kill",
          "score": -3.0
        },
        {
          "word": "irritate",
          "score": -3.0
        }
      ]
    },
    {
      "sample": 96,
      "position": 0.9696969696969697,
      "smoothed": 0.01723818570272156,
      "word_offset": 56407,
      "read_time_min": 225.6,
      "driving_words": [
        {
          "word": "damned",
          "score": -4.0
        },
        {
          "word": "violence",
          "score": -3.0
        },
        {
          "word": "desperate",