{
  "status": "ok",
  "n_words": 102693,
  "window_size": 10000,
  "reliability": "high",
  "raw": [
    -0.0488,
    -0.0448,
    -0.0444,
    -0.0432,
    -0.0456,
    -0.038,
    -0.0448,
    -0.0384,
    -0.0332,
    -0.0288,
    -0.0236,
    -0.0232,
    -0.028,
    -0.0276,
    -0.0284,
    -0.0376,
    -0.0356,
    -0.0312,
    -0.0336,
    -0.0408,
    -0.0396,
    -0.042,
    -0.0424,
    -0.0476,
    -0.048,
    -0.0532,
    -0.0456,
    -0.046,
    -0.0416,
    -0.04,
    -0.0364,
    -0.0412,
    -0.052,
    -0.05,
    -0.0468,
    -0.044,
    -0.0416,
    -0.0524,
    -0.06,
    -0.0624,
    -0.07,
    -0.0792,
    -0.07,
    -0.064,
    -0.0648,
    -0.0596,
    -0.056,
    -0.058,
    -0.0512,
    -0.0532,
    -0.0544,
    -0.05,
    -0.0476,
    -0.0572,
    -0.064,
    -0.0664,
    -0.072,
    -0.0784,
    -0.0784,
    -0.0732,
    -0.0664,
    -0.062,
    -0.0612,
    -0.056,
    -0.0464,
    -0.056,
    -0.058,
    -0.0456,
    -0.0372,
    -0.0364,
    -0.0424,
    -0.0456,
    -0.0544,
    -0.0504,
    -0.064,
    -0.0812,
    -0.0756,
    -0.0828,
    -0.088,
    -0.0916,
    -0.0996,
    -0.0988,
    -0.1008,
    -0.0928,
    -0.0932,
    -0.0784,
    -0.0648,
    -0.0624,
    -0.0492,
    -0.064,
    -0.0656,
    -0.0604,
    -0.0652,
    -0.0656,
    -0.0648,
    -0.0604,
    -0.06,
    -0.0676,
    -0.0668,
    -0.0624
  ],
  "smoothed": [
    -0.051473996485658764,
    -0.049083600530082656,
    -0.047424695859617096,
    -0.045996348006246954,
    -0.04424748247888496,
    -0.04181568442179007,
    -0.03867403386510865,
    -0.035136702530807876,
    -0.0317323640341512,
    -0.029005316633441743,
    -0.02732772485790449,
    -0.026794840416395724,
    -0.027235487726136803,
    -0.02832060734773407,
    -0.02971433028211304,
    -0.031200001548280676,
    -0.032730885019829306,
    -0.03439246439538432,
    -0.03630299418228376,
    -0.03850399386113407,
    -0.04089293690367169,
    -0.04322793615518146,
    -0.045200175341374854,
    -0.04653994337241016,
    -0.047109323417027726,
    -0.04694342752153442,
    -0.046227192513209135,
    -0.04522384486557092,
    -0.04419082447091334,
    -0.04332087299645071,
    -0.04273032290041503,
    -0.0424915853439397,
    -0.04268456984538346,
    -0.04343263554292821,
    -0.04489660392696118,
    -0.047221319115188225,
    -0.050453351121162116,
    -0.054464664246701364,
    -0.05891820781906935,
    -0.06329708943595093,
    -0.06699561162858986,
    -0.06944789022731308,
    -0.07025695794826935,
    -0.06928838684755567,
    -0.06670563630455505,
    -0.06294302399237461,
    -0.0586286836354575,
    -0.05447873778951582,
    -0.05118420760793306,
    -0.04930700071427806,
    -0.049195477652651025,
    -0.050927152078562195,
    -0.054286342131914155,
    -0.05878518582215572,
    -0.06373332812343342,
    -0.06835244886107882,
    -0.07191806858597494,
    -0.07389798849480847,
    -0.07405111296442372,
    -0.07245717942726373,
    -0.06946706073698244,
    -0.06558896257097492,
    -0.06134825497003444,
    -0.057168254951332174,
    -0.0533110163051014,
    -0.049893382426281274,
    -0.04696336186507373,
    -0.04459766143440577,
    -0.042973247227707755,
    -0.042377680907500236,
    -0.04314976914439335,
    -0.04557229815239532,
    -0.049759260750096214,
    -0.05558219923815003,
    -0.06266347098311857,
    -0.07043629939285878,
    -0.07824523026114559,
    -0.0854479140464326,
    -0.0914853015972956,
    -0.09590862393895683,
    -0.09837679985850657,
    -0.09865394309240831,
    -0.09663453218764684,
    -0.09240362102342047,
    -0.08631070605902696,
    -0.07901339816974666,
    -0.0714441819120468,
    -0.06467535362113117,
    -0.05969728083757609,
    -0.05716738453253822,
    -0.05721259106722659,
    -0.05936267393839631,
    -0.06265418148672659,
    -0.06588662564576854,
    -0.06795604293992724,
    -0.06815872331486726,
    -0.06636412871534311,
    -0.06300021032804079,
    -0.05886065146094457,
    -0.05480691673233579
  ],
  "shape_matches": [
    {
      "shape": "Tragedy",
      "correlation": 0.6827
    },
    {
      "shape": "Oedipus",
      "correlation": 0.5344
    },
    {
      "shape": "Icarus",
      "correlation": -0.1272
    },
    {
      "shape": "Cinderella",
      "correlation": -0.553
    },
    {
      "shape": "Rags to Riches",
      "correlation": -0.6827
    },
    {
      "shape": "Man in a Hole",
      "correlation": -0.6913
    }
  ],
  "best_shape": "Tragedy",
  "best_shape_correlation": 0.6827,
  "peaks": [
    {
      "sample": 11,
      "position": 0.1111111111111111,
      "smoothed": -0.026794840416395724,
      "word_offset": 15299,
      "read_time_min": 61.2,
      "driving_words": [
        {
          "word": "grand",
          "score": 3.0
        },
        {
          "word": "adore",
          "score": 3.0
        },
        {
          "word": "j'adore",
          "score": 3.0
        },
        {
          "word": "grand'mère",
          "score": 3.0
        },
        {
          "word": "compliments",
          "score": 2.0
        },
        {
          "word": "confidence",
          "score": 2.0
        }
      ]
    },
    {
      "sample": 31,
      "position": 0.31313131313131315,
      "smoothed": -0.0424915853439397,
      "word_offset": 34025,
      "read_time_min": 136.1,
      "driving_words": [
        {
          "word": "miracle",
          "score": 4.0
        },
        {
          "word": "grand",
          "score": 3.0
        },
        {
          "word": "courage",
          "score": 2.0
        },
        {
          "word": "brave",
          "score": 2.0
        },
        {
          "word": "pardon",
          "score": 2.0
        },
        {
          "word": "fond",
          "score": 2.0
        }
      ]
    },
    {
      "sample": 69,
      "position": 0.696969696969697,
      "smoothed": -0.042377680907500236,
      "word_offset": 69604,
      "read_time_min": 278.4,
      "driving_words": [
        {
          "word": "grand",
          "score": 3.0
        },
        {
          "word": "grand'",
          "score": 3.0
        },
        {
          "word": "brave",
          "score": 2.0
        },
        {
          "word": "prudence",
          "score": 2.0
        },
        {
          "word": "chances",
          "score": 2.0
        },
        {
          "word": "pardon",
          "score": 2.0
        }
      ]
    }
  ],
  "valleys": [
    {
      "sample": 42,
      "position": 0.42424242424242425,
      "smoothed": -0.07025695794826935,
      "word_offset": 44324,
      "read_time_min": 177.3,
      "driving_words": [
        {
          "word": "dire",
          "score": -3.0
        },
        {
          "word": "terrible",
          "score": -3.0
        },
        {
          "word": "horrible",
          "score": -3.0
        },
        {
          "word": "cruel",
          "score": -3.0
        },
        {
          "word": "fatal",
          "score": -3.0
        },
        {
          "word": "catastrophe",
          "score": -3.0
        }
      ]
    },
    {
      "sample": 58,
      "position": 0.5858585858585859,
      "smoothed": -0.07405111296442372,
      "word_offset": 59305,
      "read_time_min": 237.2,
      "driving_words": [
        {
          "word": "dire",
          "score": -3.0
        },
        {
          "word": "terrible",
          "score": -3.0
        },
        {
          "word": "s'abuse",
          "score": -3.0
        },
        {
          "word": "catastrophe",
          "score": -3.0
        },
        {
          "word": "violence",
          "score": -3.0
        },
        {
          "word": "tout",
          "score": -2.0
        }
      ]
    },
    {
      "sample": 81,
      "position": 0.8181818181818182,
      "smoothed": -0.09865394309240831,
      "word_offset": 80840,
      "read_time_min": 323.4,
      "driving_words": [
        {
          "word": "terrible",