{
  "status": "ok",
  "n_words": 33935,
  "window_size": 10000,
  "reliability": "high",
  "raw": [
    0.0236,
    0.0392,
    0.0444,
    0.0504,
    0.0504,
    0.054,
    0.0548,
    0.0652,
    0.0652,
    0.0624,
    0.058,
    0.056,
    0.044,
    0.0444,
    0.0436,
    0.04,
    0.05,
    0.058,
    0.0604,
    0.064,
    0.062,
    0.0612,
    0.0736,
    0.0748,
    0.0656,
    0.0568,
    0.062,
    0.0716,
    0.0768,
    0.0756,
    0.0736,
    0.0804,
    0.0964,
    0.1092,
    0.1152,
    0.1148,
    0.1312,
    0.1468,
    0.1628,
    0.1712,
    0.1716,
    0.184,
    0.1864,
    0.1916,
    0.184,
    0.1832,
    0.1828,
    0.1844,
    0.1732,
    0.1652,
    0.1696,
    0.1664,
    0.162,
    0.1684,
    0.1608,
    0.1536,
    0.1404,
    0.134,
    0.132,
    0.1312,
    0.122,
    0.116,
    0.1132,
    0.106,
    0.1044,
    0.1028,
    0.1124,
    0.1088,
    0.102,
    0.0996,
    0.0976,
    0.104,
    0.0972,
    0.0936,
    0.086,
    0.0804,
    0.0876,
    0.0864,
    0.0964,
    0.0848,
    0.0928,
    0.096,
    0.1008,
    0.1104,
    0.114,
    0.1248,
    0.1324,
    0.1316,
    0.146,
    0.1488,
    0.1552,
    0.166,
    0.1756,
    0.188,
    0.192,
    0.1912,
    0.1992,
    0.2152,
    0.218,
    0.2256
  ],
  "smoothed": [
    0.10740232296167718,
    0.07094961267510165,
    0.04476363302898708,
    0.032476989429955555,
    0.03364166807811057,
    0.04415902084868296,
    0.057893162791794225,
    0.06884125597715124,
    0.07306103900412865,
    0.06969314089373177,
    0.060796234007877786,
    0.05017596151531204,
    0.041747845584729874,
    0.03809583283424626,
    0.03974146089278583,
    0.04530404232320088,
    0.052360705332259165,
    0.05856107526235142,
    0.06250803658862598,
    0.06408046974795302,
    0.06415545797959457,
    0.06395338216244445,
    0.06436538199647217,
    0.06558187440678447,
    0.06715903437725207,
    0.06843376019649887,
    0.06903559408324272,
    0.0692171654233,
    0.06983554276197809,
    0.07200283209457035,
    0.07659085393684088,
    0.08384162296419997,
    0.09327440036985969,
    0.10392625040178695,
    0.11479526729576503,
    0.12525733451982052,
    0.1352457287623363,
    0.14510713907869652,
    0.1552149225069151,
    0.16554725957537758,
    0.17546110932924486,
    0.18380012612683,
    0.1893103392836509,
    0.1911810131728148,
    0.1894561791874012,
    0.1851113662571009,
    0.179738850435153,
    0.17496420196856463,
    0.17184270728242432,
    0.1704967991999571,
    0.1701483850668159,
    0.16952258492281785,
    0.16743436164665998,
    0.1632932321533604,
    0.15730802242739592,
    0.1503197397243362,
    0.14336582887446622,
    0.13720014501404776,
    0.13200337677050128,
    0.12741536624107475,
    0.12285550691303539,
    0.11795159443589885,
    0.11284295906321283,
    0.10818770327514017,
    0.10485556493022845,
    0.10345280580239331,
    0.10392122093985594,
    0.10542987803233896,
    0.10664312155665343,
    0.10626464142286356,
    0.10361403760926426,
    0.0989617293389674,
    0.0934501830575335,
    0.08862015557763382,
    0.0857509167897503,
    0.0853207382245652,
    0.08684704251720807,
    0.08919094159563873,
    0.09118751177276596,
    0.09229735394923942,
    0.09295030455931759,
    0.09438807901175697,
    0.09805199584737967,
    0.10479436734864851,
    0.11430395610089653,
    0.12506415823111333,
    0.13492808904749423,
    0.1420973983247439,
    0.14606839127029494,
    0.14807221623664055,
    0.15071936337787994,
    0.1568970571952196,
    0.16831997069506952,
    0.18434196373703582,
    0.20159441629126312,
    0.2147234581307404,
    0.21806202686764234,
    0.2076697287496136,
    0.18297596814830827,
    0.1473634342677419
  ],
  "shape_matches": [
    {
      "shape": "Cinderella",
      "correlation": 0.6677
    },
    {
      "shape": "Man in a Hole",
      "correlation": 0.6244
    },
    {
      "shape": "Rags to Riches",
      "correlation": 0.6004
    },
    {
      "shape": "Icarus",
      "correlation": 0.235
    },
    {
      "shape": "Tragedy",
      "correlation": -0.6004
    },
    {
      "shape": "Oedipus",
      "correlation": -0.6582
    }
  ],
  "best_shape": "Cinderella",
  "best_shape_correlation": 0.6677,
  "peaks": [
    {
      "sample": 43,
      "position": 0.43434343434343436,
      "smoothed": 0.1911810131728148,
      "word_offset": 15396,
      "read_time_min": 61.6,
      "driving_words": [
        {
          "word": "fun",
          "score": 4.0
        },
        {
          "word": "wonderful",
          "score": 4.0
        },
        {
          "word": "admired",
          "score": 3.0
        },
        {
          "word": "great",
          "score": 3.0
        },
        {
          "word": "best",
          "score": 3.0
        },
        {
          "word": "succeeded",
          "score": 3.0
        }
      ]
    },
    {
      "sample": 68,
      "position": 0.6868686868686869,
      "smoothed": 0.10664312155665343,
      "word_offset": 21440,
      "read_time_min": 85.8,
      "driving_words": [
        {
          "word": "perfectly",
          "score": 3.0
        },
        {
          "word": "handsome",
          "score": 3.0
        },
        {
          "word": "beauty",
          "score": 3.0
        },
        {
          "word": "greatest",
          "score": 3.0
        },
        {
          "word": "amuse",
          "score": 3.0
        },
        {
          "word": "love",
          "score": 3.0
        }
      ]
    },
    {
      "sample": 96,
      "position": 0.9696969696969697,
      "smoothed": 0.21806202686764234,
      "word_offset": 28210,
      "read_time_min": 112.8,
      "driving_words": [
        {
          "word": "wonderful",
          "score": 4.0
        },
        {
          "word": "winning",
          "score": 4.0
        },
        {
          "word": "fun",
          "score": 4.0
        },
        {
          "word": "praise",
          "score": 3.0
        },
        {
          "word": "great",
          "score": 3.0
        },
        {
          "word": "celebrated",
          "score": 3.0
        }
      ]
    }
  ],
  "valleys": [
    {
      "sample": 3,
      "position": 0.030303030303030304,
      "smoothed": 0.032476989429955555,
      "word_offset": 5725,
      "read_time_min": 22.9,
      "driving_words": [
        {
          "word": "violent",
          "score": -3.0
        },
        {
          "word": "violence",
          "score": -3.0
        },
        {
          "word": "lost",
          "score": -3.0
        },
        {
          "word": "betray",
          "score": -3.0
        },
        {
          "word": "cruel",
          "score": -3.0
        },
        {
          "word": "vile",
          "score": -3.0
        }
      ]
    },
    {
      "sample": 13,
      "position": 0.13131313131313133,
      "smoothed": 0.03809583283424626,
      "word_offset": 8143,
      "read_time_min": 32.6,
      "driving_words": [
        {
          "word": "destroyed",
          "score": -3.0
        },
        {
          "word": "cruel",
          "score": -3.0
        },
        {
          "word": "abhorred",
          "score": -3.0
        },
        {
          "word": "arrested",
          "score": -3.0
        },
        {
          "word": "deploring",
          "score": -3.0
        },
        {
          "word": "violently",
          "score": -3.0
        }
      ]
    },
    {
      "sample": 21,
      "position": 0.21212121212121213,
      "smoothed": 0.06395338216244445,
      "word_offset": 10077,
      "read_time_min": 40.3,
      "driving_words": [
        {
          "word": "deploring",
          "score": -3.0
        },
        {
          "word": "violently",
          "score": -3.0
        },
        {
          "word": "despair",
          "score": -3.0
        },
        {
          "word": "victim",