{
  "status": "ok",
  "n_words": 784838,
  "window_size": 10000,
  "reliability": "high",
  "raw": [
    0.1724,
    0.1576,
    0.1236,
    0.19,
    0.1488,
    0.1992,
    0.2036,
    0.1476,
    0.1752,
    0.1332,
    0.1972,
    0.238,
    0.2044,
    0.092,
    0.1372,
    0.2692,
    0.0516,
    0.0796,
    0.0648,
    0.1196,
    0.1724,
    0.2336,
    0.2372,
    0.1912,
    0.148,
    0.1544,
    0.0324,
    0.094,
    0.1492,
    0.2092,
    0.2252,
    0.2056,
    0.2352,
    0.1192,
    0.1624,
    0.206,
    0.1628,
    0.1736,
    0.1268,
    -0.0176,
    0.1472,
    0.3176,
    0.2524,
    0.1936,
    0.2072,
    0.2,
    0.1072,
    0.1992,
    0.2112,
    0.2264,
    0.1704,
    0.1628,
    0.2356,
    0.1756,
    0.1588,
    0.1268,
    0.1552,
    0.0604,
    0.1224,
    0.1116,
    0.1608,
    0.2308,
    0.1448,
    0.0872,
    0.1132,
    0.0476,
    0.186,
    0.0908,
    0.2584,
    0.2212,
    0.1332,
    0.1896,
    0.1628,
    0.1792,
    0.2064,
    0.1928,
    0.0816,
    0.0984,
    0.1832,
    0.0424,
    0.0732,
    0.1396,
    0.1536,
    0.1144,
    0.2092,
    0.2628,
    0.216,
    0.1104,
    0.1372,
    0.144,
    0.1316,
    0.0284,
    0.0124,
    0.132,
    0.136,
    0.1092,
    0.1604,
    0.0244,
    0.0896,
    0.1228
  ],
  "smoothed": [
    0.12286886808978008,
    0.14123763307538964,
    0.16159120751807232,
    0.17762965229089073,
    0.1847523484132649,
    0.18233244190269646,
    0.17409233562860219,
    0.16632355226111614,
    0.16473638759710546,
    0.1714288676414612,
    0.18348294186067876,
    0.19399184263402752,
    0.1951977981505722,
    0.1823849072815725,
    0.15671821231479255,
    0.12558801885858917,
    0.10007947823562945,
    0.09048757489344104,
    0.10175360385812349,
    0.13085912452614426,
    0.1674667546392136,
    0.19773706959576046,
    0.20985616857540698,
    0.19899449520808266,
    0.16956351746234802,
    0.13371151862238517,
    0.1065642830533547,
    0.10010783008202254,
    0.11822638038829779,
    0.1549712976286432,
    0.1968169959183673,
    0.22800917426779652,
    0.23682619293207954,
    0.22019938847232112,
    0.18482915821443116,
    0.14439400993761903,
    0.11405869711516602,
    0.10456806323487236,
    0.1183216783639369,
    0.1489363365442564,
    0.18431677625695764,
    0.2118111694430591,
    0.22323275922923966,
    0.2176945295144418,
    0.2012231566737378,
    0.18352489554447576,
    0.173455066168236,
    0.1752019890820856,
    0.18677289072626801,
    0.2012879965860745,
    0.21034843478798948,
    0.2078883004200071,
    0.1928025491050441,
    0.16927340996658768,
    0.14478346933143257,
    0.12681377344111036,
    0.11974019822886409,
    0.1232624913136509,
    0.1329466466547182,
    0.14249952928203616,
    0.14666320794631427,
    0.1434250614018091,
    0.13463782118966813,
    0.12491300953417021,
    0.11942030166965628,
    0.12164793616905292,
    0.13209140110474266,
    0.14832176051818957,
    0.16621628654505582,
    0.18163890122882306,
    0.19175574653647903,
    0.1954754078893348,
    0.1930264006811549,
    0.185141010391524,
    0.17246850863196891,
    0.15562409784190967,
    0.13582372435117118,
    0.11561899564184866,
    0.09908347904060012,
    0.0910236519607113,
    0.09530255286933752,
    0.11291496705310895,
    0.140743566096143,
    0.17177071064745744,
    0.19694821027368414,
    0.2081777857381921,
    0.2012766400230107,
    0.17768789338713212,
    0.1441363367889562,
    0.11026135572767018,
    0.08512426265531772,
    0.07399601414085488,
    0.0767394486902624,
    0.0884293240275856,
    0.10188974054238316,
    0.11099898038353218,
    0.113291536170074,
    0.11072593741799516,
    0.10833587270230467,
    0.11145631534647957
  ],
  "shape_matches": [
    {
      "shape": "Tragedy",
      "correlation": 0.3192
    },
    {
      "shape": "Icarus",
      "correlation": 0.2812
    },
    {
      "shape": "Cinderella",
      "correlation": -0.0063
    },
    {
      "shape": "Oedipus",
      "correlation": -0.0118
    },
    {
      "shape": "Man in a Hole",
      "correlation": -0.1622
    },
    {
      "shape": "Rags to Riches",
      "correlation": -0.3192
    }
  ],
  "best_shape": "Tragedy",
  "best_shape_correlation": 0.3192,
  "peaks": [
    {
      "sample": 32,
      "position": 0.32323232323232326,
      "smoothed": 0.23682619293207954,
      "word_offset": 255453,
      "read_time_min": 1021.8,
      "driving_words": [
        {
          "word": "rejoice",
          "score": 4.0
        },
        {
          "word": "amazing",
          "score": 4.0
        },
        {
          "word": "wonderful",
          "score": 4.0
        },
        {
          "word": "good",
          "score": 3.0
        },
        {
          "word": "happiness",
          "score": 3.0
        },
        {
          "word": "pleased",
          "score": 3.0
        }
      ]
    },
    {
      "sample": 42,
      "position": 0.42424242424242425,
      "smoothed": 0.22323275922923966,
      "word_offset": 333719,
      "read_time_min": 1334.9,
      "driving_words": [
        {
          "word": "brilliant",
          "score": 4.0
        },
        {
          "word": "pleasure",
          "score": 3.0
        },
        {
          "word": "happy",
          "score": 3.0
        },
        {
          "word": "happiness",
          "score": 3.0
        },
        {
          "word": "great",
          "score": 3.0
        },
        {
          "word": "grateful",
          "score": 3.0
        }
      ]
    },
    {
      "sample": 50,
      "position": 0.5050505050505051,
      "smoothed": 0.21034843478798948,
      "word_offset": 396332,
      "read_time_min": 1585.3,
      "driving_words": [
        {
          "word": "rejoiced",
          "score": 4.0
        },
        {
          "word": "rejoice",
          "score": 4.0
        },
        {
          "word": "happy",
          "score": 3.0
        },
        {
          "word": "beauty",
          "score": 3.0
        },
        {
          "word": "pleased",
          "score": 3.0
        },
        {
          "word": "great",
          "score": 3.0
        }
      ]
    }
  ],
  "valleys": [
    {
      "sample": 17,
      "position": 0.1717171717171717,
      "smoothed": 0.09048757489344104,
      "word_offset": 138053,
      "read_time_min": 552.2,
      "driving_words": [
        {
          "word": "violently",
          "score": -3.0
        },
        {
          "word": "dreadful",
          "score": -3.0
        },
        {
          "word": "horrid",
          "score": -3.0
        },
        {
          "word": "frightening",
          "score": -3.0
        },
        {
          "word": "faggot",
          "score": -3.0
        },
        {
          "word": "violence",
          "score": -3.0
        }
      ]
    },
    {
      "sample": 79,
      "position": 0.797979797979798,
      "smoothed": 0.0910236519607113,
      "word_offset": 623305,
      "read_time_min": 2493.2,
      "driving_words": [
        {
          "word": "cruel",
          "score": -3.0
        },
        {
          "word": "worse",
          "score": -3.0
        },
        {
          "word": "anger",
          "score": -3.0
        },
        {
          "word": "deceived",
          "score": -3.0
        },
        {
          "word": "hate",
          "score": -3.0
        },
        {
          "word": "hatred",
          "score": -3.0
        }
      ]
    },
    {
      "sample": 91,
      "position": 0.9191919191919192,
      "smoothed": 0.07399601414085488,
      "word_offset": 717225,
      "read_time_min": 2868.9,
      "driving_words": [
        {
          "word": "torture",
          "score": -4.0
        },
        {
          "word": "distrust",
          "score": -3.0
        },
        {
          "word": "selfish",
          "score": -3.0
        },
        {
          "word": "worse",