{
  "status": "ok",
  "n_words": 75297,
  "window_size": 10000,
  "reliability": "high",
  "raw": [
    0.2028,
    0.19,
    0.1612,
    0.1456,
    0.148,
    0.1544,
    0.1632,
    0.1592,
    0.1424,
    0.1216,
    0.1116,
    0.1036,
    0.108,
    0.1004,
    0.0936,
    0.1244,
    0.1316,
    0.1272,
    0.1188,
    0.0948,
    0.066,
    0.0484,
    0.028,
    0.0228,
    0.0084,
    -0.0396,
    -0.05,
    -0.0872,
    -0.0952,
    -0.1024,
    -0.1232,
    -0.1504,
    -0.1608,
    -0.1684,
    -0.154,
    -0.1356,
    -0.124,
    -0.0948,
    -0.0792,
    -0.0444,
    0.0048,
    0.0476,
    0.0656,
    0.0788,
    0.0784,
    0.0792,
    0.1052,
    0.1312,
    0.1532,
    0.1632,
    0.1824,
    0.1548,
    0.126,
    0.12,
    0.1,
    0.0584,
    0.02,
    0.0008,
    -0.0196,
    -0.0084,
    -0.0032,
    -0.006,
    0.0048,
    -0.0048,
    -0.0056,
    -0.0252,
    -0.008,
    -0.0092,
    -0.0252,
    -0.0328,
    -0.0172,
    0.0052,
    -0.008,
    0.006,
    -0.0212,
    -0.0616,
    -0.0604,
    -0.086,
    -0.122,
    -0.1368,
    -0.1312,
    -0.1292,
    -0.1012,
    -0.07,
    -0.0548,
    -0.0672,
    -0.0656,
    -0.0892,
    -0.1064,
    -0.0876,
    -0.0804,
    -0.086,
    -0.0688,
    -0.0436,
    -0.04,
    -0.0564,
    -0.0688,
    -0.1072,
    -0.1448,
    -0.152
  ],
  "smoothed": [
    0.04428202882530874,
    0.10539456872495606,
    0.1558315371799704,
    0.18679794596001154,
    0.19527662895675701,
    0.1844679114802984,
    0.16210166616785399,
    0.1374078810131641,
    0.11797573546944927,
    0.10765870852431153,
    0.10615858285488564,
    0.11019170994902833,
    0.115523172349724,
    0.1188963951779785,
    0.11906484166068904,
    0.11663295638303321,
    0.11298874043071784,
    0.10899863915406283,
    0.10417687563656243,
    0.09674311554980253,
    0.0845060310325536,
    0.06609057416119576,
    0.041860366693337606,
    0.014043564846074138,
    -0.014033456036980557,
    -0.03925963639253604,
    -0.05998079867905675,
    -0.07657138752876627,
    -0.09104449353458086,
    -0.105855433030687,
    -0.12243484939315159,
    -0.14012599371741905,
    -0.15603393340022068,
    -0.1658975243757583,
    -0.16564643166943074,
    -0.15300434295300963,
    -0.12847607009477652,
    -0.09531570929023243,
    -0.05849687207775945,
    -0.02310820296448229,
    0.007191270741276528,
    0.03108116847309794,
    0.049565471749072824,
    0.06512870941760485,
    0.08046562591074723,
    0.09730352638534066,
    0.1157328950330466,
    0.13420903101134798,
    0.15011194703944686,
    0.16057306765228593,
    0.16325362446616817,
    0.15686847607265175,
    0.1414084423450812,
    0.11813197559182459,
    0.08942067824467491,
    0.05853499354022981,
    0.02923072623323817,
    0.0051785945262949615,
    -0.010795238385403635,
    -0.017487741427952477,
    -0.015831764019515245,
    -0.008844538224771515,
    -0.000861803948912887,
    0.0038147987630293614,
    0.0024345533498598138,
    -0.005109527182327782,
    -0.016127463858166196,
    -0.026112645796596792,
    -0.03058784866833866,
    -0.027138340265413525,
    -0.016787750692085848,
    -0.0040568637666237705,
    0.0044619159499646385,
    0.0025662036459192052,
    -0.012987253781595758,
    -0.04085915769864895,
    -0.07518955850423313,
    -0.10743634609724372,
    -0.12935413783346147,
    -0.1359763222846691,
    -0.12741307415999123,
    -0.10872125775913828,
    -0.08787071197740044,
    -0.0726119850851904,
    -0.06751352399268234,
    -0.072377329282597,
    -0.08267405134043808,
    -0.09179202936050686,
    -0.0941245932189932,
    -0.08765541940659433,
    -0.07490499509315052,
    -0.061794580464127176,
    -0.054879154166780374,
    -0.058118941784900874,
    -0.07059166437274092,
    -0.08618849884209168,
    -0.09552934883703394,
    -0.08941133040536166,
    -0.06245251658350382,
    -0.015483430615896845
  ],
  "shape_matches": [
    {
      "shape": "Tragedy",
      "correlation": 0.567
    },
    {
      "shape": "Oedipus",
      "correlation": 0.3557
    },
    {
      "shape": "Icarus",
      "correlation": -0.0629
    },
    {
      "shape": "Cinderella",
      "correlation": -0.3743
    },
    {
      "shape": "Man in a Hole",
      "correlation": -0.5007
    },
    {
      "shape": "Rags to Riches",
      "correlation": -0.567
    }
  ],
  "best_shape": "Tragedy",
  "best_shape_correlation": 0.567,
  "peaks": [
    {
      "sample": 4,
      "position": 0.04040404040404041,
      "smoothed": 0.19527662895675701,
      "word_offset": 7638,
      "read_time_min": 30.6,
      "driving_words": [
        {
          "word": "triumph",
          "score": 4.0
        },
        {
          "word": "wonderfully",
          "score": 4.0
        },
        {
          "word": "wonderful",
          "score": 4.0
        },
        {
          "word": "overjoyed",
          "score": 4.0
        },
        {
          "word": "beloved",
          "score": 3.0
        },
        {
          "word": "excited",
          "score": 3.0
        }
      ]
    },
    {
      "sample": 14,
      "position": 0.1414141414141414,
      "smoothed": 0.11906484166068904,
      "word_offset": 14234,
      "read_time_min": 56.9,
      "driving_words": [
        {
          "word": "brilliant",
          "score": 4.0
        },
        {
          "word": "miracle",
          "score": 4.0
        },
        {
          "word": "wonderful",
          "score": 4.0
        },
        {
          "word": "supreme",
          "score": 4.0
        },
        {
          "word": "winning",
          "score": 4.0
        },
        {
          "word": "great",
          "score": 3.0
        }
      ]
    },
    {
      "sample": 50,
      "position": 0.5050505050505051,
      "smoothed": 0.16325362446616817,
      "word_offset": 37978,
      "read_time_min": 151.9,
      "driving_words": [
        {
          "word": "rejoiced",
          "score": 4.0
        },
        {
          "word": "wonderful",
          "score": 4.0
        },
        {
          "word": "win",
          "score": 4.0
        },
        {
          "word": "ecstatic",
          "score": 4.0
        },
        {
          "word": "perfectly",
          "score": 3.0
        },
        {
          "word": "paradise",
          "score": 3.0
        }
      ]
    }
  ],
  "valleys": [
    {
      "sample": 33,
      "position": 0.3333333333333333,
      "smoothed": -0.1658975243757583,
      "word_offset": 26766,
      "read_time_min": 107.1,
      "driving_words": [
        {
          "word": "torture",
          "score": -4.0
        },
        {
          "word": "tortures",
          "score": -4.0
        },
        {
          "word": "hell",
          "score": -4.0
        },
        {
          "word": "lost",
          "score": -3.0
        },
        {
          "word": "destroyed",
          "score": -3.0
        },
        {
          "word": "crime",
          "score": -3.0
        }
      ]
    },
    {
      "sample": 79,
      "position": 0.797979797979798,
      "smoothed": -0.1359763222846691,
      "word_offset": 57106,
      "read_time_min": 228.4,
      "driving_words": [
        {
          "word": "tortures",
          "score": -4.0
        },
        {
          "word": "torture",
          "score": -4.0
        },
        {
          "word": "tortured",
          "score": -4.0
        },
        {
          "word": "miserable",
          "score": -3.0
        },
        {
          "word": "terrible",
          "score": -3.0
        },
        {
          "word": "cheat",
          "score": -3.0
        }
      ]
    },
    {
      "sample": 96,
      "position": 0.9696969696969697,
      "smoothed": -0.09552934883703394,
      "word_offset": 68318,
      "read_time_min": 273.3,
      "driving_words": [
        {
          "word": "hell",
          "score": -4.0
        },
        {
          "word": "torture",