{
  "status": "ok",
  "n_words": 52008,
  "window_size": 10000,
  "reliability": "high",
  "raw": [
    -0.0168,
    -0.03,
    -0.0304,
    -0.0136,
    -0.0096,
    -0.0216,
    -0.0268,
    -0.0392,
    -0.02,
    -0.0108,
    -0.0092,
    -0.0096,
    -0.0184,
    -0.0088,
    -0.0088,
    -0.0072,
    -0.0012,
    -0.004,
    -0.0116,
    0.006,
    0.0032,
    -0.004,
    -0.0188,
    -0.0308,
    -0.0168,
    0.0,
    0.002,
    0.0204,
    0.0304,
    0.0372,
    0.0344,
    0.03,
    0.0176,
    -0.0068,
    -0.0032,
    -0.0064,
    -0.0064,
    -0.0144,
    0.0008,
    0.012,
    0.014,
    0.024,
    0.0244,
    0.0256,
    0.0252,
    0.0228,
    0.0312,
    0.0284,
    0.0236,
    0.0312,
    0.0204,
    0.0104,
    -0.0016,
    0.0016,
    0.002,
    0.0012,
    0.0152,
    0.0424,
    0.0456,
    0.0308,
    0.0424,
    0.0424,
    0.0312,
    0.0372,
    0.0392,
    0.052,
    0.052,
    0.054,
    0.0628,
    0.058,
    0.0496,
    0.036,
    0.0332,
    0.0352,
    0.0388,
    0.0512,
    0.0596,
    0.0692,
    0.0976,
    0.1092,
    0.1004,
    0.0792,
    0.0852,
    0.0964,
    0.1084,
    0.1164,
    0.1284,
    0.126,
    0.1316,
    0.1404,
    0.1336,
    0.1348,
    0.1324,
    0.1364,
    0.1416,
    0.1436,
    0.1424,
    0.1484,
    0.136,
    0.124
  ],
  "smoothed": [
    0.03759834060998821,
    0.0032933068217256035,
    -0.02178492908217051,
    -0.035098160753114,
    -0.037369859405092305,
    -0.03194830264014342,
    -0.023390461621526457,
    -0.01584055386045128,
    -0.011791691043969297,
    -0.011613171409990124,
    -0.013900894148015347,
    -0.01640151223105586,
    -0.01708717553197655,
    -0.014965869361698423,
    -0.010373530938860532,
    -0.0047235109206587465,
    0.00011195154756539872,
    0.0025147031731138324,
    0.0016733665966596467,
    -0.0021752952941740357,
    -0.007838037356130987,
    -0.013510963565576035,
    -0.017255620336377297,
    -0.017485770210882375,
    -0.01337270415118678,
    -0.005101861026485173,
    0.006072696314918251,
    0.018015456507456364,
    0.028144002375666388,
    0.034053113167449224,
    0.034190528774425154,
    0.028385172585971844,
    0.01802737761511911,
    0.005782664596386083,
    -0.005127689037786567,
    -0.011876875303970467,
    -0.012896651512751075,
    -0.008338291786523415,
    5.603151069053958e-05,
    0.009637812798582779,
    0.017836108885718654,
    0.023054832370458717,
    0.02512502781439138,
    0.025135879021891485,
    0.024733328126100594,
    0.025209855296689725,
    0.02680694075773861,
    0.02856282978603738,
    0.028794411338875166,
    0.02600732055284257,
    0.019815180678491,
    0.011418992796404103,
    0.0033742110130160308,
    -0.0013139633316528298,
    -0.0004128618695284736,
    0.00652333392500188,
    0.017816129432700577,
    0.030199638693889874,
    0.04005411996255217,
    0.04484187646900385,
    0.04413756003415283,
    0.039793809623823305,
    0.03514026226428173,
    0.033530405732413164,
    0.03684570124025604,
    0.04460608256880217,
    0.054094174140712416,
    0.06147377123456714,
    0.0634515463804532,
    0.058782003403140715,
    0.048962185518158896,
    0.037791713878343985,
    0.029949754975028865,
    0.029161581972608125,
    0.036711747886558004,
    0.05092596929048256,
    0.06784334832296585,
    0.08280294491797131,
    0.09228552036633922,
    0.09524639828654843,
    0.09339416890791707,
    0.09031914955425158,
    0.08986300363468167,
    0.09443824381321286,
    0.10401832177042039,
    0.11622180355249244,
    0.12743666790514194,
    0.13447897751325194,
    0.13604831096576486,
    0.13332967332389895,
    0.12946029028604375,
    0.12807167570520275,
    0.13152251828641234,
    0.13958384636424367,
    0.1491627189189226,
    0.155228073067044,
    0.15260902717298827,
    0.1379760931682824,
    0.11123552370355673,
    0.07579509616289658
  ],
  "shape_matches": [
    {
      "shape": "Rags to Riches",
      "correlation": 0.8872
    },
    {
      "shape": "Man in a Hole",
      "correlation": 0.67
    },
    {
      "shape": "Cinderella",
      "correlation": 0.3724
    },
    {
      "shape": "Icarus",
      "correlation": -0.2933
    },
    {
      "shape": "Oedipus",
      "correlation": -0.3352
    },
    {
      "shape": "Tragedy",
      "correlation": -0.8872
    }
  ],
  "best_shape": "Rags to Riches",
  "best_shape_correlation": 0.8872,
  "peaks": [
    {
      "sample": 79,
      "position": 0.797979797979798,
      "smoothed": 0.09524639828654843,
      "word_offset": 38522,
      "read_time_min": 154.1,
      "driving_words": [
        {
          "word": "overjoyed",
          "score": 4.0
        },
        {
          "word": "brilliant",
          "score": 4.0
        },
        {
          "word": "miracle",
          "score": 4.0
        },
        {
          "word": "great",
          "score": 3.0
        },
        {
          "word": "blessings",
          "score": 3.0
        },
        {
          "word": "happiness",
          "score": 3.0
        }
      ]
    },
    {
      "sample": 88,
      "position": 0.8888888888888888,
      "smoothed": 0.13604831096576486,
      "word_offset": 42340,
      "read_time_min": 169.4,
      "driving_words": [
        {
          "word": "brilliant",
          "score": 4.0
        },
        {
          "word": "miracle",
          "score": 4.0
        },
        {
          "word": "win",
          "score": 4.0
        },
        {
          "word": "triumph",
          "score": 4.0
        },
        {
          "word": "great",
          "score": 3.0
        },
        {
          "word": "affectionate",
          "score": 3.0
        }
      ]
    },
    {
      "sample": 95,
      "position": 0.9595959595959596,
      "smoothed": 0.155228073067044,
      "word_offset": 45311,
      "read_time_min": 181.2,
      "driving_words": [
        {
          "word": "brilliant",
          "score": 4.0
        },
        {
          "word": "win",
          "score": 4.0
        },
        {
          "word": "triumph",
          "score": 4.0
        },
        {
          "word": "good",
          "score": 3.0
        },
        {
          "word": "happiness",
          "score": 3.0
        },
        {
          "word": "joyful",
          "score": 3.0
        }
      ]
    }
  ],
  "valleys": [
    {
      "sample": 4,
      "position": 0.04040404040404041,
      "smoothed": -0.037369859405092305,
      "word_offset": 6697,
      "read_time_min": 26.8,
      "driving_words": [
        {
          "word": "tortured",
          "score": -4.0
        },
        {
          "word": "ass",
          "score": -4.0
        },
        {
          "word": "warnings",
          "score": -3.0
        },
        {
          "word": "warning",
          "score": -3.0
        },
        {
          "word": "hideous",
          "score": -3.0
        },
        {
          "word": "jerk",
          "score": -3.0
        }
      ]
    },
    {
      "sample": 12,
      "position": 0.12121212121212122,
      "smoothed": -0.01708717553197655,
      "word_offset": 10092,
      "read_time_min": 40.4,
      "driving_words": [
        {
          "word": "tortured",
          "score": -4.0
        },
        {
          "word": "ass",
          "score": -4.0
        },
        {
          "word": "dead",
          "score": -3.0
        },
        {
          "word": "violently",
          "score": -3.0
        },
        {
          "word": "violent",
          "score": -3.0
        },
        {
          "word": "mad",
          "score": -3.0
        }
      ]
    },
    {
      "sample": 23,
      "position": 0.23232323232323232,
      "smoothed": -0.017485770210882375,
      "word_offset": 14759,
      "read_time_min": 59.0,
      "driving_words": [
        {
          "word": "cruel",
          "score": -3.0
        },
        {
          "word": "lost",