{
  "status": "ok",
  "n_words": 138446,
  "window_size": 10000,
  "reliability": "high",
  "raw": [
    0.1108,
    0.1316,
    0.1204,
    0.0872,
    0.0556,
    0.0456,
    0.0656,
    0.0572,
    0.04,
    0.032,
    0.0584,
    0.0972,
    0.1004,
    0.0928,
    0.0852,
    0.0796,
    0.0856,
    0.0556,
    0.036,
    0.0068,
    0.0064,
    -0.0016,
    -0.0212,
    0.0036,
    0.0176,
    0.022,
    0.0264,
    0.0584,
    0.0512,
    0.05,
    0.0108,
    -0.0156,
    -0.0068,
    -0.0072,
    -0.0316,
    -0.036,
    -0.0416,
    -0.044,
    -0.0384,
    -0.0148,
    -0.0144,
    -0.0048,
    0.0004,
    0.0036,
    0.0188,
    0.0284,
    0.0116,
    -0.0032,
    0.0,
    0.0104,
    0.0336,
    0.0464,
    0.0884,
    0.1488,
    0.1668,
    0.1848,
    0.1624,
    0.1524,
    0.0972,
    0.106,
    0.0904,
    0.0804,
    0.062,
    0.0736,
    0.074,
    0.0204,
    0.0184,
    0.0,
    -0.05,
    -0.0752,
    -0.0776,
    -0.0752,
    -0.048,
    -0.0336,
    -0.054,
    -0.0256,
    -0.014,
    -0.0408,
    -0.1028,
    -0.1528,
    -0.1524,
    -0.142,
    -0.1352,
    -0.1608,
    -0.136,
    -0.1448,
    -0.1592,
    -0.1332,
    -0.1052,
    -0.0784,
    -0.1108,
    -0.1716,
    -0.1864,
    -0.1204,
    -0.1044,
    -0.1736,
    -0.2008,
    -0.2216,
    -0.208,
    -0.1976
  ],
  "smoothed": [
    -0.006502528651095325,
    0.05790872581177767,
    0.10055649226861171,
    0.11551431753244373,
    0.10529627288358832,
    0.07945339780458623,
    0.0508527744768454,
    0.031118246374862556,
    0.026933412433697512,
    0.03845718550170559,
    0.06020068541423102,
    0.08375382755981856,
    0.1011208288227693,
    0.10735039993234086,
    0.10160388799658854,
    0.08654801624859357,
    0.06664506054792683,
    0.046257862238997485,
    0.028383872470050742,
    0.01438524245215695,
    0.004539342717110851,
    -0.0011370876945068975,
    -0.0023772677743651195,
    0.001221178444643578,
    0.009566400293648587,
    0.02137237545045461,
    0.033907891323192975,
    0.04349115218797598,
    0.04662780756349126,
    0.04132442779370374,
    0.027969317060683663,
    0.009336321168354455,
    -0.01034017849348583,
    -0.02684072396815819,
    -0.037352604446633124,
    -0.04119009046376,
    -0.039581885796150885,
    -0.034711501182469344,
    -0.028542173538988806,
    -0.022030804979615723,
    -0.015098861575808531,
    -0.007302222982203124,
    0.001254315146632826,
    0.009368914229376545,
    0.014995392513955914,
    0.016296231797128004,
    0.01301564880739865,
    0.007419590098993449,
    0.004148028745015511,
    0.00878384780577957,
    0.025568126778130404,
    0.05518945925758161,
    0.09368647424223209,
    0.1331331199802417,
    0.16405194689660868,
    0.1787255981059221,
    0.17410245241608782,
    0.153057818064836,
    0.12338674501665185,
    0.09483075324179945,
    0.07528802645630689,
    0.06774954287586984,
    0.06925052109966677,
    0.07231213834465598,
    0.06830633720333319,
    0.05135008477535039,
    0.02108608558085374,
    -0.01684632587171941,
    -0.05288399187281812,
    -0.07731840407489754,
    -0.0842183201098341,
    -0.0738708991790956,
    -0.05273882613782942,
    -0.030972854159757767,
    -0.018532173581022805,
    -0.021516956947859333,
    -0.04018007736438269,
    -0.06933162101970665,
    -0.10081977721023808,
    -0.12691807163319438,
    -0.14313741205454666,
    -0.14933018971936515,
    -0.14878510729492356,
    -0.14593649209961027,
    -0.14390841056304055,
    -0.14311777550421537,
    -0.14158379445397157,
    -0.1367135924331636,
    -0.127573784675933,
    -0.11637863015881188,
    -0.10826799989937375,
    -0.10926416446903067,
    -0.1232124114870731,
    -0.1490975405178354,
    -0.1800964953775295,
    -0.2050612574020158,
    -0.2120974681670073,
    -0.19295646885084747,
    -0.14651259664926383,
    -0.07986609976812199
  ],
  "shape_matches": [
    {
      "shape": "Tragedy",
      "correlation": 0.6793
    },
    {
      "shape": "Icarus",
      "correlation": 0.3603
    },
    {
      "shape": "Oedipus",
      "correlation": 0.1251
    },
    {
      "shape": "Cinderella",
      "correlation": -0.1584
    },
    {
      "shape": "Man in a Hole",
      "correlation": -0.4323
    },
    {
      "shape": "Rags to Riches",
      "correlation": -0.6793
    }
  ],
  "best_shape": "Tragedy",
  "best_shape_correlation": 0.6793,
  "peaks": [
    {
      "sample": 3,
      "position": 0.030303030303030304,
      "smoothed": 0.11551431753244373,
      "word_offset": 8892,
      "read_time_min": 35.6,
      "driving_words": [
        {
          "word": "brilliant",
          "score": 4.0
        },
        {
          "word": "triumph",
          "score": 4.0
        },
        {
          "word": "amazing",
          "score": 4.0
        },
        {
          "word": "luckily",
          "score": 3.0
        },
        {
          "word": "handsome",
          "score": 3.0
        },
        {
          "word": "sparkling",
          "score": 3.0
        }
      ]
    },
    {
      "sample": 13,
      "position": 0.13131313131313133,
      "smoothed": 0.10735039993234086,
      "word_offset": 21867,
      "read_time_min": 87.5,
      "driving_words": [
        {
          "word": "heavenly",
          "score": 4.0
        },
        {
          "word": "miracle",
          "score": 4.0
        },
        {
          "word": "wonderful",
          "score": 4.0
        },
        {
          "word": "rejoice",
          "score": 4.0
        },
        {
          "word": "beauty",
          "score": 3.0
        },
        {
          "word": "adoration",
          "score": 3.0
        }
      ]
    },
    {
      "sample": 55,
      "position": 0.5555555555555556,
      "smoothed": 0.1787255981059221,
      "word_offset": 76359,
      "read_time_min": 305.4,
      "driving_words": [
        {
          "word": "rejoice",
          "score": 4.0
        },
        {
          "word": "rejoiced",
          "score": 4.0
        },
        {
          "word": "brilliant",
          "score": 4.0
        },
        {
          "word": "fantastic",
          "score": 4.0
        },
        {
          "word": "heavenly",
          "score": 4.0
        },
        {
          "word": "wonderful",
          "score": 4.0
        }
      ]
    }
  ],
  "valleys": [
    {
      "sample": 70,
      "position": 0.7070707070707071,
      "smoothed": -0.0842183201098341,
      "word_offset": 95820,
      "read_time_min": 383.3,
      "driving_words": [
        {
          "word": "rape",
          "score": -4.0
        },
        {
          "word": "tortures",
          "score": -4.0
        },
        {
          "word": "deceived",
          "score": -3.0
        },
        {
          "word": "slave",
          "score": -3.0
        },
        {
          "word": "crime",
          "score": -3.0
        },
        {
          "word": "guilt",
          "score": -3.0
        }
      ]
    },
    {
      "sample": 81,
      "position": 0.8181818181818182,
      "smoothed": -0.14933018971936515,
      "word_offset": 110092,
      "read_time_min": 440.4,
      "driving_words": [
        {
          "word": "torture",
          "score": -4.0
        },
        {
          "word": "losing",
          "score": -3.0
        },
        {
          "word": "die",
          "score": -3.0
        },
        {
          "word": "loss",
          "score": -3.0
        },
        {
          "word": "crimes",
          "score": -3.0
        },
        {
          "word": "dead",
          "score": -3.0
        }
      ]
    },
    {
      "sample": 96,
      "position": 0.9696969696969697,
      "smoothed": -0.2120974681670073,
      "word_offset": 129554,
      "read_time_min": 518.2,
      "driving_words": [
        {
          "word": "tortures",
          "score": -4.0
        },
        {
          "word": "hell",