{
  "status": "ok",
  "n_words": 105849,
  "window_size": 10000,
  "reliability": "high",
  "raw": [
    0.0912,
    0.104,
    0.0988,
    0.0988,
    0.104,
    0.0964,
    0.0972,
    0.0932,
    0.0972,
    0.096,
    0.0868,
    0.078,
    0.0732,
    0.0736,
    0.0628,
    0.0528,
    0.0476,
    0.0372,
    0.0208,
    0.0016,
    0.0024,
    -0.0148,
    -0.018,
    -0.0372,
    -0.0324,
    -0.0336,
    -0.0316,
    -0.032,
    -0.022,
    -0.0228,
    -0.0392,
    -0.0352,
    -0.0384,
    -0.048,
    -0.0536,
    -0.0516,
    -0.042,
    -0.0452,
    -0.0536,
    -0.0412,
    -0.0216,
    -0.0196,
    -0.0264,
    -0.0224,
    -0.0248,
    -0.0256,
    -0.0252,
    -0.026,
    -0.0044,
    0.0028,
    -0.0016,
    0.0004,
    0.0224,
    0.022,
    0.0136,
    0.008,
    0.0004,
    0.0104,
    -0.0004,
    -0.0072,
    -0.0244,
    -0.0496,
    -0.0568,
    -0.056,
    -0.038,
    -0.0084,
    0.0072,
    -0.0072,
    -0.0244,
    -0.0288,
    -0.0272,
    0.014,
    0.0236,
    0.0428,
    0.04,
    0.024,
    0.0208,
    0.0256,
    0.0432,
    0.06,
    0.0724,
    0.0656,
    0.0564,
    0.0356,
    0.0148,
    0.0304,
    0.018,
    0.0328,
    0.0228,
    0.0076,
    0.0128,
    0.0324,
    0.0204,
    0.042,
    0.044,
    0.0424,
    0.0332,
    0.0316,
    0.0244,
    0.0288
  ],
  "smoothed": [
    0.0697612992960961,
    0.08580833656073604,
    0.09839701680374857,
    0.10552809409569522,
    0.10693190026097132,
    0.10394590756083887,
    0.09881486553771235,
    0.09373540248728102,
    0.09004431142424206,
    0.08785679849815071,
    0.08624725385766718,
    0.08382951442030546,
    0.07943918843256106,
    0.0726091890913663,
    0.06365622037250927,
    0.05339411050305094,
    0.04266428881508401,
    0.0319447329573083,
    0.021238354294364364,
    0.010284776135645109,
    -0.0010347794355158447,
    -0.01233546034551964,
    -0.02263108655510351,
    -0.030594135681707817,
    -0.03508617078508113,
    -0.03572523819582781,
    -0.03321651888445746,
    -0.029260989223001514,
    -0.026036887082296633,
    -0.025440071859852857,
    -0.028385061899707607,
    -0.034454915471196584,
    -0.04204915687170458,
    -0.04897456682772704,
    -0.053242717121410675,
    -0.05375854332576134,
    -0.05063843780926883,
    -0.04505759983497681,
    -0.038721972994267606,
    -0.033204751709010154,
    -0.02942159546109882,
    -0.02743417091991979,
    -0.02661330101309077,
    -0.026036260768569734,
    -0.024907962126847732,
    -0.022816083900668974,
    -0.01973786791184049,
    -0.01585312023729853,
    -0.011314535420036846,
    -0.006136008990624877,
    -0.00028015187034531407,
    0.006099156103186335,
    0.012408194324372937,
    0.017535383616856446,
    0.020051943319494493,
    0.01866438070428254,
    0.012754893446047341,
    0.0027753328607474335,
    -0.009703694095084914,
    -0.022354318102324803,
    -0.03275595286509068,
    -0.039119246172254936,
    -0.04079040566848031,
    -0.03834152614920899,
    -0.03322233899103142,
    -0.027129605498501276,
    -0.02136224852653842,
    -0.016424049110273994,
    -0.012015556549305676,
    -0.007378656663243781,
    -0.0018028776573459516,
    0.004957995227923842,
    0.01255135746426928,
    0.020217481907953427,
    0.027186771908536446,
    0.0330602505916929,
    0.03796234163053041,
    0.04237462670478533,
    0.046729412800632836,
    0.050978619431791876,
    0.05438635399619183,
    0.05570033451114462,
    0.053676468915075576,
    0.04774563050392505,
    0.03851226292461028,
    0.027815666254941872,
    0.01825822435764847,
    0.012339466266487709,
    0.011526919161117796,
    0.015653689051733248,
    0.022923282915548477,
    0.030562759051795188,
    0.035893905842300844,
    0.03740521417756628,
    0.035388944620250246,
    0.03187138442955275,
    0.029846156378885037,
    0.03210401545499258,
    0.040119144494486586,
    0.05343106982573549
  ],
  "shape_matches": [
    {
      "shape": "Oedipus",
      "correlation": 0.6757
    },
    {
      "shape": "Tragedy",
      "correlation": 0.1399
    },
    {
      "shape": "Rags to Riches",
      "correlation": -0.1399
    },
    {
      "shape": "Man in a Hole",
      "correlation": -0.4079
    },
    {
      "shape": "Cinderella",
      "correlation": -0.659
    },
    {
      "shape": "Icarus",
      "correlation": -0.7778
    }
  ],
  "best_shape": "Oedipus",
  "best_shape_correlation": 0.6757,
  "peaks": [
    {
      "sample": 4,
      "position": 0.04040404040404041,
      "smoothed": 0.10693190026097132,
      "word_offset": 8873,
      "read_time_min": 35.5,
      "driving_words": [
        {
          "word": "superb",
          "score": 5.0
        },
        {
          "word": "funny",
          "score": 4.0
        },
        {
          "word": "wonderful",
          "score": 4.0
        },
        {
          "word": "rejoiced",
          "score": 4.0
        },
        {
          "word": "good",
          "score": 3.0
        },
        {
          "word": "handsome",
          "score": 3.0
        }
      ]
    },
    {
      "sample": 81,
      "position": 0.8181818181818182,
      "smoothed": 0.05570033451114462,
      "word_offset": 83422,
      "read_time_min": 333.7,
      "driving_words": [
        {
          "word": "brilliant",
          "score": 4.0
        },
        {
          "word": "triumph",
          "score": 4.0
        },
        {
          "word": "great",
          "score": 3.0
        },
        {
          "word": "charming",
          "score": 3.0
        },
        {
          "word": "fascinating",
          "score": 3.0
        },
        {
          "word": "greatest",
          "score": 3.0
        }
      ]
    },
    {
      "sample": 93,
      "position": 0.9393939393939394,
      "smoothed": 0.03740521417756628,
      "word_offset": 95040,
      "read_time_min": 380.2,
      "driving_words": [
        {
          "word": "great",
          "score": 3.0
        },
        {
          "word": "greatest",
          "score": 3.0
        },
        {
          "word": "good",
          "score": 3.0
        },
        {
          "word": "impressed",
          "score": 3.0
        },
        {
          "word": "greater",
          "score": 3.0
        },
        {
          "word": "affection",
          "score": 3.0
        }
      ]
    }
  ],
  "valleys": [
    {
      "sample": 25,
      "position": 0.25252525252525254,
      "smoothed": -0.03572523819582781,
      "word_offset": 29204,
      "read_time_min": 116.8,
      "driving_words": [
        {
          "word": "deception",
          "score": -3.0
        },
        {
          "word": "illegal",
          "score": -3.0
        },
        {
          "word": "crime",
          "score": -3.0
        },
        {
          "word": "bad",
          "score": -3.0
        },
        {
          "word": "defects",
          "score": -3.0
        },
        {
          "word": "ungrateful",
          "score": -3.0
        }
      ]
    },
    {
      "sample": 35,
      "position": 0.35353535353535354,
      "smoothed": -0.05375854332576134,
      "word_offset": 38886,
      "read_time_min": 155.5,
      "driving_words": [
        {
          "word": "slut",
          "score": -5.0
        },
        {
          "word": "cock",
          "score": -5.0
        },
        {
          "word": "died",
          "score": -3.0
        },
        {
          "word": "worse",
          "score": -3.0
        },
        {
          "word": "worst",
          "score": -3.0
        },
        {
          "word": "mad",
          "score": -3.0
        }
      ]
    },
    {
      "sample": 62,
      "position": 0.6262626262626263,
      "smoothed": -0.04079040566848031,
      "word_offset": 65027,
      "read_time_min": 260.1,
      "driving_words": [
        {
          "word": "terror",
          "score": -3.0
        },
        {
          "word": "violent",