{
  "status": "ok",
  "n_words": 152052,
  "window_size": 10000,
  "reliability": "high",
  "raw": [
    0.1108,
    0.0904,
    0.0844,
    0.0532,
    0.0424,
    0.0552,
    0.0244,
    0.0276,
    0.0416,
    0.0168,
    0.0316,
    0.0344,
    0.026,
    0.0244,
    0.0268,
    0.0248,
    0.0184,
    0.0356,
    0.0504,
    0.0608,
    0.0948,
    0.1116,
    0.1056,
    0.1304,
    0.1316,
    0.1188,
    0.1168,
    0.092,
    0.0792,
    0.0852,
    0.086,
    0.076,
    0.084,
    0.0736,
    0.0836,
    0.0896,
    0.0968,
    0.0968,
    0.102,
    0.1136,
    0.1064,
    0.1004,
    0.1092,
    0.0892,
    0.0924,
    0.1004,
    0.0964,
    0.1176,
    0.1064,
    0.0908,
    0.1204,
    0.1024,
    0.0912,
    0.0932,
    0.0884,
    0.0816,
    0.0852,
    0.076,
    0.1012,
    0.1,
    0.0916,
    0.082,
    0.116,
    0.1128,
    0.1048,
    0.104,
    0.0912,
    0.0928,
    0.0764,
    0.0584,
    0.0668,
    0.0576,
    0.0348,
    0.0272,
    0.0332,
    0.0356,
    0.0532,
    0.0648,
    0.0628,
    0.0476,
    0.044,
    0.0416,
    0.0628,
    0.056,
    0.0216,
    0.004,
    0.0232,
    0.0248,
    0.026,
    -0.0296,
    -0.0324,
    -0.0396,
    -0.0504,
    -0.054,
    -0.0768,
    -0.1024,
    -0.094,
    -0.1392,
    -0.1448,
    -0.1268
  ],
  "smoothed": [
    0.004471711894354709,
    0.046568556191889376,
    0.0741618997578151,
    0.08316466469431553,
    0.07514302316265888,
    0.056409825883894496,
    0.03551070081671999,
    0.020086910351084643,
    0.014313304061686245,
    0.017848279202489305,
    0.026607501262997102,
    0.03494327294560308,
    0.03827418120033802,
    0.03507690871575869,
    0.027464262281225428,
    0.02018675155750419,
    0.018546330248934487,
    0.026131083829388814,
    0.04330622848089008,
    0.06703796760092436,
    0.0920510816581659,
    0.11277957695307443,
    0.1252858143135368,
    0.1283998467071245,
    0.12371129247002027,
    0.11454894192214873,
    0.1044856577108752,
    0.09604323072215241,
    0.09010540159056639,
    0.08617476930067738,
    0.08321293352039946,
    0.08056353704356944,
    0.07847276143860331,
    0.07796659571740387,
    0.08018925466841494,
    0.08558274131248993,
    0.0933643245163926,
    0.10160628044251264,
    0.10792004163676085,
    0.11044346254160906,
    0.1086712863551762,
    0.10373004116679578,
    0.09794962198466056,
    0.09390591990635776,
    0.09335134841994386,
    0.09650119825413242,
    0.10198187375688963,
    0.1074493445360634,
    0.11059084232256088,
    0.11006418886903249,
    0.10597544773592545,
    0.0997191842051339,
    0.09329809446530975,
    0.08846341287643897,
    0.08607365539896704,
    0.08593824605745691,
    0.08716415214419442,
    0.08878063693254352,
    0.09029588895950498,
    0.09189408108170383,
    0.09418031481153522,
    0.09762244281554551,
    0.10200217685978517,
    0.10619197590957663,
    0.10841652841517985,
    0.10691537803574157,
    0.10071548676400864,
    0.09015228939497077,
    0.07688172961002193,
    0.06335598674933834,
    0.051982402888984425,
    0.04432988339170578,
    0.04071982418214023,
    0.040352529925031626,
    0.04186556205209779,
    0.04402170889982443,
    0.04617868084727771,
    0.048322385485163065,
    0.05068552244410293,
    0.053201382213051755,
    0.05514023607048225,
    0.055186643822901796,
    0.051978248412771606,
    0.0448571190423877,
    0.03442457603335574,
    0.022535054030499796,
    0.011612185195745108,
    0.0035154378292632416,
    -0.0015368425609961767,
    -0.0054207253750156335,
    -0.011581430692524416,
    -0.02359168581762254,
    -0.04330333863827101,
    -0.06937310824754855,
    -0.09689295441861118,
    -0.11847133145919166,
    -0.12653084471963816,
    -0.11604688349983842,
    -0.08668798179194238,
    -0.04346594066706379
  ],
  "shape_matches": [
    {
      "shape": "Icarus",
      "correlation": 0.7692
    },
    {
      "shape": "Tragedy",
      "correlation": 0.4457
    },
    {
      "shape": "Cinderella",
      "correlation": 0.2491
    },
    {
      "shape": "Man in a Hole",
      "correlation": -0.063
    },
    {
      "shape": "Oedipus",
      "correlation": -0.2841
    },
    {
      "shape": "Rags to Riches",
      "correlation": -0.4457
    }
  ],
  "best_shape": "Icarus",
  "best_shape_correlation": 0.7692,
  "peaks": [
    {
      "sample": 23,
      "position": 0.23232323232323232,
      "smoothed": 0.1283998467071245,
      "word_offset": 38002,
      "read_time_min": 152.0,
      "driving_words": [
        {
          "word": "superb",
          "score": 5.0
        },
        {
          "word": "win",
          "score": 4.0
        },
        {
          "word": "winning",
          "score": 4.0
        },
        {
          "word": "funny",
          "score": 4.0
        },
        {
          "word": "amazing",
          "score": 4.0
        },
        {
          "word": "rejoicing",
          "score": 4.0
        }
      ]
    },
    {
      "sample": 39,
      "position": 0.3939393939393939,
      "smoothed": 0.11044346254160906,
      "word_offset": 60960,
      "read_time_min": 243.8,
      "driving_words": [
        {
          "word": "superb",
          "score": 5.0
        },
        {
          "word": "thrilled",
          "score": 5.0
        },
        {
          "word": "wonderful",
          "score": 4.0
        },
        {
          "word": "fun",
          "score": 4.0
        },
        {
          "word": "stunning",
          "score": 4.0
        },
        {
          "word": "amazing",
          "score": 4.0
        }
      ]
    },
    {
      "sample": 48,
      "position": 0.48484848484848486,
      "smoothed": 0.11059084232256088,
      "word_offset": 73874,
      "read_time_min": 295.5,
      "driving_words": [
        {
          "word": "wonderful",
          "score": 4.0
        },
        {
          "word": "triumph",
          "score": 4.0
        },
        {
          "word": "funny",
          "score": 4.0
        },
        {
          "word": "ecstatic",
          "score": 4.0
        },
        {
          "word": "winning",
          "score": 4.0
        },
        {
          "word": "win",
          "score": 4.0
        }
      ]
    }
  ],
  "valleys": [
    {
      "sample": 8,
      "position": 0.08080808080808081,
      "smoothed": 0.014313304061686245,
      "word_offset": 16479,
      "read_time_min": 65.9,
      "driving_words": [
        {
          "word": "cock",
          "score": -5.0
        },
        {
          "word": "hell",
          "score": -4.0
        },
        {
          "word": "damned",
          "score": -4.0
        },
        {
          "word": "horrified",
          "score": -3.0
        },
        {
          "word": "loose",
          "score": -3.0
        },
        {
          "word": "awful",
          "score": -3.0
        }
      ]
    },
    {
      "sample": 16,
      "position": 0.16161616161616163,
      "smoothed": 0.018546330248934487,
      "word_offset": 27958,
      "read_time_min": 111.8,
      "driving_words": [
        {
          "word": "violent",
          "score": -3.0
        },
        {
          "word": "cruel",
          "score": -3.0
        },
        {
          "word": "dreadful",
          "score": -3.0
        },
        {
          "word": "desperately",
          "score": -3.0
        },
        {
          "word": "awful",
          "score": -3.0
        },
        {
          "word": "mad",
          "score": -3.0
        }
      ]
    },
    {
      "sample": 96,
      "position": 0.9696969696969697,
      "smoothed": -0.12653084471963816,
      "word_offset": 142747,
      "read_time_min": 571.0,
      "driving_words": [
        {
          "word": "damned",
          "score": -4.0
        },
        {
          "word": "desperate",
          "score": -3.0
        },
        {
          "word": "terror",