{
  "status": "ok",
  "n_words": 323817,
  "window_size": 10000,
  "reliability": "high",
  "raw": [
    0.1564,
    0.1332,
    0.1888,
    0.156,
    0.16,
    0.1332,
    0.1564,
    0.1572,
    0.1372,
    0.1392,
    0.1144,
    0.136,
    0.14,
    0.16,
    0.1684,
    0.1552,
    0.1932,
    0.194,
    0.1884,
    0.1476,
    0.114,
    0.0956,
    0.0952,
    0.1228,
    0.136,
    0.1572,
    0.1316,
    0.0968,
    0.0804,
    0.0332,
    0.082,
    0.112,
    0.1212,
    0.1016,
    0.0652,
    0.1012,
    0.0692,
    0.0812,
    0.06,
    0.0948,
    0.1144,
    0.1224,
    0.1156,
    0.0636,
    0.046,
    0.0308,
    0.072,
    0.0736,
    0.0636,
    0.0124,
    0.0544,
    0.0724,
    0.1008,
    0.0996,
    0.0932,
    0.0744,
    0.0436,
    0.0208,
    0.0572,
    0.1172,
    0.1756,
    0.184,
    0.154,
    0.1276,
    0.1336,
    0.1028,
    0.1152,
    0.1004,
    0.1244,
    0.0876,
    0.0832,
    0.108,
    0.1272,
    0.1272,
    0.0584,
    0.0888,
    0.0896,
    0.1396,
    0.082,
    0.06,
    0.0536,
    0.0508,
    0.0328,
    -0.0288,
    -0.0268,
    -0.0376,
    -0.0316,
    -0.034,
    -0.0496,
    -0.044,
    -0.0396,
    0.038,
    0.0748,
    0.0448,
    -0.0136,
    -0.0484,
    -0.0304,
    -0.0144,
    0.0392,
    0.1112
  ],
  "smoothed": [
    0.11735456160381418,
    0.14747180193188308,
    0.16752748511657287,
    0.17613807790393424,
    0.17426154035602334,
    0.16461355259120197,
    0.15089953336372777,
    0.13706609258516783,
    0.12665277318793483,
    0.12224318595460541,
    0.1250165571000526,
    0.13446554752090595,
    0.1484072378785283,
    0.16340204303985734,
    0.17558293621197016,
    0.18172147380690007,
    0.1802039544141904,
    0.17155248711952492,
    0.15824816622594368,
    0.1438664634711788,
    0.13181732329591672,
    0.12416615721840499,
    0.12100276363307673,
    0.12061185980792814,
    0.12036491195287542,
    0.1179431977670746,
    0.11235787150953228,
    0.10432518963568205,
    0.09584800470342753,
    0.08921774242163726,
    0.08591732817402253,
    0.0859486899564635,
    0.08790401054157342,
    0.08973992459949014,
    0.08986715509115449,
    0.08800237921928872,
    0.0853309371925751,
    0.08385920151292671,
    0.08524283158248512,
    0.08966612480180718,
    0.09536985330329628,
    0.09915255165996517,
    0.09771555168533048,
    0.08929178412399434,
    0.07480072150501733,
    0.05791847498553897,
    0.04390000515875286,
    0.03755307277356387,
    0.04118894654250384,
    0.053458031480390446,
    0.06965807504924412,
    0.08349637198364088,
    0.08964871946122098,
    0.08606832116829201,
    0.07504268122914043,
    0.06247812077617205,
    0.05562067032033531,
    0.06009383144093614,
    0.0774569197955111,
    0.10431240190693787,
    0.13337710957734844,
    0.15613016317231976,
    0.16599529860958273,
    0.160785466893108,
    0.14343409850142994,
    0.1207387590405851,
    0.1006552647859939,
    0.08926245355876464,
    0.08862682866126885,
    0.09639133370078921,
    0.10717140909309784,
    0.11508333183814788,
    0.11627715288733292,
    0.1103867913852773,
    0.10031633300026094,
    0.09052744343490997,
    0.08465125590079098,
    0.08353471585729116,
    0.08462647471204467,
    0.08300567801599859,
    0.07362379913729605,
    0.053784437759719736,
    0.02476378432203547,
    -0.00817400465122844,
    -0.037439631500435444,
    -0.05582669285868914,
    -0.05919021471767006,
    -0.04802526767173362,
    -0.027317042046127546,
    -0.004723034843997873,
    0.012201891699154144,
    0.018676562025091725,
    0.014277155616635775,
    0.0029039584589902034,
    -0.008767976336384065,
    -0.013704616796231068,
    -0.00688489299477511,
    0.013179063435985175,
    0.044191873905367135,
    0.08101930307960097
  ],
  "shape_matches": [
    {
      "shape": "Tragedy",
      "correlation": 0.735
    },
    {
      "shape": "Oedipus",
      "correlation": 0.4155
    },
    {
      "shape": "Icarus",
      "correlation": 0.08
    },
    {
      "shape": "Cinderella",
      "correlation": -0.4413
    },
    {
      "shape": "Man in a Hole",
      "correlation": -0.607
    },
    {
      "shape": "Rags to Riches",
      "correlation": -0.735
    }
  ],
  "best_shape": "Tragedy",
  "best_shape_correlation": 0.735,
  "peaks": [
    {
      "sample": 3,
      "position": 0.030303030303030304,
      "smoothed": 0.17613807790393424,
      "word_offset": 14510,
      "read_time_min": 58.0,
      "driving_words": [
        {
          "word": "wonderful",
          "score": 4.0
        },
        {
          "word": "winning",
          "score": 4.0
        },
        {
          "word": "win",
          "score": 4.0
        },
        {
          "word": "excited",
          "score": 3.0
        },
        {
          "word": "delightful",
          "score": 3.0
        },
        {
          "word": "pleasure",
          "score": 3.0
        }
      ]
    },
    {
      "sample": 15,
      "position": 0.15151515151515152,
      "smoothed": 0.18172147380690007,
      "word_offset": 52548,
      "read_time_min": 210.2,
      "driving_words": [
        {
          "word": "miracle",
          "score": 4.0
        },
        {
          "word": "winning",
          "score": 4.0
        },
        {
          "word": "win",
          "score": 4.0
        },
        {
          "word": "brilliant",
          "score": 4.0
        },
        {
          "word": "best",
          "score": 3.0
        },
        {
          "word": "good",
          "score": 3.0
        }
      ]
    },
    {
      "sample": 62,
      "position": 0.6262626262626263,
      "smoothed": 0.16599529860958273,
      "word_offset": 201532,
      "read_time_min": 806.1,
      "driving_words": [
        {
          "word": "fun",
          "score": 4.0
        },
        {
          "word": "winning",
          "score": 4.0
        },
        {
          "word": "triumph",
          "score": 4.0
        },
        {
          "word": "triumphant",
          "score": 4.0
        },
        {
          "word": "good",
          "score": 3.0
        },
        {
          "word": "loved",
          "score": 3.0
        }
      ]
    }
  ],
  "valleys": [
    {
      "sample": 47,
      "position": 0.47474747474747475,
      "smoothed": 0.03755307277356387,
      "word_offset": 153984,
      "read_time_min": 615.9,
      "driving_words": [
        {
          "word": "prick",
          "score": -5.0
        },
        {
          "word": "killed",
          "score": -3.0
        },
        {
          "word": "ridiculous",
          "score": -3.0
        },
        {
          "word": "slavery",
          "score": -3.0
        },
        {
          "word": "dreadful",
          "score": -3.0
        },
        {
          "word": "evil",
          "score": -3.0
        }
      ]
    },
    {
      "sample": 86,
      "position": 0.8686868686868687,
      "smoothed": -0.05919021471767006,
      "word_offset": 277609,
      "read_time_min": 1110.4,
      "driving_words": [
        {
          "word": "torture",
          "score": -4.0
        },
        {
          "word": "damned",
          "score": -4.0
        },
        {
          "word": "selfish",
          "score": -3.0
        },
        {
          "word": "terror",
          "score": -3.0
        },
        {
          "word": "worse",
          "score": -3.0
        },
        {
          "word": "violent",
          "score": -3.0
        }
      ]
    },
    {
      "sample": 95,
      "position": 0.9595959595959596,
      "smoothed": -0.013704616796231068,
      "word_offset": 306138,
      "read_time_min": 1224.6,
      "driving_words": [
        {
          "word": "hell",
          "score": -4.0
        },
        {
          "word": "dead",
          "score": -3.0
        },
        {
          "word": "losing",
          "score": -3.0
        },
        {
          "word": "terrible",