{
  "status": "ok",
  "n_words": 129992,
  "window_size": 10000,
  "reliability": "high",
  "raw": [
    0.0056,
    0.0108,
    0.0236,
    0.0324,
    0.0224,
    0.032,
    0.0396,
    0.0324,
    0.0592,
    0.0616,
    0.0524,
    0.046,
    0.0444,
    0.0188,
    0.0148,
    0.0264,
    0.0332,
    0.0512,
    0.0776,
    0.0916,
    0.1244,
    0.1304,
    0.14,
    0.1436,
    0.1492,
    0.1692,
    0.1476,
    0.13,
    0.118,
    0.11,
    0.0736,
    0.0644,
    0.0468,
    0.0148,
    0.012,
    -0.002,
    -0.0288,
    -0.0384,
    -0.0248,
    -0.022,
    -0.0368,
    -0.0392,
    -0.0516,
    -0.064,
    -0.0572,
    -0.0148,
    -0.0152,
    -0.0176,
    0.014,
    0.03,
    0.03,
    0.0324,
    0.0628,
    0.052,
    0.074,
    0.08,
    0.0792,
    0.084,
    0.084,
    0.1052,
    0.0912,
    0.0648,
    0.0408,
    0.036,
    0.0256,
    -0.0004,
    -0.0164,
    -0.012,
    0.032,
    0.0188,
    0.0356,
    0.0428,
    0.0436,
    0.0672,
    0.062,
    0.0524,
    0.0328,
    0.022,
    0.0092,
    -0.0032,
    -0.016,
    -0.0412,
    -0.0532,
    -0.0536,
    -0.0716,
    -0.0776,
    -0.0704,
    -0.074,
    -0.0584,
    -0.0556,
    -0.0248,
    -0.0096,
    -0.0036,
    0.0092,
    0.0248,
    0.0232,
    0.0252,
    0.0204,
    0.0172,
    0.0108
  ],
  "smoothed": [
    0.01355371420995744,
    0.014131142800061865,
    0.0163111735748396,
    0.020209763962358466,
    0.025855218669860812,
    0.03299034593209574,
    0.04086731369012604,
    0.048194485763838966,
    0.0533463234083985,
    0.05483176669247606,
    0.051882919154403066,
    0.044936701303873346,
    0.03578445109208107,
    0.027267338704932326,
    0.02256349071540255,
    0.024278974569544115,
    0.033648636552505974,
    0.05013049977525389,
    0.0715423614395768,
    0.09469219770905425,
    0.11627316893726278,
    0.13370253439978286,
    0.14561871514042757,
    0.15189702311646108,
    0.15324093609431338,
    0.1505704729138193,
    0.14449454836282855,
    0.13509527614990452,
    0.12209732149684487,
    0.10531359760262726,
    0.08512969380634881,
    0.06276958599127204,
    0.04018271309429421,
    0.01956438410670939,
    0.002692093764357484,
    -0.009645739967637802,
    -0.017877389231944065,
    -0.023416262805792606,
    -0.028044298983956308,
    -0.03314784641324272,
    -0.039111185277827344,
    -0.04511507037567597,
    -0.04942743779408053,
    -0.050076302408793225,
    -0.04564154123944286,
    -0.035854853645315016,
    -0.021773983062387363,
    -0.005465926303279798,
    0.010674387577581433,
    0.024704959618202064,
    0.03571990297945351,
    0.04402105160237951,
    0.05082659896005842,
    0.05764143070751625,
    0.0655358766627254,
    0.0746045771127977,
    0.08380145103196103,
    0.091204740932267,
    0.09461391030522212,
    0.09227251603165555,
    0.08348118547686084,
    0.06891435378082028,
    0.050557532585596913,
    0.031298341590308094,
    0.01429644422801887,
    0.0023020823430315884,
    -0.0029131601343288472,
    -0.0008940434143226695,
    0.007448263589163596,
    0.02006531815980896,
    0.03421708065343323,
    0.04703308125784186,
    0.05606831176667591,
    0.059734937002454185,
    0.05751718280865781,
    0.04992699837791328,
    0.03822461316233644,
    0.023994458241171718,
    0.00871130031171055,
    -0.006565275779582329,
    -0.02127472721487192,
    -0.03520628563185373,
    -0.048195979199497606,
    -0.05981387562523535,
    -0.06919509226163535,
    -0.07511446044211854,
    -0.07630538656217821,
    -0.07191681855645517,
    -0.06193263044173954,
    -0.04737671003017836,
    -0.030198860219879827,
    -0.012854944510755497,
    0.002287620745952639,
    0.013519388966841975,
    0.020143378827545924,
    0.02250871030072279,
    0.021741205573330112,
    0.01929989025106714,
    0.016540631173648887,
    0.01444148813937693
  ],
  "shape_matches": [
    {
      "shape": "Tragedy",
      "correlation": 0.4052
    },
    {
      "shape": "Oedipus",
      "correlation": 0.1912
    },
    {
      "shape": "Icarus",
      "correlation": 0.122
    },
    {
      "shape": "Cinderella",
      "correlation": -0.2068
    },
    {
      "shape": "Man in a Hole",
      "correlation": -0.3358
    },
    {
      "shape": "Rags to Riches",
      "correlation": -0.4052
    }
  ],
  "best_shape": "Tragedy",
  "best_shape_correlation": 0.4052,
  "peaks": [
    {
      "sample": 24,
      "position": 0.24242424242424243,
      "smoothed": 0.15324093609431338,
      "word_offset": 34089,
      "read_time_min": 136.4,
      "driving_words": [
        {
          "word": "rejoicing",
          "score": 4.0
        },
        {
          "word": "win",
          "score": 4.0
        },
        {
          "word": "good",
          "score": 3.0
        },
        {
          "word": "best",
          "score": 3.0
        },
        {
          "word": "great",
          "score": 3.0
        },
        {
          "word": "love",
          "score": 3.0
        }
      ]
    },
    {
      "sample": 58,
      "position": 0.5858585858585859,
      "smoothed": 0.09461391030522212,
      "word_offset": 75298,
      "read_time_min": 301.2,
      "driving_words": [
        {
          "word": "rejoice",
          "score": 4.0
        },
        {
          "word": "rejoicing",
          "score": 4.0
        },
        {
          "word": "funny",
          "score": 4.0
        },
        {
          "word": "great",
          "score": 3.0
        },
        {
          "word": "good",
          "score": 3.0
        },
        {
          "word": "wealth",
          "score": 3.0
        }
      ]
    },
    {
      "sample": 73,
      "position": 0.7373737373737373,
      "smoothed": 0.059734937002454185,
      "word_offset": 93479,
      "read_time_min": 373.9,
      "driving_words": [
        {
          "word": "win",
          "score": 4.0
        },
        {
          "word": "brilliant",
          "score": 4.0
        },
        {
          "word": "wonderfully",
          "score": 4.0
        },
        {
          "word": "rejoicing",
          "score": 4.0
        },
        {
          "word": "rejoiced",
          "score": 4.0
        },
        {
          "word": "good",
          "score": 3.0
        }
      ]
    }
  ],
  "valleys": [
    {
      "sample": 43,
      "position": 0.43434343434343436,
      "smoothed": -0.050076302408793225,
      "word_offset": 57118,
      "read_time_min": 228.5,
      "driving_words": [
        {
          "word": "slut",
          "score": -5.0
        },
        {
          "word": "fraud",
          "score": -4.0
        },
        {
          "word": "hell",
          "score": -4.0
        },
        {
          "word": "dead",
          "score": -3.0
        },
        {
          "word": "killed",
          "score": -3.0
        },
        {
          "word": "victims",
          "score": -3.0
        }
      ]
    },
    {
      "sample": 66,
      "position": 0.6666666666666666,
      "smoothed": -0.0029131601343288472,
      "word_offset": 84995,
      "read_time_min": 340.0,
      "driving_words": [
        {
          "word": "destruction",
          "score": -3.0
        },
        {
          "word": "killing",
          "score": -3.0
        },
        {
          "word": "miserable",
          "score": -3.0
        },
        {
          "word": "angry",
          "score": -3.0
        },
        {
          "word": "furious",
          "score": -3.0
        },
        {
          "word": "kill",
          "score": -3.0
        }
      ]
    },
    {
      "sample": 86,
      "position": 0.8686868686868687,
      "smoothed": -0.07630538656217821,
      "word_offset": 109235,
      "read_time_min": 436.9,
      "driving_words": [
        {
          "word": "hated",
          "score": -3.0
        },
        {
          "word": "evil",
          "score": -3.0
        },
        {
          "word": "die",