{
  "status": "ok",
  "n_words": 73084,
  "window_size": 10000,
  "reliability": "high",
  "raw": [
    0.0356,
    0.0324,
    0.0324,
    0.0284,
    0.0132,
    0.0196,
    0.0288,
    0.0352,
    0.0256,
    0.0124,
    0.0076,
    -0.0104,
    -0.02,
    -0.0216,
    -0.0228,
    -0.008,
    -0.0192,
    -0.0288,
    -0.0272,
    -0.0096,
    0.0004,
    -0.0224,
    -0.04,
    -0.05,
    -0.0476,
    -0.0328,
    -0.0308,
    -0.0312,
    -0.0312,
    -0.0268,
    -0.0372,
    -0.0524,
    -0.0612,
    -0.0596,
    -0.0516,
    -0.054,
    -0.0424,
    -0.0316,
    -0.0088,
    0.0056,
    0.012,
    -0.0052,
    0.0056,
    0.0204,
    0.0272,
    0.0304,
    0.0404,
    0.0472,
    0.0556,
    0.052,
    0.0572,
    0.0448,
    0.05,
    0.0396,
    0.0076,
    0.0008,
    -0.0032,
    -0.0004,
    -0.0108,
    -0.0416,
    -0.0624,
    -0.0752,
    -0.0828,
    -0.0952,
    -0.1024,
    -0.1092,
    -0.1188,
    -0.1136,
    -0.1188,
    -0.1044,
    -0.0816,
    -0.0692,
    -0.0636,
    -0.0464,
    -0.0416,
    -0.012,
    -0.0004,
    0.0148,
    0.024,
    0.0368,
    0.0528,
    0.062,
    0.0644,
    0.0728,
    0.0848,
    0.1016,
    0.0872,
    0.0748,
    0.0828,
    0.0792,
    0.0768,
    0.0764,
    0.0636,
    0.078,
    0.0876,
    0.1028,
    0.1092,
    0.1012,
    0.0852,
    0.0756
  ],
  "smoothed": [
    0.05223095545312652,
    0.035928095459814,
    0.024350596737782133,
    0.018975271707714073,
    0.019347441799266254,
    0.023281063650207205,
    0.027606370815484997,
    0.029218657224362458,
    0.026083538342486286,
    0.01787038890294788,
    0.00601131890681339,
    -0.006824148835650284,
    -0.01765346060362204,
    -0.024187622159159677,
    -0.025579368641951535,
    -0.02266419293386135,
    -0.017621570744727318,
    -0.013183531445887771,
    -0.011672522591843908,
    -0.01420678981923225,
    -0.020349634792071043,
    -0.02832037729065215,
    -0.03568509728923606,
    -0.040274650457800036,
    -0.04099666554403255,
    -0.038246481959204034,
    -0.033766277885324214,
    -0.030000841872730912,
    -0.02918117179238799,
    -0.03246723173469545,
    -0.039461957749376504,
    -0.04827622936462527,
    -0.056126518760312785,
    -0.060255065339227025,
    -0.058846594945286324,
    -0.05161807743447556,
    -0.039877679456393464,
    -0.02604168227673628,
    -0.012792677282536738,
    -0.0021874473510391634,
    0.0049665379935292095,
    0.009253294853663805,
    0.01227807786365719,
    0.01594185877945164,
    0.021642420040376358,
    0.02970033833002643,
    0.03921306663439219,
    0.048372855624116105,
    0.05510980031417652,
    0.05780601662438247,
    0.055812379664443,
    0.04958702296456922,
    0.04042720225901196,
    0.029921977185408406,
    0.019352331763132696,
    0.009272161694086806,
    -0.000580194785123791,
    -0.011027412331423956,
    -0.022977464215964166,
    -0.03692750739783417,
    -0.05264369276656883,
    -0.06913198417499043,
    -0.08489388267873725,
    -0.09835065102733699,
    -0.10826375249463097,
    -0.11399663065010068,
    -0.11554139217698607,
    -0.11333666003868005,
    -0.10798515208328523,
    -0.10000796544943004,
    -0.08973857545393363,
    -0.07738214304639822,
    -0.06318204035693932,
    -0.047584099193744046,
    -0.03129286897824316,
    -0.01517052867444087,
    -1.133550301779751e-05,
    0.013706170825550937,
    0.025964105780943846,
    0.037158967088820154,
    0.04785860258360839,
    0.05845057492593764,
    0.06883266148242148,
    0.07829689207647554,
    0.08569158534023189,
    0.08983442351993791,
    0.09003738080033498,
    0.08653837316072703,
    0.08064609304450887,
    0.07449552098860178,
    0.07045230114912904,
    0.07034329444103386,
    0.07477446014413157,
    0.08279014640622574,
    0.09202669578498573,
    0.09934968946912624,
    0.10179423236866524,
    0.09751207233254851,
    0.08641139250589924,
    0.07026482402362713
  ],
  "shape_matches": [
    {
      "shape": "Rags to Riches",
      "correlation": 0.3144
    },
    {
      "shape": "Oedipus",
      "correlation": 0.152
    },
    {
      "shape": "Man in a Hole",
      "correlation": 0.0526
    },
    {
      "shape": "Cinderella",
      "correlation": -0.1291
    },
    {
      "shape": "Tragedy",
      "correlation": -0.3144
    },
    {
      "shape": "Icarus",
      "correlation": -0.5259
    }
  ],
  "best_shape": "Rags to Riches",
  "best_shape_correlation": 0.3144,
  "peaks": [
    {
      "sample": 49,
      "position": 0.494949494949495,
      "smoothed": 0.05780601662438247,
      "word_offset": 36223,
      "read_time_min": 144.9,
      "driving_words": [
        {
          "word": "win",
          "score": 4.0
        },
        {
          "word": "fantastic",
          "score": 4.0
        },
        {
          "word": "beautiful",
          "score": 3.0
        },
        {
          "word": "amusement",
          "score": 3.0
        },
        {
          "word": "pleasant",
          "score": 3.0
        },
        {
          "word": "good",
          "score": 3.0
        }
      ]
    },
    {
      "sample": 86,
      "position": 0.8686868686868687,
      "smoothed": 0.09003738080033498,
      "word_offset": 59800,
      "read_time_min": 239.2,
      "driving_words": [
        {
          "word": "fun",
          "score": 4.0
        },
        {
          "word": "funny",
          "score": 4.0
        },
        {
          "word": "funnier",
          "score": 4.0
        },
        {
          "word": "brilliant",
          "score": 4.0
        },
        {
          "word": "miracle",
          "score": 4.0
        },
        {
          "word": "rejoices",
          "score": 4.0
        }
      ]
    },
    {
      "sample": 96,
      "position": 0.9696969696969697,
      "smoothed": 0.10179423236866524,
      "word_offset": 66172,
      "read_time_min": 264.7,
      "driving_words": [
        {
          "word": "brilliant",
          "score": 4.0
        },
        {
          "word": "miracle",
          "score": 4.0
        },
        {
          "word": "rejoices",
          "score": 4.0
        },
        {
          "word": "triumphant",
          "score": 4.0
        },
        {
          "word": "winner",
          "score": 4.0
        },
        {
          "word": "glee",
          "score": 3.0
        }
      ]
    }
  ],
  "valleys": [
    {
      "sample": 24,
      "position": 0.24242424242424243,
      "smoothed": -0.04099666554403255,
      "word_offset": 20293,
      "read_time_min": 81.2,
      "driving_words": [
        {
          "word": "tortured",
          "score": -4.0
        },
        {
          "word": "hell",
          "score": -4.0
        },
        {
          "word": "torture",
          "score": -4.0
        },
        {
          "word": "die",
          "score": -3.0
        },
        {
          "word": "angry",
          "score": -3.0
        },
        {
          "word": "hated",
          "score": -3.0
        }
      ]
    },
    {
      "sample": 33,
      "position": 0.3333333333333333,
      "smoothed": -0.060255065339227025,
      "word_offset": 26028,
      "read_time_min": 104.1,
      "driving_words": [
        {
          "word": "torture",
          "score": -4.0
        },
        {
          "word": "ass",
          "score": -4.0
        },
        {
          "word": "destruction",
          "score": -3.0
        },
        {
          "word": "hatred",
          "score": -3.0
        },
        {
          "word": "loose",
          "score": -3.0
        },
        {
          "word": "evil",
          "score": -3.0
        }
      ]
    },
    {
      "sample": 66,
      "position": 0.6666666666666666,
      "smoothed": -0.11554139217698607,
      "word_offset": 47056,
      "read_time_min": 188.2,
      "driving_words": [
        {
          "word": "dead",
          "score": -3.0
        },
        {
          "word": "worse",