{
  "status": "ok",
  "n_words": 64805,
  "window_size": 10000,
  "reliability": "high",
  "raw": [
    0.11,
    0.1092,
    0.114,
    0.1064,
    0.1068,
    0.1252,
    0.1296,
    0.1248,
    0.1372,
    0.1396,
    0.144,
    0.1528,
    0.16,
    0.154,
    0.1604,
    0.1568,
    0.1588,
    0.1496,
    0.1436,
    0.1548,
    0.1524,
    0.1476,
    0.1288,
    0.1188,
    0.1196,
    0.1036,
    0.0876,
    0.078,
    0.0688,
    0.0692,
    0.0584,
    0.0516,
    0.048,
    0.05,
    0.0512,
    0.0496,
    0.0452,
    0.0248,
    0.0224,
    0.0276,
    0.0376,
    0.0424,
    0.0372,
    0.05,
    0.046,
    0.0536,
    0.0612,
    0.0624,
    0.0728,
    0.0856,
    0.0964,
    0.1048,
    0.1032,
    0.1076,
    0.1204,
    0.1304,
    0.15,
    0.1532,
    0.1556,
    0.1532,
    0.1516,
    0.1616,
    0.1596,
    0.1592,
    0.154,
    0.1628,
    0.1628,
    0.1652,
    0.1644,
    0.1672,
    0.1704,
    0.172,
    0.1684,
    0.1672,
    0.1524,
    0.1376,
    0.1344,
    0.1324,
    0.1388,
    0.1352,
    0.1448,
    0.1476,
    0.1492,
    0.1404,
    0.1268,
    0.1136,
    0.1048,
    0.096,
    0.0924,
    0.0952,
    0.0848,
    0.0808,
    0.0872,
    0.1008,
    0.1108,
    0.1108,
    0.106,
    0.106,
    0.1032,
    0.1076
  ],
  "smoothed": [
    0.10714294773913789,
    0.10797114763682358,
    0.10956771946814181,
    0.11190217873048969,
    0.11496774148461578,
    0.11881295269820213,
    0.1234982955160008,
    0.12900182696231047,
    0.13512464529978924,
    0.14145073945125447,
    0.14739473695913816,
    0.1523336391955178,
    0.15578009903319867,
    0.15753138265161576,
    0.15773058318183836,
    0.15680567178249688,
    0.1552976566361753,
    0.15363430472583697,
    0.1519325574871886,
    0.14990910707295818,
    0.1469438815537674,
    0.1422866930546557,
    0.1353425839032921,
    0.1259372028976564,
    0.114463913347171,
    0.10185097957183609,
    0.0893482537986433,
    0.078196817898995,
    0.0692886529807919,
    0.06293006049296607,
    0.058788904152737034,
    0.05604323154324755,
    0.053679715001533505,
    0.050839524215564647,
    0.04709499550571999,
    0.042567610849801076,
    0.03785589085645112,
    0.03380911328424375,
    0.031234561668966074,
    0.03064391233913428,
    0.032123189898684484,
    0.03536011161887428,
    0.039802993065679415,
    0.04487965213467696,
    0.050189451609892556,
    0.05560064415072497,
    0.061228743027277384,
    0.06732075278928515,
    0.07410461427506031,
    0.08167011149762705,
    0.08992591451225833,
    0.0986386260424388,
    0.10752177299843327,
    0.11632262436479775,
    0.12486099651065136,
    0.13300315796019196,
    0.14059144986393968,
    0.14737802144806725,
    0.15301492517545182,
    0.15712916078942735,
    0.15946926293438465,
    0.1600681053345809,
    0.15934470306794207,
    0.1580786648876844,
    0.15723395781701363,
    0.15766905959399422,
    0.15982471581103994,
    0.1635050114390529,
    0.1678489108653249,
    0.17153057792156476,
    0.17314661435408688,
    0.17167560633207812,
    0.1668580330799283,
    0.1593591366271658,
    0.1506419235683737,
    0.14257177308967495,
    0.13686619391632682,
    0.13456073845968225,
    0.13566383158312992,
    0.13911720074275916,
    0.1430826128571351,
    0.1454715276071462,
    0.14455672279393197,
    0.13947949050815203,
    0.1305004523426515,
    0.118924106471536,
    0.10672912248706609,
    0.09602466491126227,
    0.08849988104594267,
    0.08502610237238263,
    0.08551465933076757,
    0.0890485709490853,
    0.09422265379001558,
    0.09957048286969725,
    0.10394386333982628,
    0.1067413195394433,
    0.10794241877263126,
    0.10797175187916704,
    0.10746707973085143,
    0.10704514861217744
  ],
  "shape_matches": [
    {
      "shape": "Oedipus",
      "correlation": 0.1494
    },
    {
      "shape": "Rags to Riches",
      "correlation": 0.0965
    },
    {
      "shape": "Man in a Hole",
      "correlation": 0.0544
    },
    {
      "shape": "Tragedy",
      "correlation": -0.0965
    },
    {
      "shape": "Cinderella",
      "correlation": -0.1386
    },
    {
      "shape": "Icarus",
      "correlation": -0.1938
    }
  ],
  "best_shape": "Oedipus",
  "best_shape_correlation": 0.1494,
  "peaks": [
    {
      "sample": 14,
      "position": 0.1414141414141414,
      "smoothed": 0.15773058318183836,
      "word_offset": 12750,
      "read_time_min": 51.0,
      "driving_words": [
        {
          "word": "wonderful",
          "score": 4.0
        },
        {
          "word": "miracle",
          "score": 4.0
        },
        {
          "word": "amazing",
          "score": 4.0
        },
        {
          "word": "supreme",
          "score": 4.0
        },
        {
          "word": "triumph",
          "score": 4.0
        },
        {
          "word": "heavenly",
          "score": 4.0
        }
      ]
    },
    {
      "sample": 61,
      "position": 0.6161616161616161,
      "smoothed": 0.1600681053345809,
      "word_offset": 38769,
      "read_time_min": 155.1,
      "driving_words": [
        {
          "word": "thrilled",
          "score": 5.0
        },
        {
          "word": "wonderful",
          "score": 4.0
        },
        {
          "word": "miracle",
          "score": 4.0
        },
        {
          "word": "brilliant",
          "score": 4.0
        },
        {
          "word": "funny",
          "score": 4.0
        },
        {
          "word": "beautiful",
          "score": 3.0
        }
      ]
    },
    {
      "sample": 70,
      "position": 0.7070707070707071,
      "smoothed": 0.17314661435408688,
      "word_offset": 43751,
      "read_time_min": 175.0,
      "driving_words": [
        {
          "word": "thrilled",
          "score": 5.0
        },
        {
          "word": "brilliant",
          "score": 4.0
        },
        {
          "word": "funny",
          "score": 4.0
        },
        {
          "word": "wonderful",
          "score": 4.0
        },
        {
          "word": "miracle",
          "score": 4.0
        },
        {
          "word": "love",
          "score": 3.0
        }
      ]
    }
  ],
  "valleys": [
    {
      "sample": 39,
      "position": 0.3939393939393939,
      "smoothed": 0.03064391233913428,
      "word_offset": 26590,
      "read_time_min": 106.4,
      "driving_words": [
        {
          "word": "die",
          "score": -3.0
        },
        {
          "word": "awful",
          "score": -3.0
        },
        {
          "word": "dead",
          "score": -3.0
        },
        {
          "word": "betraying",
          "score": -3.0
        },
        {
          "word": "horrible",
          "score": -3.0
        },
        {
          "word": "violent",
          "score": -3.0
        }
      ]
    },
    {
      "sample": 77,
      "position": 0.7777777777777778,
      "smoothed": 0.13456073845968225,
      "word_offset": 47626,
      "read_time_min": 190.5,
      "driving_words": [
        {
          "word": "hell",
          "score": -4.0
        },
        {
          "word": "plague",
          "score": -3.0
        },
        {
          "word": "awful",
          "score": -3.0
        },
        {
          "word": "dead",
          "score": -3.0
        },
        {
          "word": "dying",
          "score": -3.0
        },
        {
          "word": "ridiculous",
          "score": -3.0
        }
      ]
    },
    {
      "sample": 89,
      "position": 0.898989898989899,
      "smoothed": 0.08502610237238263,
      "word_offset": 54269,
      "read_time_min": 217.1,
      "driving_words": [
        {
          "word": "hell",
          "score": -4.0
        },
        {
          "word": "crime",
          "score": -3.0
        },
        {
          "word": "lost",
          "score": -3.0
        },
        {
          "word": "loose",