{
  "status": "ok",
  "n_words": 171372,
  "window_size": 10000,
  "reliability": "high",
  "raw": [
    0.1696,
    0.142,
    0.12,
    0.1316,
    0.1512,
    0.1268,
    0.1236,
    0.1292,
    0.1476,
    0.128,
    0.1116,
    0.11,
    0.1212,
    0.1092,
    0.1148,
    0.152,
    0.178,
    0.188,
    0.2,
    0.1972,
    0.1844,
    0.1752,
    0.1492,
    0.1564,
    0.1688,
    0.136,
    0.1504,
    0.1088,
    0.1136,
    0.102,
    0.098,
    0.1304,
    0.1412,
    0.1648,
    0.1472,
    0.1356,
    0.1044,
    0.1248,
    0.1088,
    0.0936,
    0.066,
    0.0628,
    0.0844,
    0.0664,
    0.1044,
    0.1152,
    0.132,
    0.1072,
    0.0916,
    0.0716,
    0.0436,
    0.056,
    0.0936,
    0.1016,
    0.1428,
    0.162,
    0.1336,
    0.0872,
    0.0612,
    0.114,
    0.0692,
    0.04,
    0.0556,
    0.0616,
    0.054,
    -0.004,
    0.0004,
    0.0276,
    0.026,
    0.0388,
    -0.0064,
    0.0,
    -0.0376,
    -0.0652,
    -0.0464,
    -0.0912,
    -0.0424,
    -0.0196,
    -0.002,
    -0.0036,
    -0.0348,
    -0.0208,
    -0.0464,
    -0.0548,
    -0.0464,
    -0.076,
    -0.0572,
    -0.0844,
    -0.0764,
    -0.0904,
    -0.108,
    -0.0952,
    -0.0876,
    -0.0552,
    -0.0512,
    -0.0284,
    -0.0348,
    -0.0252,
    -0.0048,
    -0.0164
  ],
  "smoothed": [
    0.08754880085108357,
    0.11170076372376717,
    0.12895819534086506,
    0.1394996212958938,
    0.14429866523504914,
    0.1445162642964368,
    0.14113315735379311,
    0.1349630876719117,
    0.1269589098056912,
    0.1185529882582803,
    0.11174569282536605,
    0.10878534065054826,
    0.11150520386377476,
    0.12058670695578443,
    0.13509815932230518,
    0.15256890293071906,
    0.16963507995354896,
    0.18303739555641615,
    0.19058430305513285,
    0.19169830603765384,
    0.18734175003595369,
    0.1793920420807775,
    0.16977821540027338,
    0.1597867291318359,
    0.1498467869573409,
    0.13985803336047406,
    0.12984309463553856,
    0.1205304786758445,
    0.11349119527943065,
    0.11066592460574175,
    0.11343459926876079,
    0.12164833395268602,
    0.13312950644611857,
    0.14399219738507427,
    0.14979412843910234,
    0.1471460792872651,
    0.13514942900613156,
    0.11603368770279185,
    0.09464325682290756,
    0.07687422286101044,
    0.0676034581063864,
    0.06889426860898283,
    0.0791929952033593,
    0.09386534769185953,
    0.10690119450808468,
    0.1131517961983695,
    0.11024498411517003,
    0.09944327423259841,
    0.08512087182678846,
    0.0730723276047248,
    0.06831249674934006,
    0.07320799046049006,
    0.08662919760315375,
    0.10439925145618036,
    0.12081482994244935,
    0.13062470411732188,
    0.13072188657306,
    0.12096847820562427,
    0.10394345685946149,
    0.08381999401972903,
    0.06487273375318547,
    0.05018380732963029,
    0.040958252585865794,
    0.0365671987498243,
    0.03514786507855966,
    0.03442164115818887,
    0.03239539955651038,
    0.027753865538906696,
    0.019941005621944417,
    0.00906570629156949,
    -0.004208280266776914,
    -0.01870944172032922,
    -0.032787217314792,
    -0.044448171251793143,
    -0.051707637741028004,
    -0.05314894141639873,
    -0.04852852598223205,
    -0.0391624992438127,
    -0.027848967500648563,
    -0.01823427693530853,
    -0.013763498309047257,
    -0.016562754572163902,
    -0.026680392811406828,
    -0.042013525918746415,
    -0.0589938766048496,
    -0.07380223824288856,
    -0.08365477367543679,
    -0.08765973918735487,
    -0.08690747632846205,
    -0.083766306661919,
    -0.08068344831735376,
    -0.07899428080618565,
    -0.07823714472161176,
    -0.07625647005771402,
    -0.0700462762831121,
    -0.056980546386394854,
    -0.03592580124429222,
    -0.007794840748526602,
    0.024654559119563615,
    0.05765727506461144
  ],
  "shape_matches": [
    {
      "shape": "Tragedy",
      "correlation": 0.8706
    },
    {
      "shape": "Oedipus",
      "correlation": 0.3628
    },
    {
      "shape": "Icarus",
      "correlation": 0.222
    },
    {
      "shape": "Cinderella",
      "correlation": -0.3981
    },
    {
      "shape": "Man in a Hole",
      "correlation": -0.7152
    },
    {
      "shape": "Rags to Riches",
      "correlation": -0.8706
    }
  ],
  "best_shape": "Tragedy",
  "best_shape_correlation": 0.8706,
  "peaks": [
    {
      "sample": 5,
      "position": 0.050505050505050504,
      "smoothed": 0.1445162642964368,
      "word_offset": 13150,
      "read_time_min": 52.6,
      "driving_words": [
        {
          "word": "win",
          "score": 4.0
        },
        {
          "word": "triumph",
          "score": 4.0
        },
        {
          "word": "rejoices",
          "score": 4.0
        },
        {
          "word": "merry",
          "score": 3.0
        },
        {
          "word": "good",
          "score": 3.0
        },
        {
          "word": "loved",
          "score": 3.0
        }
      ]
    },
    {
      "sample": 19,
      "position": 0.1919191919191919,
      "smoothed": 0.19169830603765384,
      "word_offset": 35970,
      "read_time_min": 143.9,
      "driving_words": [
        {
          "word": "fun",
          "score": 4.0
        },
        {
          "word": "wonderful",
          "score": 4.0
        },
        {
          "word": "good",
          "score": 3.0
        },
        {
          "word": "charm",
          "score": 3.0
        },
        {
          "word": "merry",
          "score": 3.0
        },
        {
          "word": "greater",
          "score": 3.0
        }
      ]
    },
    {
      "sample": 34,
      "position": 0.3434343434343434,
      "smoothed": 0.14979412843910234,
      "word_offset": 60421,
      "read_time_min": 241.7,
      "driving_words": [
        {
          "word": "triumph",
          "score": 4.0
        },
        {
          "word": "win",
          "score": 4.0
        },
        {
          "word": "winning",
          "score": 4.0
        },
        {
          "word": "good",
          "score": 3.0
        },
        {
          "word": "love",
          "score": 3.0
        },
        {
          "word": "faithful",
          "score": 3.0
        }
      ]
    }
  ],
  "valleys": [
    {
      "sample": 40,
      "position": 0.40404040404040403,
      "smoothed": 0.0676034581063864,
      "word_offset": 70201,
      "read_time_min": 280.8,
      "driving_words": [
        {
          "word": "evil",
          "score": -3.0
        },
        {
          "word": "violence",
          "score": -3.0
        },
        {
          "word": "anger",
          "score": -3.0
        },
        {
          "word": "violent",
          "score": -3.0
        },
        {
          "word": "chastise",
          "score": -3.0
        },
        {
          "word": "angry",
          "score": -3.0
        }
      ]
    },
    {
      "sample": 75,
      "position": 0.7575757575757576,
      "smoothed": -0.05314894141639873,
      "word_offset": 127252,
      "read_time_min": 509.0,
      "driving_words": [
        {
          "word": "hell",
          "score": -4.0
        },
        {
          "word": "torture",
          "score": -4.0
        },
        {
          "word": "horrible",
          "score": -3.0
        },
        {
          "word": "horrified",
          "score": -3.0
        },
        {
          "word": "terror",
          "score": -3.0
        },
        {
          "word": "miserable",
          "score": -3.0
        }
      ]
    },
    {
      "sample": 87,
      "position": 0.8787878787878788,
      "smoothed": -0.08765973918735487,
      "word_offset": 146812,
      "read_time_min": 587.2,
      "driving_words": [
        {
          "word": "worst",
          "score": -3.0
        },
        {
          "word": "desperate",
          "score": -3.0
        },
        {
          "word": "die",
          "score": -3.0
        },
        {
          "word": "dying",