{
  "status": "ok",
  "n_words": 71509,
  "window_size": 10000,
  "reliability": "high",
  "raw": [
    -0.0728,
    -0.0692,
    -0.0536,
    -0.0756,
    -0.1036,
    -0.1272,
    -0.1316,
    -0.1304,
    -0.1004,
    -0.1124,
    -0.1264,
    -0.1212,
    -0.1264,
    -0.1104,
    -0.0712,
    -0.0312,
    -0.0116,
    -0.0052,
    -0.0244,
    -0.0316,
    -0.0212,
    -0.0128,
    -0.0056,
    -0.0076,
    -0.0024,
    -0.0084,
    -0.014,
    -0.0168,
    -0.0288,
    -0.0224,
    -0.0248,
    -0.0488,
    -0.0584,
    -0.0432,
    -0.0184,
    -0.004,
    -0.0216,
    -0.0256,
    -0.0464,
    -0.0296,
    -0.0108,
    -0.0148,
    -0.0164,
    0.0024,
    0.0268,
    0.026,
    0.0176,
    0.0192,
    0.02,
    0.0076,
    -0.0116,
    -0.0008,
    0.0352,
    0.0504,
    0.0804,
    0.0828,
    0.0684,
    0.088,
    0.1068,
    0.0932,
    0.0984,
    0.0696,
    0.088,
    0.1064,
    0.1244,
    0.1432,
    0.168,
    0.1748,
    0.1872,
    0.1884,
    0.18,
    0.178,
    0.1736,
    0.1508,
    0.1464,
    0.1672,
    0.1668,
    0.1708,
    0.1488,
    0.1216,
    0.0876,
    0.0456,
    0.0404,
    0.0276,
    0.0104,
    0.016,
    0.0112,
    -0.0016,
    -0.0116,
    -0.0076,
    -0.0192,
    -0.0424,
    -0.0424,
    -0.0388,
    -0.0356,
    -0.0216,
    -0.0036,
    0.0204,
    0.028,
    0.0268
  ],
  "smoothed": [
    -0.025111736935390636,
    -0.05265691665359162,
    -0.0779200204911424,
    -0.09667586729170839,
    -0.10768579687498338,
    -0.11261565871404085,
    -0.11476912954915952,
    -0.11724720291430321,
    -0.12136156433034398,
    -0.1259887073861891,
    -0.12812105176991087,
    -0.12434125876253335,
    -0.11254579157494746,
    -0.09314320240011194,
    -0.06918970334529771,
    -0.04539143677640446,
    -0.026394423712718683,
    -0.015086996392874035,
    -0.011627481403572802,
    -0.013592046586956936,
    -0.017155582141940365,
    -0.018782156445630135,
    -0.01669747105586209,
    -0.011526980510087145,
    -0.0058558453834865265,
    -0.002935297656405069,
    -0.005121161775211682,
    -0.01273148585063657,
    -0.023813853348236887,
    -0.03491000553290298,
    -0.0424735327259662,
    -0.04432146107111823,
    -0.04049675910334265,
    -0.033181522671105,
    -0.02571158526468369,
    -0.02112417104877229,
    -0.020860176616057987,
    -0.02416630085993452,
    -0.028438695292297513,
    -0.030352455419930348,
    -0.027298281316769986,
    -0.018530242068435537,
    -0.005557966202466886,
    0.008369151373305109,
    0.019473434429938843,
    0.024876756529733483,
    0.02369665484323746,
    0.01740798824744635,
    0.009357253748898727,
    0.00363066857854939,
    0.0036958695817748423,
    0.011288654847980844,
    0.02589873610623042,
    0.04498235967276653,
    0.06478622231212264,
    0.08148991928474285,
    0.09230979576354412,
    0.09625578392508306,
    0.09435907423488547,
    0.0893426610370564,
    0.08484588284886094,
    0.08441232973057768,
    0.09049837291744366,
    0.1037557529413013,
    0.12278628653795938,
    0.1444617265436752,
    0.16475794267286817,
    0.17989754565267121,
    0.18747392684175726,
    0.18719314125301736,
    0.18095261012128766,
    0.1721731374227666,
    0.16456024217945178,
    0.16070142740378834,
    0.16101088484028403,
    0.1634511344275822,
    0.16420001373109078,
    0.1590755245721851,
    0.14521532580958266,
    0.12236603813651749,
    0.09324496813691668,
    0.062770937088669,
    0.036401950934647063,
    0.018191071794014944,
    0.009318817859030312,
    0.0077055556252019295,
    0.008897233102433892,
    0.007908665316797512,
    0.0013064818636746888,
    -0.011309821492572265,
    -0.02705281297831238,
    -0.0408606983350813,
    -0.04756695449551234,
    -0.04411152173850443,
    -0.03100039281868142,
    -0.012404861035863819,
    0.005170925786365181,
    0.015152139089056039,
    0.01320886330198727,
    -0.0012717948787816958
  ],
  "shape_matches": [
    {
      "shape": "Man in a Hole",
      "correlation": 0.7696
    },
    {
      "shape": "Cinderella",
      "correlation": 0.7144
    },
    {
      "shape": "Rags to Riches",
      "correlation": 0.5858
    },
    {
      "shape": "Icarus",
      "correlation": 0.4759
    },
    {
      "shape": "Tragedy",
      "correlation": -0.5858
    },
    {
      "shape": "Oedipus",
      "correlation": -0.7075
    }
  ],
  "best_shape": "Man in a Hole",
  "best_shape_correlation": 0.7696,
  "peaks": [
    {
      "sample": 57,
      "position": 0.5757575757575758,
      "smoothed": 0.09625578392508306,
      "word_offset": 40414,
      "read_time_min": 161.7,
      "driving_words": [
        {
          "word": "terrific",
          "score": 4.0
        },
        {
          "word": "wonderful",
          "score": 4.0
        },
        {
          "word": "funny",
          "score": 4.0
        },
        {
          "word": "fun",
          "score": 4.0
        },
        {
          "word": "miracle",
          "score": 4.0
        },
        {
          "word": "triumph",
          "score": 4.0
        }
      ]
    },
    {
      "sample": 68,
      "position": 0.6868686868686869,
      "smoothed": 0.18747392684175726,
      "word_offset": 47249,
      "read_time_min": 189.0,
      "driving_words": [
        {
          "word": "wonderful",
          "score": 4.0
        },
        {
          "word": "triumph",
          "score": 4.0
        },
        {
          "word": "fun",
          "score": 4.0
        },
        {
          "word": "triumphant",
          "score": 4.0
        },
        {
          "word": "rapturous",
          "score": 4.0
        },
        {
          "word": "amazing",
          "score": 4.0
        }
      ]
    },
    {
      "sample": 76,
      "position": 0.7676767676767676,
      "smoothed": 0.16420001373109078,
      "word_offset": 52219,
      "read_time_min": 208.9,
      "driving_words": [
        {
          "word": "wonderful",
          "score": 4.0
        },
        {
          "word": "rapturous",
          "score": 4.0
        },
        {
          "word": "amazing",
          "score": 4.0
        },
        {
          "word": "fun",
          "score": 4.0
        },
        {
          "word": "fantastic",
          "score": 4.0
        },
        {
          "word": "miracle",
          "score": 4.0
        }
      ]
    }
  ],
  "valleys": [
    {
      "sample": 10,
      "position": 0.10101010101010101,
      "smoothed": -0.12812105176991087,
      "word_offset": 11213,
      "read_time_min": 44.9,
      "driving_words": [
        {
          "word": "bad",
          "score": -3.0
        },
        {
          "word": "died",
          "score": -3.0
        },
        {
          "word": "hated",
          "score": -3.0
        },
        {
          "word": "ugly",
          "score": -3.0
        },
        {
          "word": "terrible",
          "score": -3.0
        },
        {
          "word": "lost",
          "score": -3.0
        }
      ]
    },
    {
      "sample": 31,
      "position": 0.31313131313131315,
      "smoothed": -0.04432146107111823,
      "word_offset": 24260,
      "read_time_min": 97.0,
      "driving_words": [
        {
          "word": "cock",
          "score": -5.0
        },
        {
          "word": "tortures",
          "score": -4.0
        },
        {
          "word": "hell",
          "score": -4.0
        },
        {
          "word": "selfishness",
          "score": -3.0
        },
        {
          "word": "fatal",
          "score": -3.0
        },
        {
          "word": "agonised",
          "score": -3.0
        }
      ]
    },
    {
      "sample": 92,
      "position": 0.9292929292929293,
      "smoothed": -0.04756695449551234,
      "word_offset": 62160,
      "read_time_min": 248.6,
      "driving_words": [
        {
          "word": "tortured",
          "score": -4.0
        },
        {
          "word": "torture",