{
  "status": "ok",
  "n_words": 1293676,
  "window_size": 10000,
  "reliability": "high",
  "raw": [
    0.0584,
    0.0652,
    0.034,
    0.0888,
    0.1536,
    0.1168,
    0.0936,
    0.06,
    0.108,
    0.1132,
    0.076,
    0.116,
    0.1208,
    0.1184,
    0.0264,
    0.1312,
    0.0572,
    0.06,
    0.1204,
    0.1204,
    0.086,
    0.1084,
    0.092,
    0.1448,
    0.1588,
    0.0632,
    0.1188,
    0.1012,
    0.0784,
    0.0772,
    0.0884,
    0.148,
    0.1452,
    0.1236,
    0.0832,
    0.1,
    0.1476,
    0.1092,
    0.088,
    0.0404,
    0.078,
    0.0488,
    0.1492,
    0.134,
    0.1868,
    0.1388,
    0.0996,
    0.0768,
    0.14,
    0.098,
    0.102,
    0.15,
    0.0812,
    0.1332,
    0.0996,
    0.1448,
    0.1124,
    0.1736,
    0.1576,
    0.1452,
    0.074,
    0.0848,
    0.1288,
    0.0244,
    0.0424,
    0.0548,
    0.1064,
    0.0836,
    0.116,
    0.146,
    0.0776,
    0.088,
    0.122,
    0.064,
    0.0804,
    -0.0228,
    0.0584,
    0.0964,
    0.0736,
    0.098,
    0.1232,
    0.0664,
    0.0292,
    0.0824,
    0.074,
    0.088,
    0.0912,
    0.1492,
    0.076,
    0.1152,
    0.1444,
    0.1764,
    0.0816,
    0.0684,
    0.0916,
    0.1416,
    0.1196,
    0.114,
    0.1128,
    0.0228
  ],
  "smoothed": [
    0.0645402696782647,
    0.06181319251345599,
    0.06681092002588843,
    0.07807708091185038,
    0.09193839665499748,
    0.1039630962545679,
    0.11072494555824068,
    0.1110883427019399,
    0.1064562524618297,
    0.0999050208345324,
    0.0946427302528328,
    0.09253137032069002,
    0.09336641650798551,
    0.09523343165720916,
    0.09573699556825276,
    0.09347119484489425,
    0.08897691787872518,
    0.08467217577714799,
    0.08373836626758024,
    0.08846549710385189,
    0.09885470441471915,
    0.1121990390667224,
    0.12393708190187519,
    0.1294863684285313,
    0.1262834487120637,
    0.11511163743262824,
    0.10006601109637092,
    0.08708086417365206,
    0.08157821349308579,
    0.08620535627313855,
    0.09962722468990508,
    0.11691706233323569,
    0.13142381919640175,
    0.13737215991034749,
    0.13213971445553152,
    0.117289803451499,
    0.09795690611310341,
    0.08086152953609821,
    0.07178025999513608,
    0.07348703689600586,
    0.08494460168462795,
    0.10197781847573512,
    0.11904912606131143,
    0.13134345545692044,
    0.13631902829516954,
    0.134188123051522,
    0.12729731970925862,
    0.11884162714225659,
    0.11156735998945631,
    0.10701658206310061,
    0.10551864873561664,
    0.10673030560136881,
    0.11026943736440581,
    0.11599968356112615,
    0.12378398616906973,
    0.1328871984865222,
    0.14147143038794777,
    0.14664223079334804,
    0.14524536555821052,
    0.13520210555765297,
    0.11681299887574649,
    0.09335119017864982,
    0.070490884964149,
    0.05459958024604566,
    0.050456250421487374,
    0.05929252134286106,
    0.0780153523598682,
    0.1000443579721103,
    0.1175476116706644,
    0.1242604940973592,
    0.1177885996406351,
    0.10046555954847364,
    0.07840339225310305,
    0.059105114736590136,
    0.04859792255971904,
    0.04923801940297814,
    0.05905072219566636,
    0.07282364048340438,
    0.0844426332765422,
    0.08946019490989053,
    0.08682331243188628,
    0.07908074516445035,
    0.07105903225901103,
    0.06764702931731159,
    0.07168000874696948,
    0.08282356938901776,
    0.09787958725200316,
    0.1122948382052852,
    0.12213696860100841,
    0.12563658354195908,
    0.1236392465507121,
    0.11884136517951915,
    0.1142483729041692,
    0.11163315408856793,
    0.11073813472029345,
    0.10958249938856182,
    0.1056931590665144,
    0.09763190977645783,
    0.08604991037198705,
    0.07372724241895609
  ],
  "shape_matches": [
    {
      "shape": "Icarus",
      "correlation": 0.2404
    },
    {
      "shape": "Cinderella",
      "correlation": 0.1795
    },
    {
      "shape": "Man in a Hole",
      "correlation": 0.0363
    },
    {
      "shape": "Tragedy",
      "correlation": 0.0361
    },
    {
      "shape": "Rags to Riches",
      "correlation": -0.0361
    },
    {
      "shape": "Oedipus",
      "correlation": -0.1883
    }
  ],
  "best_shape": "Icarus",
  "best_shape_correlation": 0.2404,
  "peaks": [
    {
      "sample": 33,
      "position": 0.3333333333333333,
      "smoothed": 0.13737215991034749,
      "word_offset": 432892,
      "read_time_min": 1731.6,
      "driving_words": [
        {
          "word": "good",
          "score": 3.0
        },
        {
          "word": "best",
          "score": 3.0
        },
        {
          "word": "great",
          "score": 3.0
        },
        {
          "word": "luck",
          "score": 3.0
        },
        {
          "word": "pleased",
          "score": 3.0
        },
        {
          "word": "pleasure",
          "score": 3.0
        }
      ]
    },
    {
      "sample": 44,
      "position": 0.4444444444444444,
      "smoothed": 0.13631902829516954,
      "word_offset": 575523,
      "read_time_min": 2302.1,
      "driving_words": [
        {
          "word": "merry",
          "score": 3.0
        },
        {
          "word": "good",
          "score": 3.0
        },
        {
          "word": "admire",
          "score": 3.0
        },
        {
          "word": "great",
          "score": 3.0
        },
        {
          "word": "joy",
          "score": 3.0
        },
        {
          "word": "pleasure",
          "score": 3.0
        }
      ]
    },
    {
      "sample": 57,
      "position": 0.5757575757575758,
      "smoothed": 0.14664223079334804,
      "word_offset": 744086,
      "read_time_min": 2976.3,
      "driving_words": [
        {
          "word": "rejoice",
          "score": 4.0
        },
        {
          "word": "overjoyed",
          "score": 4.0
        },
        {
          "word": "great",
          "score": 3.0
        },
        {
          "word": "merry",
          "score": 3.0
        },
        {
          "word": "perfectly",
          "score": 3.0
        },
        {
          "word": "good",
          "score": 3.0
        }
      ]
    }
  ],
  "valleys": [
    {
      "sample": 1,
      "position": 0.010101010101010102,
      "smoothed": 0.06181319251345599,
      "word_offset": 17966,
      "read_time_min": 71.9,
      "driving_words": [
        {
          "word": "rape",
          "score": -4.0
        },
        {
          "word": "dick",
          "score": -4.0
        },
        {
          "word": "lost",
          "score": -3.0
        },
        {
          "word": "defects",
          "score": -3.0
        },
        {
          "word": "died",
          "score": -3.0
        },
        {
          "word": "ridiculous",
          "score": -3.0
        }
      ]
    },
    {
      "sample": 64,
      "position": 0.6464646464646465,
      "smoothed": 0.050456250421487374,
      "word_offset": 834851,
      "read_time_min": 3339.4,
      "driving_words": [
        {
          "word": "bitch",
          "score": -5.0
        },
        {
          "word": "hater",
          "score": -3.0
        },
        {
          "word": "loss",
          "score": -3.0
        },
        {
          "word": "lost",
          "score": -3.0
        },
        {
          "word": "dead",
          "score": -3.0
        },
        {
          "word": "bad",
          "score": -3.0
        }
      ]
    },
    {
      "sample": 74,
      "position": 0.7474747474747475,
      "smoothed": 0.04859792255971904,
      "word_offset": 964515,
      "read_time_min": 3858.1,
      "driving_words": [
        {
          "word": "cock",
          "score": -5.0
        },
        {
          "word": "whore",
          "score": -4.0
        },
        {
          "word": "ass",
          "score": -4.0
        },
        {
          "word": "nasty",
          "score": -3.0
        },
        {
          "word": "bribes",