{
  "status": "ok",
  "n_words": 193190,
  "window_size": 10000,
  "reliability": "high",
  "raw": [
    0.0088,
    -0.0036,
    0.002,
    0.0336,
    0.0256,
    0.0092,
    0.028,
    0.0264,
    0.0268,
    -0.0128,
    -0.012,
    -0.018,
    -0.02,
    -0.0336,
    0.0184,
    0.0584,
    0.0868,
    0.1056,
    0.0772,
    0.0808,
    0.0768,
    0.0372,
    0.0068,
    -0.0204,
    -0.0132,
    -0.0252,
    -0.0328,
    -0.0508,
    -0.0208,
    -0.0064,
    -0.0076,
    -0.006,
    0.018,
    -0.01,
    -0.0332,
    -0.0668,
    -0.0988,
    -0.1068,
    -0.1056,
    -0.1148,
    -0.1028,
    -0.0632,
    -0.0236,
    0.0172,
    0.05,
    0.0468,
    0.0056,
    0.0112,
    0.0164,
    0.0296,
    0.044,
    0.1008,
    0.1236,
    0.1164,
    0.0912,
    0.0552,
    0.084,
    0.1044,
    0.1084,
    0.1288,
    0.1624,
    0.1096,
    0.102,
    0.0748,
    0.0516,
    0.0476,
    0.088,
    0.13,
    0.1228,
    0.1852,
    0.1932,
    0.1664,
    0.1596,
    0.0984,
    0.0464,
    0.0188,
    0.0468,
    0.1012,
    0.1336,
    0.1768,
    0.2272,
    0.19,
    0.144,
    0.1152,
    0.0968,
    0.0752,
    0.1016,
    0.148,
    0.1376,
    0.1556,
    0.1536,
    0.1256,
    0.1152,
    0.0828,
    0.1116,
    0.1268,
    0.1468,
    0.2216,
    0.2824,
    0.2864
  ],
  "smoothed": [
    0.12587270840434234,
    0.06451101057840611,
    0.013882851998728808,
    -0.01325075451447484,
    -0.01398517448501873,
    0.004169844391247999,
    0.027102130977703264,
    0.04051608345006784,
    0.036126868745907245,
    0.01498625124337826,
    -0.013375468122238346,
    -0.03545397661548545,
    -0.039833750338186515,
    -0.0221392592173245,
    0.01319171739296154,
    0.05490545685875017,
    0.08963719892910209,
    0.10716082034765169,
    0.10393430216419237,
    0.08360081089157256,
    0.05454369847987664,
    0.025880647296913965,
    0.0038414150607136753,
    -0.009905190316689537,
    -0.01748921475464174,
    -0.02238215343876482,
    -0.02675741647225787,
    -0.030147710118806886,
    -0.030087758089205094,
    -0.02430572999333055,
    -0.013147304851091928,
    -0.0007340269970053726,
    0.006026135246539583,
    0.00034273788341214305,
    -0.020930961224600503,
    -0.0549032428140978,
    -0.09273748690140061,
    -0.12249031809569275,
    -0.13365053495632748,
    -0.12145552336175389,
    -0.0890432463906248,
    -0.04638513071060798,
    -0.006355647762901433,
    0.02041201297342316,
    0.029660438446351137,
    0.02483497313935895,
    0.01505388440693233,
    0.010680541296282549,
    0.018533133897567958,
    0.038912890960799036,
    0.06577279601556703,
    0.08987853577365332,
    0.10341349440134594,
    0.10380544815243846,
    0.09492652339804117,
    0.08507374392711677,
    0.08269131068952681,
    0.09191387208451107,
    0.11015115640675946,
    0.1290080376690273,
    0.1382530365628775,
    0.13104575239443406,
    0.10792731224334609,
    0.0775323644036035,
    0.053427767512923746,
    0.0482829512992324,
    0.0679037850066255,
    0.10787958944484129,
    0.1545550907790588,
    0.19017062243553873,
    0.20013335038396007,
    0.17933978064531567,
    0.1347617280661641,
    0.08304388643572846,
    0.04399133658470992,
    0.03262074941203724,
    0.05311205425825529,
    0.09721962620884803,
    0.14780825524729213,
    0.1859894481138224,
    0.1988038715032392,
    0.1841947838329248,
    0.1512295893836042,
    0.11561399222865233,
    0.09258337765053648,
    0.090352232782162,
    0.10698112355466396,
    0.13194017148770415,
    0.15152434816670685,
    0.15556123709965325,
    0.14230797621508262,
    0.11929350284569548,
    0.09972783271214368,
    0.09612664000599373,
    0.11407456734524797,
    0.1490040262419659,
    0.1875225365066097,
    0.2127863628830964,
    0.21160325960328316,
    0.18016157707479147
  ],
  "shape_matches": [
    {
      "shape": "Rags to Riches",
      "correlation": 0.6641
    },
    {
      "shape": "Man in a Hole",
      "correlation": 0.5145
    },
    {
      "shape": "Cinderella",
      "correlation": 0.243
    },
    {
      "shape": "Oedipus",
      "correlation": -0.2139
    },
    {
      "shape": "Icarus",
      "correlation": -0.2759
    },
    {
      "shape": "Tragedy",
      "correlation": -0.6641
    }
  ],
  "best_shape": "Rags to Riches",
  "best_shape_correlation": 0.6641,
  "peaks": [
    {
      "sample": 70,
      "position": 0.7070707070707071,
      "smoothed": 0.20013335038396007,
      "word_offset": 134528,
      "read_time_min": 538.1,
      "driving_words": [
        {
          "word": "thrilled",
          "score": 5.0
        },
        {
          "word": "win",
          "score": 4.0
        },
        {
          "word": "triumph",
          "score": 4.0
        },
        {
          "word": "masterpiece",
          "score": 4.0
        },
        {
          "word": "affection",
          "score": 3.0
        },
        {
          "word": "best",
          "score": 3.0
        }
      ]
    },
    {
      "sample": 80,
      "position": 0.8080808080808081,
      "smoothed": 0.1988038715032392,
      "word_offset": 153032,
      "read_time_min": 612.1,
      "driving_words": [
        {
          "word": "rejoiced",
          "score": 4.0
        },
        {
          "word": "rejoice",
          "score": 4.0
        },
        {
          "word": "triumph",
          "score": 4.0
        },
        {
          "word": "love",
          "score": 3.0
        },
        {
          "word": "good",
          "score": 3.0
        },
        {
          "word": "great",
          "score": 3.0
        }
      ]
    },
    {
      "sample": 97,
      "position": 0.9797979797979798,
      "smoothed": 0.2127863628830964,
      "word_offset": 184489,
      "read_time_min": 738.0,
      "driving_words": [
        {
          "word": "overjoyed",
          "score": 4.0
        },
        {
          "word": "rejoiced",
          "score": 4.0
        },
        {
          "word": "amazing",
          "score": 4.0
        },
        {
          "word": "rapturous",
          "score": 4.0
        },
        {
          "word": "miracle",
          "score": 4.0
        },
        {
          "word": "good",
          "score": 3.0
        }
      ]
    }
  ],
  "valleys": [
    {
      "sample": 12,
      "position": 0.12121212121212122,
      "smoothed": -0.039833750338186515,
      "word_offset": 27205,
      "read_time_min": 108.8,
      "driving_words": [
        {
          "word": "cock",
          "score": -5.0
        },
        {
          "word": "hell",
          "score": -4.0
        },
        {
          "word": "rape",
          "score": -4.0
        },
        {
          "word": "damned",
          "score": -4.0
        },
        {
          "word": "dreadful",
          "score": -3.0
        },
        {
          "word": "desperate",
          "score": -3.0
        }
      ]
    },
    {
      "sample": 27,
      "position": 0.2727272727272727,
      "smoothed": -0.030147710118806886,
      "word_offset": 54961,
      "read_time_min": 219.8,
      "driving_words": [
        {
          "word": "torture",
          "score": -4.0
        },
        {
          "word": "hell",
          "score": -4.0
        },
        {
          "word": "conspiracy",
          "score": -3.0
        },
        {
          "word": "lost",
          "score": -3.0
        },
        {
          "word": "guilt",
          "score": -3.0
        },
        {
          "word": "crime",
          "score": -3.0
        }
      ]
    },
    {
      "sample": 38,
      "position": 0.3838383838383838,
      "smoothed": -0.13365053495632748,
      "word_offset": 75315,
      "read_time_min": 301.3,
      "driving_words": [
        {
          "word": "bitches",
          "score": -5.0
        },
        {
          "word": "cock",
          "score": -5.0
        },
        {
          "word": "bitch",