{
  "status": "ok",
  "n_words": 32265,
  "window_size": 10000,
  "reliability": "high",
  "raw": [
    -0.0216,
    -0.0308,
    -0.042,
    -0.0408,
    -0.0336,
    -0.0292,
    -0.0288,
    -0.026,
    -0.0276,
    -0.0268,
    -0.0432,
    -0.046,
    -0.0392,
    -0.0412,
    -0.0404,
    -0.0364,
    -0.0276,
    -0.03,
    -0.0288,
    -0.0292,
    -0.0348,
    -0.03,
    -0.032,
    -0.036,
    -0.0408,
    -0.038,
    -0.0404,
    -0.0404,
    -0.0364,
    -0.03,
    -0.0352,
    -0.03,
    -0.028,
    -0.036,
    -0.0476,
    -0.042,
    -0.0344,
    -0.0168,
    -0.0104,
    -0.0264,
    -0.0304,
    -0.0316,
    -0.0348,
    -0.0332,
    -0.038,
    -0.036,
    -0.032,
    -0.0324,
    -0.0352,
    -0.0464,
    -0.0444,
    -0.0428,
    -0.0376,
    -0.0284,
    -0.0232,
    -0.0104,
    -0.006,
    -0.0048,
    -0.0092,
    -0.02,
    -0.0224,
    -0.0168,
    -0.0156,
    -0.0128,
    -0.0296,
    -0.0312,
    -0.0316,
    -0.0272,
    -0.0244,
    -0.016,
    -0.0128,
    -0.012,
    -0.0132,
    -0.0168,
    -0.0204,
    -0.0224,
    -0.0168,
    -0.0228,
    -0.02,
    -0.0216,
    -0.0208,
    -0.0384,
    -0.0448,
    -0.0364,
    -0.0336,
    -0.0288,
    -0.0256,
    -0.0204,
    -0.02,
    -0.0184,
    -0.0172,
    -0.0152,
    -0.0164,
    -0.0168,
    -0.014,
    -0.0168,
    -0.0256,
    -0.0384,
    -0.0396,
    -0.0344
  ],
  "smoothed": [
    -0.03523225204189613,
    -0.03591165231797796,
    -0.035734671974463145,
    -0.03465528915719101,
    -0.032845731586162684,
    -0.03075806514726887,
    -0.02906666532235101,
    -0.028482292041524648,
    -0.02949061061160948,
    -0.03211553180251496,
    -0.035816225753912106,
    -0.039586893625157514,
    -0.04225216281495982,
    -0.04286778599440489,
    -0.04108172129529278,
    -0.037311021215574204,
    -0.03265012755539727,
    -0.028525792988999116,
    -0.026214375417342554,
    -0.026397299942468876,
    -0.028923270230274214,
    -0.03287118584183148,
    -0.03689339943185274,
    -0.039709968219214825,
    -0.040565063365546924,
    -0.03947156780306572,
    -0.03715397055934235,
    -0.034719417085251884,
    -0.03319381129041192,
    -0.03311085496985821,
    -0.0343165411809822,
    -0.03606101903912188,
    -0.03733178298960026,
    -0.03728553252878236,
    -0.03560003236005442,
    -0.032605399776026216,
    -0.029148983098036013,
    -0.026258702402658055,
    -0.0247499794970134,
    -0.0249386097646157,
    -0.026570807396377037,
    -0.02898577962438169,
    -0.031427429659643256,
    -0.033362146300527036,
    -0.034663392231637884,
    -0.035587606022873336,
    -0.036560870103991755,
    -0.03788028834107451,
    -0.03947182152055161,
    -0.040821865789752415,
    -0.041124383978443174,
    -0.03959164380097792,
    -0.035804464730926695,
    -0.02995740385245899,
    -0.022893440575853356,
    -0.015904538672479995,
    -0.01036501442507304,
    -0.0073275065206439985,
    -0.007222654514521725,
    -0.009761153584445436,
    -0.014059899477658606,
    -0.018934116529443424,
    -0.02324520523603579,
    -0.026186834904639928,
    -0.027427763282259533,
    -0.02709060179137921,
    -0.025605279614981533,
    -0.023511957061424768,
    -0.021290468875362473,
    -0.019266664626384572,
    -0.01760573296104254,
    -0.016367127972633986,
    -0.01557824085871171,
    -0.015287760570567606,
    -0.015578447140850597,
    -0.016541439830597634,
    -0.018229866300930094,
    -0.020613569868648166,
    -0.023551011371170483,
    -0.02678483441871439,
    -0.029960275790731607,
    -0.03266321261853619,
    -0.0344754577940708,
    -0.03504475617067061,
    -0.03416253517656102,
    -0.03183428254757849,
    -0.028320041915428775,
    -0.024122249590330193,
    -0.01990908187007084,
    -0.016382242495204064,
    -0.014121230581982357,
    -0.01345091331528828,
    -0.014376936060135726,
    -0.016612242795742166,
    -0.019684767221630282,
    -0.023084857799856355,
    -0.026395636419118535,
    -0.029358472549045025,
    -0.03185646453774684,
    -0.03383804837019118
  ],
  "shape_matches": [
    {
      "shape": "Man in a Hole",
      "correlation": 0.5487
    },
    {
      "shape": "Rags to Riches",
      "correlation": 0.5358
    },
    {
      "shape": "Cinderella",
      "correlation": 0.4128
    },
    {
      "shape": "Icarus",
      "correlation": 0.0787
    },
    {
      "shape": "Oedipus",
      "correlation": -0.3974
    },
    {
      "shape": "Tragedy",
      "correlation": -0.5358
    }
  ],
  "best_shape": "Man in a Hole",
  "best_shape_correlation": 0.5487,
  "peaks": [
    {
      "sample": 58,
      "position": 0.5858585858585859,
      "smoothed": -0.007222654514521725,
      "word_offset": 18044,
      "read_time_min": 72.2,
      "driving_words": [
        {
          "word": "fantastic",
          "score": 4.0
        },
        {
          "word": "fun",
          "score": 4.0
        },
        {
          "word": "funny",
          "score": 4.0
        },
        {
          "word": "brilliant",
          "score": 4.0
        },
        {
          "word": "wonderful",
          "score": 4.0
        },
        {
          "word": "beautiful",
          "score": 3.0
        }
      ]
    },
    {
      "sample": 73,
      "position": 0.7373737373737373,
      "smoothed": -0.015287760570567606,
      "word_offset": 21418,
      "read_time_min": 85.7,
      "driving_words": [
        {
          "word": "thrilled",
          "score": 5.0
        },
        {
          "word": "funny",
          "score": 4.0
        },
        {
          "word": "fantastic",
          "score": 4.0
        },
        {
          "word": "fun",
          "score": 4.0
        },
        {
          "word": "brilliant",
          "score": 4.0
        },
        {
          "word": "wonderful",
          "score": 4.0
        }
      ]
    },
    {
      "sample": 91,
      "position": 0.9191919191919192,
      "smoothed": -0.01345091331528828,
      "word_offset": 25466,
      "read_time_min": 101.9,
      "driving_words": [
        {
          "word": "thrilled",
          "score": 5.0
        },
        {
          "word": "wonderful",
          "score": 4.0
        },
        {
          "word": "win",
          "score": 4.0
        },
        {
          "word": "terrific",
          "score": 4.0
        },
        {
          "word": "stunning",
          "score": 4.0
        },
        {
          "word": "brilliant",
          "score": 4.0
        }
      ]
    }
  ],
  "valleys": [
    {
      "sample": 13,
      "position": 0.13131313131313133,
      "smoothed": -0.04286778599440489,
      "word_offset": 7924,
      "read_time_min": 31.7,
      "driving_words": [
        {
          "word": "bastards",
          "score": -5.0
        },
        {
          "word": "hell",
          "score": -4.0
        },
        {
          "word": "damned",
          "score": -4.0
        },
        {
          "word": "whore",
          "score": -4.0
        },
        {
          "word": "tortured",
          "score": -4.0
        },
        {
          "word": "hell's",
          "score": -4.0
        }
      ]
    },
    {
      "sample": 24,
      "position": 0.24242424242424243,
      "smoothed": -0.040565063365546924,
      "word_offset": 10398,
      "read_time_min": 41.6,
      "driving_words": [
        {
          "word": "bastards",
          "score": -5.0
        },
        {
          "word": "hell",
          "score": -4.0
        },
        {
          "word": "damned",
          "score": -4.0
        },
        {
          "word": "whore",
          "score": -4.0
        },
        {
          "word": "tortured",
          "score": -4.0
        },
        {
          "word": "hell's",
          "score": -4.0
        }
      ]
    },
    {
      "sample": 50,
      "position": 0.5050505050505051,
      "smoothed": -0.041124383978443174,
      "word_offset": 16245,
      "read_time_min": 65.0,