{
  "status": "ok",
  "n_words": 442696,
  "window_size": 10000,
  "reliability": "high",
  "raw": [
    0.0808,
    0.0708,
    0.0712,
    0.088,
    0.1104,
    0.082,
    0.0724,
    0.0564,
    0.0632,
    0.1116,
    0.1324,
    0.1228,
    0.1032,
    0.002,
    -0.0408,
    -0.0708,
    -0.0104,
    0.0632,
    0.052,
    0.022,
    -0.0364,
    -0.0592,
    -0.0636,
    -0.0488,
    -0.0032,
    0.0448,
    0.0628,
    0.1,
    0.0828,
    0.0824,
    0.1224,
    0.1108,
    0.082,
    0.0504,
    0.0224,
    0.0168,
    0.0412,
    0.0828,
    0.1192,
    0.112,
    0.1172,
    0.074,
    0.052,
    0.042,
    0.034,
    0.0348,
    0.1208,
    0.1276,
    0.0704,
    0.0608,
    0.0652,
    0.0256,
    0.0092,
    -0.0004,
    0.0076,
    0.0956,
    0.0876,
    0.0184,
    0.032,
    0.1004,
    0.0812,
    0.054,
    -0.0388,
    -0.0892,
    -0.0264,
    0.02,
    0.0284,
    0.0116,
    0.0924,
    0.1096,
    0.0712,
    0.032,
    0.064,
    0.0196,
    -0.094,
    -0.1284,
    -0.1792,
    -0.102,
    -0.0076,
    0.0448,
    0.0996,
    0.0912,
    0.0892,
    0.0952,
    0.0844,
    0.104,
    0.0428,
    -0.0188,
    0.0028,
    -0.0152,
    0.02,
    0.0724,
    0.1116,
    0.0928,
    0.0408,
    0.0168,
    0.052,
    -0.0008,
    0.032,
    0.0228
  ],
  "smoothed": [
    0.06427212557117785,
    0.07861847035351524,
    0.08386483418556841,
    0.08126004236965217,
    0.07580928592346504,
    0.07349295128947919,
    0.078071253033423,
    0.08899500252284251,
    0.10142058479507508,
    0.10834670715727839,
    0.10389875242622551,
    0.08623715256482103,
    0.058714053460602565,
    0.028687282835460605,
    0.004471254629996848,
    -0.008224506616770894,
    -0.008748554156238582,
    -0.0016975252117092587,
    0.005307163508352177,
    0.005306642513639437,
    -0.004491819717384651,
    -0.02101537122454803,
    -0.03629189015898438,
    -0.040774892682692146,
    -0.02765178883011057,
    0.0037310404044398116,
    0.04687705858314208,
    0.09013064863102364,
    0.12093292993310549,
    0.13063918919891965,
    0.11791823972183534,
    0.08931329448248455,
    0.056707464711143095,
    0.0327137947865559,
    0.02586042472654378,
    0.037509430336954266,
    0.06171058487535938,
    0.08796690042936682,
    0.10569693264782191,
    0.10851691675202128,
    0.09659865097055204,
    0.07621141155406426,
    0.05675240953839239,
    0.04660071519804408,
    0.049569410922317196,
    0.06341660420581736,
    0.08096592188892338,
    0.09328265512676995,
    0.09351953156481187,
    0.07981965594885215,
    0.05611016270989592,
    0.030523467232544843,
    0.012151094017191132,
    0.0074708652552382526,
    0.01785489682156439,
    0.039073702135774824,
    0.06289598220013856,
    0.08009021975759929,
    0.08366868876393613,
    0.07122228248300086,
    0.045619266115817965,
    0.013971743020236387,
    -0.014649287193230337,
    -0.0319422280639054,
    -0.03272606829977053,
    -0.01632924308456274,
    0.01322753638639964,
    0.04818710157925542,
    0.07887491920207984,
    0.09599776474264272,
    0.0929836199029981,
    0.0678881114360716,
    0.02438778295850596,
    -0.028534899515352406,
    -0.07837539104189639,
    -0.11213246256973115,
    -0.11989686695594673,
    -0.09798135740113491,
    -0.0505175735046627,
    0.0112122982027898,
    0.07175324601701223,
    0.11598929004227417,
    0.1337749402698019,
    0.12309686582352025,
    0.09059252770534841,
    0.04915302689834115,
    0.013403102324363517,
    -0.005332602451386448,
    -0.002742192185506749,
    0.01743450593871817,
    0.04537206698800872,
    0.06929991671702514,
    0.0801513535593101,
    0.07489077094943342,
    0.057264184522553024,
    0.0357951462941244,
    0.019976495641947086,
    0.016316201669073768,
    0.025890698319036124,
    0.04435529998212382
  ],
  "shape_matches": [
    {
      "shape": "Tragedy",
      "correlation": 0.1857
    },
    {
      "shape": "Oedipus",
      "correlation": 0.0983
    },
    {
      "shape": "Icarus",
      "correlation": -0.0414
    },
    {
      "shape": "Cinderella",
      "correlation": -0.1051
    },
    {
      "shape": "Man in a Hole",
      "correlation": -0.1825
    },
    {
      "shape": "Rags to Riches",
      "correlation": -0.1857
    }
  ],
  "best_shape": "Tragedy",
  "best_shape_correlation": 0.1857,
  "peaks": [
    {
      "sample": 29,
      "position": 0.29292929292929293,
      "smoothed": 0.13063918919891965,
      "word_offset": 131749,
      "read_time_min": 527.0,
      "driving_words": [
        {
          "word": "funny",
          "score": 4.0
        },
        {
          "word": "fun",
          "score": 4.0
        },
        {
          "word": "win",
          "score": 4.0
        },
        {
          "word": "miracle",
          "score": 4.0
        },
        {
          "word": "wonderful",
          "score": 4.0
        },
        {
          "word": "pleasure",
          "score": 3.0
        }
      ]
    },
    {
      "sample": 39,
      "position": 0.3939393939393939,
      "smoothed": 0.10851691675202128,
      "word_offset": 175456,
      "read_time_min": 701.8,
      "driving_words": [
        {
          "word": "wonderfully",
          "score": 4.0
        },
        {
          "word": "funny",
          "score": 4.0
        },
        {
          "word": "rejoiced",
          "score": 4.0
        },
        {
          "word": "happy",
          "score": 3.0
        },
        {
          "word": "good",
          "score": 3.0
        },
        {
          "word": "faithful",
          "score": 3.0
        }
      ]
    },
    {
      "sample": 82,
      "position": 0.8282828282828283,
      "smoothed": 0.1337749402698019,
      "word_offset": 363395,
      "read_time_min": 1453.6,
      "driving_words": [
        {
          "word": "miracle",
          "score": 4.0
        },
        {
          "word": "stunning",
          "score": 4.0
        },
        {
          "word": "wonderful",
          "score": 4.0
        },
        {
          "word": "wonderfully",
          "score": 4.0
        },
        {
          "word": "beauty",
          "score": 3.0
        },
        {
          "word": "won't",
          "score": 3.0
        }
      ]
    }
  ],
  "valleys": [
    {
      "sample": 23,
      "position": 0.23232323232323232,
      "smoothed": -0.040774892682692146,
      "word_offset": 105525,
      "read_time_min": 422.1,
      "driving_words": [
        {
          "word": "dreadful",
          "score": -3.0
        },
        {
          "word": "dead",
          "score": -3.0
        },
        {
          "word": "violently",
          "score": -3.0
        },
        {
          "word": "horrible",
          "score": -3.0
        },
        {
          "word": "died",
          "score": -3.0
        },
        {
          "word": "idiot",
          "score": -3.0
        }
      ]
    },
    {
      "sample": 64,
      "position": 0.6464646464646465,
      "smoothed": -0.03272606829977053,
      "word_offset": 284723,
      "read_time_min": 1138.9,
      "driving_words": [
        {
          "word": "horrified",
          "score": -3.0
        },
        {
          "word": "dreadful",
          "score": -3.0
        },
        {
          "word": "horrible",
          "score": -3.0
        },
        {
          "word": "victim",
          "score": -3.0
        },
        {
          "word": "dead",
          "score": -3.0
        },
        {
          "word": "loathsome",
          "score": -3.0
        }
      ]
    },
    {
      "sample": 76,
      "position": 0.7676767676767676,
      "smoothed": -0.11989686695594673,
      "word_offset": 337171,
      "read_time_min": 1348.7,
      "driving_words": [
        {
          "word": "victim",
          "score": -3.0
        },
        {
          "word": "betrayed",
          "score": -3.0
        },
        {
          "word": "killed",