{
  "status": "ok",
  "n_words": 43448,
  "window_size": 10000,
  "reliability": "high",
  "raw": [
    0.1288,
    0.1296,
    0.1372,
    0.1336,
    0.124,
    0.122,
    0.1096,
    0.1068,
    0.1056,
    0.0928,
    0.07,
    0.0648,
    0.062,
    0.0548,
    0.0532,
    0.0476,
    0.048,
    0.0544,
    0.0532,
    0.0468,
    0.0404,
    0.0324,
    0.0092,
    0.0072,
    0.0084,
    0.0184,
    0.0212,
    0.0112,
    0.012,
    0.0084,
    -0.0028,
    -0.0016,
    -0.0012,
    -0.0056,
    -0.0112,
    -0.0036,
    -0.01,
    -0.0024,
    -0.002,
    0.01,
    0.0104,
    0.006,
    -0.006,
    -0.0148,
    -0.01,
    -0.0036,
    -0.008,
    -0.014,
    -0.0136,
    -0.012,
    -0.0108,
    0.0012,
    0.0132,
    0.0136,
    0.0088,
    -0.0048,
    -0.006,
    -0.0096,
    -0.0056,
    -0.0024,
    0.0,
    0.002,
    0.006,
    0.006,
    0.0116,
    0.0068,
    0.0052,
    0.0024,
    0.0012,
    0.008,
    0.0092,
    0.01,
    0.0244,
    0.0236,
    0.0156,
    0.0044,
    0.0012,
    -0.006,
    0.0004,
    -0.0016,
    -0.0064,
    -0.016,
    -0.0292,
    -0.0284,
    -0.0224,
    -0.0224,
    -0.0192,
    -0.0156,
    -0.018,
    -0.0136,
    -0.0116,
    -0.0072,
    -0.0024,
    -0.0068,
    -0.0072,
    -0.0024,
    -0.006,
    -0.0088,
    -0.0136,
    -0.0204
  ],
  "smoothed": [
    0.07581523463110214,
    0.10513694940471696,
    0.1267086559488782,
    0.13792134162627723,
    0.1387647995282563,
    0.1314194670460633,
    0.11924078249837802,
    0.10557730603061259,
    0.0928648159710349,
    0.08226525634854888,
    0.07386027938826904,
    0.06718158913761127,
    0.061758152628028785,
    0.057414616838271613,
    0.054224848850342316,
    0.05221943252366124,
    0.051071292905175036,
    0.04998341690904921,
    0.0478838668547034,
    0.04385976902521108,
    0.03762213001690137,
    0.02975751009093671,
    0.02160987766629817,
    0.014805900885649672,
    0.010609114434024923,
    0.009380645946274364,
    0.01039106296620486,
    0.012081878521535049,
    0.012680914830156247,
    0.01092004509622105,
    0.006556468593765535,
    0.0004805637995473422,
    -0.005632164750301039,
    -0.009977497322614562,
    -0.011316398470096757,
    -0.009429818022630756,
    -0.005167615903115517,
    -9.794015381167753e-05,
    0.004077418829541144,
    0.006097715444904148,
    0.005493567408770312,
    0.0026140029570424737,
    -0.0016256272485872891,
    -0.006125883283203351,
    -0.009942268389668066,
    -0.012464791240152007,
    -0.013422516513546895,
    -0.012786567356931169,
    -0.010677952630211728,
    -0.007351833828898364,
    -0.003253063984699987,
    0.0009329039496484671,
    0.004330052468347434,
    0.006072923028202704,
    0.00561774361501775,
    0.0030354795065588823,
    -0.0008721213027279751,
    -0.004740452285916775,
    -0.007081136333930572,
    -0.0068445394625693545,
    -0.003874560389925481,
    0.0009591140299654778,
    0.0060459797557243355,
    0.009653772004928498,
    0.010640945283728274,
    0.008959849408830118,
    0.005717673721388547,
    0.0027417572111461275,
    0.001810929104404524,
    0.0038701199800302666,
    0.008568266448446651,
    0.014332672076283009,
    0.018966502604877068,
    0.02052711766111932,
    0.018113607915403233,
    0.012223287318061184,
    0.0045198783657311005,
    -0.002886848419888837,
    -0.00833239199207474,
    -0.01126244511158207,
    -0.01237181069714995,
    -0.01315334294330309,
    -0.015063445097739327,
    -0.018694114643890283,
    -0.0233516596229101,
    -0.027268327897263234,
    -0.028387278812287323,
    -0.02538870889690889,
    -0.018489374481299607,
    -0.0096165278504965,
    -0.001809422044782012,
    0.0019657298680999438,
    0.00013004828252023872,
    -0.006611598985995477,
    -0.01520158459354636,
    -0.021082313960103804,
    -0.019698850295748856,
    -0.008111873816931592,
    0.013876332038932456,
    0.043503291808079374
  ],
  "shape_matches": [
    {
      "shape": "Oedipus",
      "correlation": 0.8213
    },
    {
      "shape": "Tragedy",
      "correlation": 0.7101
    },
    {
      "shape": "Icarus",
      "correlation": -0.5184
    },
    {
      "shape": "Rags to Riches",
      "correlation": -0.7101
    },
    {
      "shape": "Man in a Hole",
      "correlation": -0.8195
    },
    {
      "shape": "Cinderella",
      "correlation": -0.8311
    }
  ],
  "best_shape": "Oedipus",
  "best_shape_correlation": 0.8213,
  "peaks": [
    {
      "sample": 4,
      "position": 0.04040404040404041,
      "smoothed": 0.1387647995282563,
      "word_offset": 6351,
      "read_time_min": 25.4,
      "driving_words": [
        {
          "word": "supreme",
          "score": 4.0
        },
        {
          "word": "heavenly",
          "score": 4.0
        },
        {
          "word": "win",
          "score": 4.0
        },
        {
          "word": "wonderful",
          "score": 4.0
        },
        {
          "word": "best",
          "score": 3.0
        },
        {
          "word": "impressed",
          "score": 3.0
        }
      ]
    },
    {
      "sample": 28,
      "position": 0.2828282828282828,
      "smoothed": 0.012680914830156247,
      "word_offset": 14460,
      "read_time_min": 57.8,
      "driving_words": [
        {
          "word": "wonderful",
          "score": 4.0
        },
        {
          "word": "wonderfully",
          "score": 4.0
        },
        {
          "word": "rejoice",
          "score": 4.0
        },
        {
          "word": "miracle",
          "score": 4.0
        },
        {
          "word": "perfectly",
          "score": 3.0
        },
        {
          "word": "good",
          "score": 3.0
        }
      ]
    },
    {
      "sample": 73,
      "position": 0.7373737373737373,
      "smoothed": 0.02052711766111932,
      "word_offset": 29664,
      "read_time_min": 118.7,
      "driving_words": [
        {
          "word": "fantastic",
          "score": 4.0
        },
        {
          "word": "triumph",
          "score": 4.0
        },
        {
          "word": "fabulous",
          "score": 4.0
        },
        {
          "word": "brilliant",
          "score": 4.0
        },
        {
          "word": "greater",
          "score": 3.0
        },
        {
          "word": "successfully",
          "score": 3.0
        }
      ]
    }
  ],
  "valleys": [
    {
      "sample": 46,
      "position": 0.46464646464646464,
      "smoothed": -0.013422516513546895,
      "word_offset": 20541,
      "read_time_min": 82.2,
      "driving_words": [
        {
          "word": "fraud",
          "score": -4.0
        },
        {
          "word": "died",
          "score": -3.0
        },
        {
          "word": "dreadful",
          "score": -3.0
        },
        {
          "word": "miserable",
          "score": -3.0
        },
        {
          "word": "despair",
          "score": -3.0
        },
        {
          "word": "worse",
          "score": -3.0
        }
      ]
    },
    {
      "sample": 86,
      "position": 0.8686868686868687,
      "smoothed": -0.028387278812287323,
      "word_offset": 34056,
      "read_time_min": 136.2,
      "driving_words": [
        {
          "word": "damned",
          "score": -4.0
        },
        {
          "word": "awful",
          "score": -3.0
        },
        {
          "word": "terrible",
          "score": -3.0
        },
        {
          "word": "miserable",
          "score": -3.0
        },
        {
          "word": "dumb",
          "score": -3.0
        },
        {
          "word": "bribed",
          "score": -3.0
        }
      ]
    },
    {
      "sample": 95,
      "position": 0.9595959595959596,
      "smoothed": -0.021082313960103804,
      "word_offset": 37097,
      "read_time_min": 148.4,
      "driving_words": [
        {
          "word": "betrayed",
          "score": -3.0
        },
        {
          "word": "evil",