{
  "status": "ok",
  "n_words": 293827,
  "window_size": 10000,
  "reliability": "high",
  "raw": [
    0.0772,
    0.0116,
    0.0284,
    0.0192,
    0.0516,
    0.06,
    0.0956,
    0.0764,
    0.0408,
    -0.018,
    -0.016,
    -0.0148,
    -0.0124,
    -0.0432,
    -0.0432,
    0.0048,
    0.0392,
    0.048,
    0.0564,
    0.0544,
    0.0344,
    -0.0156,
    -0.0472,
    0.01,
    0.0688,
    0.1184,
    0.1232,
    0.1032,
    0.048,
    0.0536,
    0.0096,
    0.0148,
    0.0124,
    0.0032,
    -0.0088,
    -0.0064,
    -0.0296,
    -0.0896,
    -0.1188,
    -0.108,
    -0.1008,
    -0.044,
    -0.024,
    -0.0324,
    -0.032,
    -0.0924,
    -0.1132,
    -0.1508,
    -0.1276,
    -0.1276,
    -0.1184,
    -0.1196,
    -0.1268,
    -0.1144,
    -0.1372,
    -0.0928,
    -0.0324,
    -0.0476,
    -0.042,
    -0.1132,
    -0.0904,
    -0.0608,
    -0.0648,
    -0.0412,
    -0.0676,
    -0.036,
    -0.0224,
    -0.0032,
    0.0416,
    0.0388,
    0.0812,
    0.0848,
    0.0968,
    0.0632,
    0.0464,
    0.0104,
    -0.0476,
    -0.06,
    -0.0716,
    -0.058,
    -0.0456,
    -0.0004,
    0.0184,
    0.0164,
    -0.0116,
    -0.0296,
    0.0044,
    0.0144,
    0.0272,
    -0.018,
    0.0136,
    -0.044,
    -0.0408,
    -0.0472,
    -0.0096,
    -0.0088,
    -0.044,
    -0.0316,
    -0.1128,
    -0.012
  ],
  "smoothed": [
    -0.003065145951045807,
    0.00933006222750092,
    0.02504971493075124,
    0.043468060412619795,
    0.061532397935666706,
    0.07427893976373492,
    0.07656391336991025,
    0.06536406707114761,
    0.041623135854938,
    0.010699583791072815,
    -0.01899254814900679,
    -0.03877919798821933,
    -0.042910120342487396,
    -0.03082380326596009,
    -0.007489547785692273,
    0.018415481279530972,
    0.03783127778756456,
    0.04482254745472563,
    0.03883683426844152,
    0.02477737214935577,
    0.010858044493489231,
    0.005134649039230664,
    0.01215776830962135,
    0.03112873516569002,
    0.056289118084288055,
    0.07931959233327877,
    0.09268145049316458,
    0.09246725501285821,
    0.0795882183739119,
    0.0588888694272215,
    0.03669853262230435,
    0.0179940603761267,
    0.004468501685369723,
    -0.005666309902114422,
    -0.01614633574060596,
    -0.03020505835028493,
    -0.048439873459189486,
    -0.0680673692352264,
    -0.0839749676617577,
    -0.0911162070988189,
    -0.08713898302706297,
    -0.07398626391067664,
    -0.05764176633175439,
    -0.046017645693961697,
    -0.04582668091647725,
    -0.05976496981910577,
    -0.08523115700927977,
    -0.11516434538964017,
    -0.14067830385914037,
    -0.15440374525788073,
    -0.153159668897221,
    -0.13888243223142502,
    -0.11750438886097163,
    -0.09634989697605295,
    -0.0812183598388994,
    -0.0743942399339343,
    -0.07434786256897252,
    -0.07709842354692074,
    -0.07846868920190073,
    -0.07610418627727525,
    -0.07030936760628353,
    -0.0633709643107146,
    -0.05779563439720167,
    -0.054425982027991274,
    -0.05146326206364025,
    -0.04498647908083365,
    -0.030821800183117167,
    -0.006929097635043895,
    0.02483985706536609,
    0.05853894403849044,
    0.08574753597140741,
    0.09846772903625578,
    0.09215676539996823,
    0.06764151225061214,
    0.031093862470163335,
    -0.007963740657533984,
    -0.03984752058380762,
    -0.057847200214022565,
    -0.06011362170081985,
    -0.0496566965650417,
    -0.03260547019523646,
    -0.015571522286812365,
    -0.0032511683221405885,
    0.0028045366760445357,
    0.003910672940693256,
    0.002805537005782327,
    0.0018634372453214076,
    0.0018459202395969166,
    0.0017262093468589756,
    -0.00044811266820989017,
    -0.0061980966090401735,
    -0.015514632715063002,
    -0.02659386720600513,
    -0.03652601823449169,
    -0.04255782696234799,
    -0.04325989519293774,
    -0.03899335232779868,
    -0.0314491586226244,
    -0.022531860890298603,
    -0.013219859662061144
  ],
  "shape_matches": [
    {
      "shape": "Oedipus",
      "correlation": 0.5587
    },
    {
      "shape": "Tragedy",
      "correlation": 0.2523
    },
    {
      "shape": "Rags to Riches",
      "correlation": -0.2523
    },
    {
      "shape": "Man in a Hole",
      "correlation": -0.4114
    },
    {
      "shape": "Icarus",
      "correlation": -0.4187
    },
    {
      "shape": "Cinderella",
      "correlation": -0.5525
    }
  ],
  "best_shape": "Oedipus",
  "best_shape_correlation": 0.5587,
  "peaks": [
    {
      "sample": 6,
      "position": 0.06060606060606061,
      "smoothed": 0.07656391336991025,
      "word_offset": 22202,
      "read_time_min": 88.8,
      "driving_words": [
        {
          "word": "fantastic",
          "score": 4.0
        },
        {
          "word": "wonderful",
          "score": 4.0
        },
        {
          "word": "terrific",
          "score": 4.0
        },
        {
          "word": "rejoiced",
          "score": 4.0
        },
        {
          "word": "delight",
          "score": 3.0
        },
        {
          "word": "succeeded",
          "score": 3.0
        }
      ]
    },
    {
      "sample": 26,
      "position": 0.26262626262626265,
      "smoothed": 0.09268145049316458,
      "word_offset": 79540,
      "read_time_min": 318.2,
      "driving_words": [
        {
          "word": "thrilled",
          "score": 5.0
        },
        {
          "word": "fantastic",
          "score": 4.0
        },
        {
          "word": "rejoiced",
          "score": 4.0
        },
        {
          "word": "win",
          "score": 4.0
        },
        {
          "word": "pleasant",
          "score": 3.0
        },
        {
          "word": "beauty",
          "score": 3.0
        }
      ]
    },
    {
      "sample": 71,
      "position": 0.7171717171717171,
      "smoothed": 0.09846772903625578,
      "word_offset": 208553,
      "read_time_min": 834.2,
      "driving_words": [
        {
          "word": "wonderful",
          "score": 4.0
        },
        {
          "word": "fantastic",
          "score": 4.0
        },
        {
          "word": "delight",
          "score": 3.0
        },
        {
          "word": "beauty",
          "score": 3.0
        },
        {
          "word": "won",
          "score": 3.0
        },
        {
          "word": "great",
          "score": 3.0
        }
      ]
    }
  ],
  "valleys": [
    {
      "sample": 39,
      "position": 0.3939393939393939,
      "smoothed": -0.0911162070988189,
      "word_offset": 116811,
      "read_time_min": 467.2,
      "driving_words": [
        {
          "word": "torture",
          "score": -4.0
        },
        {
          "word": "terrified",
          "score": -3.0
        },
        {
          "word": "agonizing",
          "score": -3.0
        },
        {
          "word": "terror",
          "score": -3.0
        },
        {
          "word": "cruel",
          "score": -3.0
        },
        {
          "word": "destroy",
          "score": -3.0
        }
      ]
    },
    {
      "sample": 49,
      "position": 0.494949494949495,
      "smoothed": -0.15440374525788073,
      "word_offset": 145480,
      "read_time_min": 581.9,
      "driving_words": [
        {
          "word": "torture",
          "score": -4.0
        },
        {
          "word": "die",
          "score": -3.0
        },
        {
          "word": "evil",
          "score": -3.0
        },
        {
          "word": "dreadful",
          "score": -3.0
        },
        {
          "word": "horrible",
          "score": -3.0
        },
        {
          "word": "desperate",
          "score": -3.0
        }
      ]
    },
    {
      "sample": 58,
      "position": 0.5858585858585859,
      "smoothed": -0.07846868920190073,
      "word_offset": 171282,
      "read_time_min": 685.1,
      "driving_words": [
        {
          "word": "cock",
          "score": -5.0
        },
        {
          "word": "torturing",