{
  "status": "ok",
  "n_words": 77192,
  "window_size": 10000,
  "reliability": "high",
  "raw": [
    0.1456,
    0.154,
    0.1584,
    0.1552,
    0.1532,
    0.152,
    0.1772,
    0.2036,
    0.1944,
    0.1704,
    0.1648,
    0.1708,
    0.1724,
    0.1632,
    0.182,
    0.2112,
    0.2064,
    0.198,
    0.1792,
    0.164,
    0.1456,
    0.1316,
    0.1244,
    0.1324,
    0.1128,
    0.1068,
    0.104,
    0.1084,
    0.1052,
    0.1056,
    0.098,
    0.1044,
    0.1156,
    0.1332,
    0.1512,
    0.152,
    0.1432,
    0.1384,
    0.1384,
    0.154,
    0.1576,
    0.1564,
    0.1508,
    0.1524,
    0.142,
    0.1376,
    0.1448,
    0.1344,
    0.1296,
    0.1292,
    0.1388,
    0.1604,
    0.166,
    0.1548,
    0.142,
    0.1332,
    0.146,
    0.1448,
    0.146,
    0.16,
    0.1636,
    0.156,
    0.1292,
    0.1496,
    0.1496,
    0.144,
    0.1464,
    0.132,
    0.13,
    0.1364,
    0.1444,
    0.1388,
    0.158,
    0.162,
    0.1552,
    0.1344,
    0.1324,
    0.1292,
    0.1248,
    0.12,
    0.1092,
    0.102,
    0.1212,
    0.116,
    0.1352,
    0.1292,
    0.1124,
    0.1084,
    0.0996,
    0.1236,
    0.13,
    0.1208,
    0.12,
    0.0952,
    0.0756,
    0.0612,
    0.0328,
    0.0168,
    0.0092,
    0.0084
  ],
  "smoothed": [
    0.08678100515500539,
    0.11829320462778373,
    0.14669478229685606,
    0.16792457069876107,
    0.1801725353852923,
    0.18396382066676265,
    0.18160340742183967,
    0.1762547306063081,
    0.1709841620648445,
    0.1680402608601618,
    0.16850013387324111,
    0.17227174652339514,
    0.1783450438316416,
    0.18515806265891777,
    0.19097333779186307,
    0.19421008724225605,
    0.19371465130205992,
    0.18895950393563624,
    0.18014763572339137,
    0.1681873201515921,
    0.1545141193897666,
    0.14077818937016814,
    0.12846997374778915,
    0.11859704035660575,
    0.11152246491675392,
    0.107022734275253,
    0.10453812740408756,
    0.1035076545425157,
    0.10364268984717705,
    0.10501969967110338,
    0.10795462838348621,
    0.1127236766718898,
    0.11926986417157757,
    0.12704529307661364,
    0.1350780696393136,
    0.14224719645402872,
    0.14764780374386138,
    0.1508817461959779,
    0.1521395118949466,
    0.15203607772368452,
    0.15128082244237423,
    0.15034307954066248,
    0.14927902358645878,
    0.14780728828761525,
    0.1455953331902008,
    0.14260636608111027,
    0.13931447352994228,
    0.13664896708690957,
    0.13565763370705974,
    0.13702395257841685,
    0.14066453572218454,
    0.14562058781179474,
    0.15033829997431133,
    0.15325621474425877,
    0.15346265341242968,
    0.15112886939096598,
    0.14749891104876905,
    0.14440084114569274,
    0.143459342400139,
    0.14534011712394557,
    0.14936834912727068,
    0.15372166182173472,
    0.15615605529316023,
    0.1549832690961822,
    0.14988708858579783,
    0.14220885295315155,
    0.13453979966062274,
    0.1297477372007304,
    0.12981559157118894,
    0.1349693088674018,
    0.14347288968952385,
    0.1522040890169347,
    0.1578028662442907,
    0.15794125224455857,
    0.15220337627131594,
    0.14221743937538914,
    0.13098656412540258,
    0.12169587852565583,
    0.11648942747004115,
    0.11571998253060445,
    0.11797210356055914,
    0.12082885094473281,
    0.12203522144472674,
    0.12054213510993922,
    0.11696680894120409,
    0.11325791457169782,
    0.11170075595734037,
    0.11369171427104259,
    0.11882662588558063,
    0.12473332412291718,
    0.12777919992643758,
    0.12442260604145088,
    0.11270084835248075,
    0.09327073897339265,
    0.06957212327008085,
    0.04700893171953507,
    0.03140781343552619,
    0.027279247546235483,
    0.036471514188785435,
    0.057656164965920915
  ],
  "shape_matches": [
    {
      "shape": "Tragedy",
      "correlation": 0.5778
    },
    {
      "shape": "Icarus",
      "correlation": 0.2733
    },
    {
      "shape": "Oedipus",
      "correlation": 0.2022
    },
    {
      "shape": "Cinderella",
      "correlation": -0.227
    },
    {
      "shape": "Man in a Hole",
      "correlation": -0.3734
    },
    {
      "shape": "Rags to Riches",
      "correlation": -0.5778
    }
  ],
  "best_shape": "Tragedy",
  "best_shape_correlation": 0.5778,
  "peaks": [
    {
      "sample": 5,
      "position": 0.050505050505050504,
      "smoothed": 0.18396382066676265,
      "word_offset": 8394,
      "read_time_min": 33.6,
      "driving_words": [
        {
          "word": "triumphant",
          "score": 4.0
        },
        {
          "word": "brilliant",
          "score": 4.0
        },
        {
          "word": "win",
          "score": 4.0
        },
        {
          "word": "fun",
          "score": 4.0
        },
        {
          "word": "pleased",
          "score": 3.0
        },
        {
          "word": "great",
          "score": 3.0
        }
      ]
    },
    {
      "sample": 15,
      "position": 0.15151515151515152,
      "smoothed": 0.19421008724225605,
      "word_offset": 15181,
      "read_time_min": 60.7,
      "driving_words": [
        {
          "word": "fun",
          "score": 4.0
        },
        {
          "word": "brilliant",
          "score": 4.0
        },
        {
          "word": "win",
          "score": 4.0
        },
        {
          "word": "wonderful",
          "score": 4.0
        },
        {
          "word": "popular",
          "score": 3.0
        },
        {
          "word": "pleasant",
          "score": 3.0
        }
      ]
    },
    {
      "sample": 73,
      "position": 0.7373737373737373,
      "smoothed": 0.15794125224455857,
      "word_offset": 54546,
      "read_time_min": 218.2,
      "driving_words": [
        {
          "word": "superb",
          "score": 5.0
        },
        {
          "word": "brilliant",
          "score": 4.0
        },
        {
          "word": "rejoiced",
          "score": 4.0
        },
        {
          "word": "loyalty",
          "score": 3.0
        },
        {
          "word": "victor",
          "score": 3.0
        },
        {
          "word": "great",
          "score": 3.0
        }
      ]
    }
  ],
  "valleys": [
    {
      "sample": 27,
      "position": 0.2727272727272727,
      "smoothed": 0.1035076545425157,
      "word_offset": 23325,
      "read_time_min": 93.3,
      "driving_words": [
        {
          "word": "terrible",
          "score": -3.0
        },
        {
          "word": "violence",
          "score": -3.0
        },
        {
          "word": "bad",
          "score": -3.0
        },
        {
          "word": "crime",
          "score": -3.0
        },
        {
          "word": "dying",
          "score": -3.0
        },
        {
          "word": "selfish",
          "score": -3.0
        }
      ]
    },
    {
      "sample": 86,
      "position": 0.8686868686868687,
      "smoothed": 0.11170075595734037,
      "word_offset": 63369,
      "read_time_min": 253.5,
      "driving_words": [
        {
          "word": "torture",
          "score": -4.0
        },
        {
          "word": "lost",
          "score": -3.0
        },
        {
          "word": "despair",
          "score": -3.0
        },
        {
          "word": "terrible",
          "score": -3.0
        },
        {
          "word": "betray",
          "score": -3.0
        },
        {
          "word": "fatality",
          "score": -3.0
        }
      ]
    },
    {
      "sample": 97,
      "position": 0.9797979797979798,
      "smoothed": 0.027279247546235483,
      "word_offset": 70835,
      "read_time_min": 283.3,
      "driving_words": [
        {
          "word": "torture",
          "score": -4.0
        },
        {
          "word": "tortured",
          "score": -4.0
        },
        {
          "word": "dying",
          "score": -3.0
        },
        {
          "word": "selfishness",