{
  "status": "ok",
  "n_words": 153963,
  "window_size": 10000,
  "reliability": "high",
  "raw": [
    0.1744,
    0.158,
    0.1824,
    0.164,
    0.1592,
    0.154,
    0.1752,
    0.1744,
    0.2076,
    0.1816,
    0.1748,
    0.1704,
    0.166,
    0.1592,
    0.1924,
    0.1848,
    0.1912,
    0.1688,
    0.168,
    0.1496,
    0.1216,
    0.0744,
    0.062,
    0.0656,
    0.0724,
    0.0956,
    0.1188,
    0.1252,
    0.1176,
    0.1592,
    0.1268,
    0.1128,
    0.0668,
    0.058,
    0.0504,
    0.082,
    0.0584,
    0.0672,
    0.0416,
    0.0464,
    0.0324,
    0.0424,
    0.02,
    0.004,
    0.046,
    0.0644,
    0.072,
    0.1104,
    0.0844,
    0.09,
    0.0696,
    0.0252,
    0.0352,
    0.0504,
    0.0152,
    0.0288,
    0.0188,
    0.008,
    -0.0416,
    -0.0844,
    -0.1236,
    -0.14,
    -0.1336,
    -0.1144,
    -0.0844,
    -0.0244,
    0.0024,
    0.0132,
    0.0176,
    0.022,
    0.0472,
    0.0252,
    0.0056,
    0.0376,
    0.0816,
    0.0968,
    0.1112,
    0.0976,
    0.1556,
    0.1764,
    0.1496,
    0.1236,
    0.11,
    0.0836,
    0.0552,
    0.022,
    0.0208,
    0.0248,
    0.0176,
    -0.0072,
    -0.0184,
    -0.0584,
    -0.0732,
    -0.0632,
    -0.0556,
    -0.0296,
    0.0256,
    0.0792,
    0.1316,
    0.1624
  ],
  "smoothed": [
    0.1748090404385502,
    0.1788428333514619,
    0.1731424561920394,
    0.16461784495401577,
    0.15943559564568627,
    0.16083619017804168,
    0.1682762259996519,
    0.1781786500673778,
    0.1859053913594917,
    0.18806037094281888,
    0.18410262023359508,
    0.17655840586648056,
    0.1697410029921108,
    0.1675540391983064,
    0.17137991527379995,
    0.1790475381729853,
    0.18542552214380187,
    0.18448144746343278,
    0.1719848297183993,
    0.14770121616040902,
    0.11608172893088314,
    0.08504521254446733,
    0.06323905894616712,
    0.056819743952558247,
    0.06703404838214176,
    0.08959552870487651,
    0.11614677577386155,
    0.13726246782781468,
    0.14582608265861394,
    0.1394633265394756,
    0.12110136356512462,
    0.09748536134759178,
    0.07630687674932181,
    0.06314245895151359,
    0.05944426536670683,
    0.06235655016612959,
    0.06635484878010416,
    0.06594702524396086,
    0.05825254019947725,
    0.04435860029412294,
    0.028894969207279998,
    0.018036292017439594,
    0.016805149605450688,
    0.026833186602688866,
    0.045528957544652464,
    0.06699621611099281,
    0.08430639988499532,
    0.09216685732790765,
    0.08887418554910438,
    0.07675611000943736,
    0.06094623735641037,
    0.0470313496031052,
    0.038571684685225475,
    0.03553535362703104,
    0.03430035406989019,
    0.02922870484872359,
    0.015175925959899859,
    -0.010076636931474613,
    -0.044446072369576727,
    -0.08179071973794269,
    -0.11370673440287078,
    -0.13222686153404226,
    -0.13244530619663714,
    -0.11414040619361243,
    -0.08185019452782909,
    -0.04341541859508975,
    -0.007527627384572746,
    0.018875547573684443,
    0.032527654232685256,
    0.03450302962029492,
    0.029516132347457806,
    0.024163714571335416,
    0.024718667751547654,
    0.03516569777545617,
    0.05603858039696426,
    0.08434141140008207,
    0.11450758249176944,
    0.140063796882761,
    0.15549084959166487,
    0.157741796676186,
    0.14699054856047794,
    0.12640901730692805,
    0.1010537951221928,
    0.07621219571505311,
    0.055735852003080295,
    0.040915509026226524,
    0.030297529347311312,
    0.020540118774303357,
    0.00804195643806061,
    -0.009228379610479944,
    -0.03039674302361328,
    -0.051409377860658946,
    -0.06603206336285508,
    -0.0678615621094959,
    -0.05267336016533396,
    -0.02024139322626464,
    0.025100869789070633,
    0.07545940328566522,
    0.12166403014856979,
    0.1560606351159144
  ],
  "shape_matches": [
    {
      "shape": "Oedipus",
      "correlation": 0.6994
    },
    {
      "shape": "Tragedy",
      "correlation": 0.584
    },
    {
      "shape": "Icarus",
      "correlation": -0.3912
    },
    {
      "shape": "Rags to Riches",
      "correlation": -0.584
    },
    {
      "shape": "Man in a Hole",
      "correlation": -0.7001
    },
    {
      "shape": "Cinderella",
      "correlation": -0.7065
    }
  ],
  "best_shape": "Oedipus",
  "best_shape_correlation": 0.6994,
  "peaks": [
    {
      "sample": 1,
      "position": 0.010101010101010102,
      "smoothed": 0.1788428333514619,
      "word_offset": 6454,
      "read_time_min": 25.8,
      "driving_words": [
        {
          "word": "brilliant",
          "score": 4.0
        },
        {
          "word": "wonderful",
          "score": 4.0
        },
        {
          "word": "winning",
          "score": 4.0
        },
        {
          "word": "fun",
          "score": 4.0
        },
        {
          "word": "win",
          "score": 4.0
        },
        {
          "word": "supreme",
          "score": 4.0
        }
      ]
    },
    {
      "sample": 9,
      "position": 0.09090909090909091,
      "smoothed": 0.18806037094281888,
      "word_offset": 18088,
      "read_time_min": 72.4,
      "driving_words": [
        {
          "word": "rejoicing",
          "score": 4.0
        },
        {
          "word": "brilliant",
          "score": 4.0
        },
        {
          "word": "funny",
          "score": 4.0
        },
        {
          "word": "wonderful",
          "score": 4.0
        },
        {
          "word": "win",
          "score": 4.0
        },
        {
          "word": "wonderfully",
          "score": 4.0
        }
      ]
    },
    {
      "sample": 16,
      "position": 0.16161616161616163,
      "smoothed": 0.18542552214380187,
      "word_offset": 28267,
      "read_time_min": 113.1,
      "driving_words": [
        {
          "word": "superb",
          "score": 5.0
        },
        {
          "word": "brilliant",
          "score": 4.0
        },
        {
          "word": "funny",
          "score": 4.0
        },
        {
          "word": "winning",
          "score": 4.0
        },
        {
          "word": "wonderful",
          "score": 4.0
        },
        {
          "word": "love",
          "score": 3.0
        }
      ]
    }
  ],
  "valleys": [
    {
      "sample": 42,
      "position": 0.42424242424242425,
      "smoothed": 0.016805149605450688,
      "word_offset": 66075,
      "read_time_min": 264.3,
      "driving_words": [
        {
          "word": "selfish",
          "score": -3.0
        },
        {
          "word": "cruelty",
          "score": -3.0
        },
        {
          "word": "terrible",
          "score": -3.0
        },
        {
          "word": "despairing",
          "score": -3.0
        },
        {
          "word": "dead",
          "score": -3.0
        },
        {
          "word": "betray",
          "score": -3.0
        }
      ]
    },
    {
      "sample": 62,
      "position": 0.6262626262626263,
      "smoothed": -0.13244530619663714,
      "word_offset": 95159,
      "read_time_min": 380.6,
      "driving_words": [
        {
          "word": "hell",
          "score": -4.0
        },
        {
          "word": "lost",
          "score": -3.0
        },
        {
          "word": "died",
          "score": -3.0
        },
        {
          "word": "inexorable",
          "score": -3.0
        },
        {
          "word": "terrible",
          "score": -3.0
        },
        {
          "word": "fatal",
          "score": -3.0
        }
      ]
    },
    {
      "sample": 93,
      "position": 0.9393939393939394,
      "smoothed": -0.0678615621094959,
      "word_offset": 140238,
      "read_time_min": 561.0,
      "driving_words": [
        {
          "word": "hell",
          "score": -4.0
        },
        {
          "word": "bad",
          "score": -3.0
        },
        {
          "word": "slave",