{
  "status": "ok",
  "n_words": 49967,
  "window_size": 10000,
  "reliability": "high",
  "raw": [
    0.0244,
    0.0176,
    0.0184,
    0.0184,
    0.0152,
    0.0152,
    0.0128,
    0.0096,
    0.0232,
    0.0348,
    0.0432,
    0.0416,
    0.0508,
    0.038,
    0.0344,
    0.0432,
    0.042,
    0.0428,
    0.038,
    0.0388,
    0.0292,
    0.0332,
    0.0364,
    0.0432,
    0.0564,
    0.0592,
    0.0628,
    0.0584,
    0.0508,
    0.0564,
    0.0508,
    0.0476,
    0.0468,
    0.0388,
    0.0456,
    0.0304,
    0.0344,
    0.0388,
    0.05,
    0.0508,
    0.0456,
    0.0564,
    0.058,
    0.0584,
    0.0584,
    0.0668,
    0.0732,
    0.0708,
    0.0688,
    0.0552,
    0.0616,
    0.0564,
    0.0484,
    0.0384,
    0.048,
    0.0544,
    0.0528,
    0.05,
    0.0408,
    0.03,
    0.0404,
    0.0364,
    0.0248,
    0.022,
    0.018,
    0.034,
    0.0296,
    0.0184,
    0.0096,
    0.004,
    -0.0156,
    -0.0168,
    -0.03,
    -0.0328,
    -0.0308,
    -0.0336,
    -0.0216,
    0.002,
    0.0072,
    0.0016,
    0.0044,
    0.0004,
    0.0004,
    0.0008,
    0.0112,
    0.0096,
    0.0104,
    0.0092,
    -0.0056,
    -0.012,
    -0.0196,
    -0.0148,
    -0.0088,
    0.0,
    0.0072,
    0.01,
    0.0116,
    -0.0004,
    0.0036,
    0.0052
  ],
  "smoothed": [
    0.013449912518570212,
    0.014443681703500806,
    0.015330221374662962,
    0.015886067248080043,
    0.016087822094927547,
    0.016263865947804098,
    0.017048873948458002,
    0.019141630103375204,
    0.022967873414051976,
    0.028404958951931653,
    0.03470698611373787,
    0.04068509391707556,
    0.04508589839235643,
    0.047022423586560766,
    0.046286445668246606,
    0.04341993271704636,
    0.03952354423903083,
    0.035886610377599,
    0.033588857119112324,
    0.0332225435224274,
    0.034819344369243214,
    0.037972151310683114,
    0.042062680202681904,
    0.046476464323202966,
    0.05071681884647749,
    0.05439888673657303,
    0.05717576733637883,
    0.058683920522594024,
    0.05857708418896478,
    0.05665756310815777,
    0.0530442335794975,
    0.04827681924667241,
    0.0432703196716767,
    0.03909871492494654,
    0.036672924058178964,
    0.03644127677726251,
    0.0382467038070648,
    0.041415195581509884,
    0.04504881358093725,
    0.04840000384172798,
    0.051159408651729826,
    0.05352191912217083,
    0.05599480445527725,
    0.059034129663245186,
    0.0626842087945162,
    0.06640505191006738,
    0.069194712741237,
    0.06997843692821576,
    0.06810469175547587,
    0.06372189999292358,
    0.057844568397695,
    0.05204420467662618,
    0.04786662889781313,
    0.04620940200921396,
    0.046928810697048975,
    0.04886311438757915,
    0.0502877648879818,
    0.04963036541925219,
    0.04615059657741341,
    0.040290364940561006,
    0.03352763423662072,
    0.027773415508428236,
    0.024549046389488183,
    0.024284707480458582,
    0.026042531297534036,
    0.027800545199056274,
    0.027204591766462435,
    0.022499505930895593,
    0.013270784350829526,
    0.0006983949258045108,
    -0.012783093521589049,
    -0.024288686084815204,
    -0.03144112211335217,
    -0.03311941842557623,
    -0.029727828383532044,
    -0.02291364971016571,
    -0.014880865190717222,
    -0.007594889846142002,
    -0.00219382239452262,
    0.001188369275273482,
    0.0031684414180773546,
    0.004593123509300412,
    0.006012495728852095,
    0.007387639947290572,
    0.008147811139618067,
    0.007544519048020568,
    0.005115535621947951,
    0.0010289524009665563,
    -0.003859244308939143,
    -0.008264234122648338,
    -0.010933178516332947,
    -0.011104756033040522,
    -0.008770399325104174,
    -0.004633845386520479,
    0.0001988771128844058,
    0.004652199739505,
    0.008046403965553115,
    0.010249698907381553,
    0.011578080345777867,
    0.012521714237938542
  ],
  "shape_matches": [
    {
      "shape": "Tragedy",
      "correlation": 0.5504
    },
    {
      "shape": "Icarus",
      "correlation": 0.5088
    },
    {
      "shape": "Cinderella",
      "correlation": 0.0464
    },
    {
      "shape": "Oedipus",
      "correlation": -0.0799
    },
    {
      "shape": "Man in a Hole",
      "correlation": -0.3231
    },
    {
      "shape": "Rags to Riches",
      "correlation": -0.5504
    }
  ],
  "best_shape": "Tragedy",
  "best_shape_correlation": 0.5504,
  "peaks": [
    {
      "sample": 27,
      "position": 0.2727272727272727,
      "smoothed": 0.058683920522594024,
      "word_offset": 15900,
      "read_time_min": 63.6,
      "driving_words": [
        {
          "word": "triumph",
          "score": 4.0
        },
        {
          "word": "win",
          "score": 4.0
        },
        {
          "word": "funny",
          "score": 4.0
        },
        {
          "word": "amazing",
          "score": 4.0
        },
        {
          "word": "triumphant",
          "score": 4.0
        },
        {
          "word": "fantastic",
          "score": 4.0
        }
      ]
    },
    {
      "sample": 47,
      "position": 0.47474747474747475,
      "smoothed": 0.06997843692821576,
      "word_offset": 23974,
      "read_time_min": 95.9,
      "driving_words": [
        {
          "word": "funny",
          "score": 4.0
        },
        {
          "word": "ecstatic",
          "score": 4.0
        },
        {
          "word": "fun",
          "score": 4.0
        },
        {
          "word": "fantastic",
          "score": 4.0
        },
        {
          "word": "nice",
          "score": 3.0
        },
        {
          "word": "startling",
          "score": 3.0
        }
      ]
    },
    {
      "sample": 56,
      "position": 0.5656565656565656,
      "smoothed": 0.0502877648879818,
      "word_offset": 27608,
      "read_time_min": 110.4,
      "driving_words": [
        {
          "word": "ecstatic",
          "score": 4.0
        },
        {
          "word": "funny",
          "score": 4.0
        },
        {
          "word": "fun",
          "score": 4.0
        },
        {
          "word": "fantastic",
          "score": 4.0
        },
        {
          "word": "nice",
          "score": 3.0
        },
        {
          "word": "happy",
          "score": 3.0
        }
      ]
    }
  ],
  "valleys": [
    {
      "sample": 63,
      "position": 0.6363636363636364,
      "smoothed": 0.024284707480458582,
      "word_offset": 30434,
      "read_time_min": 121.7,
      "driving_words": [
        {
          "word": "hell",
          "score": -4.0
        },
        {
          "word": "lost",
          "score": -3.0
        },
        {
          "word": "dead",
          "score": -3.0
        },
        {
          "word": "hysterical",
          "score": -3.0
        },
        {
          "word": "died",
          "score": -3.0
        },
        {
          "word": "violence",
          "score": -3.0
        }
      ]
    },
    {
      "sample": 73,
      "position": 0.7373737373737373,
      "smoothed": -0.03311941842557623,
      "word_offset": 34471,
      "read_time_min": 137.9,
      "driving_words": [
        {
          "word": "bitch",
          "score": -5.0
        },
        {
          "word": "hell",
          "score": -4.0
        },
        {
          "word": "damned",
          "score": -4.0
        },
        {
          "word": "awful",
          "score": -3.0
        },
        {
          "word": "suck",
          "score": -3.0
        },
        {
          "word": "lost",
          "score": -3.0
        }
      ]
    },
    {
      "sample": 91,
      "position": 0.9191919191919192,
      "smoothed": -0.011104756033040522,
      "word_offset": 41737,
      "read_time_min": 166.9,
      "driving_words": [
        {
          "word": "bitch",
          "score": -5.0
        },
        {
          "word": "damned",
          "score": -4.0
        },
        {
          "word": "hell",