{
  "status": "ok",
  "n_words": 148560,
  "window_size": 10000,
  "reliability": "high",
  "raw": [
    0.0196,
    -0.0004,
    0.0124,
    0.0096,
    0.0052,
    0.0112,
    0.028,
    0.044,
    0.0704,
    0.0564,
    0.0528,
    0.0608,
    0.0616,
    0.0384,
    0.0188,
    0.0448,
    0.0584,
    0.0628,
    0.0624,
    0.0616,
    0.0832,
    0.104,
    0.1036,
    0.0848,
    0.0816,
    0.0832,
    0.0608,
    0.0364,
    0.0056,
    -0.0204,
    -0.0544,
    -0.0768,
    -0.0744,
    -0.0664,
    -0.0508,
    -0.0128,
    -0.0088,
    0.0224,
    0.02,
    0.02,
    0.0348,
    0.034,
    0.0208,
    0.0248,
    0.0048,
    0.0068,
    0.0024,
    -0.0268,
    -0.0484,
    -0.0752,
    -0.0736,
    -0.0472,
    -0.0188,
    -0.0324,
    -0.0112,
    0.0124,
    0.0356,
    0.0596,
    0.0768,
    0.0796,
    0.0616,
    0.07,
    0.0228,
    0.0376,
    0.0452,
    0.0252,
    -0.0028,
    0.05,
    0.0384,
    0.0716,
    0.0828,
    0.0332,
    0.0268,
    0.074,
    0.0296,
    0.0412,
    0.0516,
    0.0256,
    0.0552,
    0.022,
    -0.018,
    -0.0016,
    -0.0324,
    -0.0848,
    -0.058,
    -0.0532,
    -0.0028,
    0.0408,
    0.0484,
    0.0936,
    0.1508,
    0.1464,
    0.1272,
    0.1068,
    0.0972,
    0.0828,
    0.0504,
    0.0356,
    0.0304,
    0.0296
  ],
  "smoothed": [
    0.017722548250118396,
    0.00975515882793091,
    0.0037523399277849577,
    0.002184533144908358,
    0.006746668521835149,
    0.017323106395194656,
    0.03173162083145352,
    0.046371479817741326,
    0.05749940603691955,
    0.06258953519738299,
    0.06121111417688398,
    0.05508077368131575,
    0.04730744288400191,
    0.041183743917989526,
    0.039042500919945676,
    0.04162723077891789,
    0.048164683199576806,
    0.05700278152056875,
    0.06643904738658855,
    0.0753174128548263,
    0.08312790019559158,
    0.0896215388968395,
    0.09421496748532543,
    0.09557833523774256,
    0.09171832172191888,
    0.08062278616759924,
    0.061239946397255496,
    0.03436261688278718,
    0.002976432368160995,
    -0.02817632513204187,
    -0.053748018897629216,
    -0.06927724753574578,
    -0.07248635158307458,
    -0.06390823022165643,
    -0.046618556055811285,
    -0.025191281701167495,
    -0.004283803848032164,
    0.012623895076750458,
    0.023906750811172134,
    0.029718992246909295,
    0.03130483833385224,
    0.030063715777907677,
    0.026797342653004562,
    0.02144315921995186,
    0.013358817679062654,
    0.001975657976556213,
    -0.012510115971085888,
    -0.02873665798163138,
    -0.04425315688777061,
    -0.056053859014000694,
    -0.061368664457293026,
    -0.05842665068148261,
    -0.04694499369175011,
    -0.028218719015495074,
    -0.004832369130543078,
    0.01987949257612148,
    0.04246217980642662,
    0.05993016039828808,
    0.07024061114263,
    0.07261738551699672,
    0.06769847449238267,
    0.05746465415856292,
    0.04490323471693593,
    0.03340066148552187,
    0.02594672281444884,
    0.024339879720067407,
    0.028650525900384465,
    0.037172738454167686,
    0.046957006816574116,
    0.05480275189122721,
    0.05838350179666759,
    0.05707646241494489,
    0.052136978632453285,
    0.04609327404326404,
    0.0415567945148158,
    0.039917348347827585,
    0.0404930515841124,
    0.040568383455818466,
    0.036413351432586095,
    0.024959928839748017,
    0.005491242713774309,
    -0.019379109194001362,
    -0.04394144442413953,
    -0.06089435690406392,
    -0.06366859657631607,
    -0.04875921277703792,
    -0.017195671854508127,
    0.025438852942540963,
    0.07050512711415749,
    0.10882552526122144,
    0.1333436558671456,
    0.1410009667660741,
    0.13321173857950808,
    0.11485441241813699,
    0.0922489243777502,
    0.0709384000444248,
    0.05410732084206792,
    0.042154494252923815,
    0.03343861045268028,
    0.025739423550627034
  ],
  "shape_matches": [
    {
      "shape": "Oedipus",
      "correlation": 0.216
    },
    {
      "shape": "Rags to Riches",
      "correlation": 0.0973
    },
    {
      "shape": "Man in a Hole",
      "correlation": -0.0606
    },
    {
      "shape": "Tragedy",
      "correlation": -0.0973
    },
    {
      "shape": "Cinderella",
      "correlation": -0.2028
    },
    {
      "shape": "Icarus",
      "correlation": -0.3229
    }
  ],
  "best_shape": "Oedipus",
  "best_shape_correlation": 0.216,
  "peaks": [
    {
      "sample": 23,
      "position": 0.23232323232323232,
      "smoothed": 0.09557833523774256,
      "word_offset": 37191,
      "read_time_min": 148.8,
      "driving_words": [
        {
          "word": "wonderful",
          "score": 4.0
        },
        {
          "word": "funny",
          "score": 4.0
        },
        {
          "word": "fun",
          "score": 4.0
        },
        {
          "word": "triumph",
          "score": 4.0
        },
        {
          "word": "great",
          "score": 3.0
        },
        {
          "word": "perfection",
          "score": 3.0
        }
      ]
    },
    {
      "sample": 59,
      "position": 0.5959595959595959,
      "smoothed": 0.07261738551699672,
      "word_offset": 87576,
      "read_time_min": 350.3,
      "driving_words": [
        {
          "word": "wonderful",
          "score": 4.0
        },
        {
          "word": "terrific",
          "score": 4.0
        },
        {
          "word": "fun",
          "score": 4.0
        },
        {
          "word": "brilliant",
          "score": 4.0
        },
        {
          "word": "fantastic",
          "score": 4.0
        },
        {
          "word": "good",
          "score": 3.0
        }
      ]
    },
    {
      "sample": 91,
      "position": 0.9191919191919192,
      "smoothed": 0.1410009667660741,
      "word_offset": 132363,
      "read_time_min": 529.5,
      "driving_words": [
        {
          "word": "superb",
          "score": 5.0
        },
        {
          "word": "amazing",
          "score": 4.0
        },
        {
          "word": "wonderful",
          "score": 4.0
        },
        {
          "word": "rejoices",
          "score": 4.0
        },
        {
          "word": "brilliant",
          "score": 4.0
        },
        {
          "word": "sparkling",
          "score": 3.0
        }
      ]
    }
  ],
  "valleys": [
    {
      "sample": 32,
      "position": 0.32323232323232326,
      "smoothed": -0.07248635158307458,
      "word_offset": 49787,
      "read_time_min": 199.1,
      "driving_words": [
        {
          "word": "bastard",
          "score": -5.0
        },
        {
          "word": "tortures",
          "score": -4.0
        },
        {
          "word": "fraudulent",
          "score": -4.0
        },
        {
          "word": "idiotic",
          "score": -3.0
        },
        {
          "word": "bad",
          "score": -3.0
        },
        {
          "word": "hideous",
          "score": -3.0
        }
      ]
    },
    {
      "sample": 50,
      "position": 0.5050505050505051,
      "smoothed": -0.061368664457293026,
      "word_offset": 74980,
      "read_time_min": 299.9,
      "driving_words": [
        {
          "word": "'nigger'",
          "score": -5.0
        },
        {
          "word": "hell",
          "score": -4.0
        },
        {
          "word": "torture",
          "score": -4.0
        },
        {
          "word": "awful",
          "score": -3.0
        },
        {
          "word": "disastrous",
          "score": -3.0
        },
        {
          "word": "terrible",
          "score": -3.0
        }
      ]
    },
    {
      "sample": 84,
      "position": 0.8484848484848485,
      "smoothed": -0.06366859657631607,
      "word_offset": 122566,
      "read_time_min": 490.3,
      "driving_words": [
        {
          "word": "ass",
          "score": -4.0
        },
        {
          "word": "damned",