{
  "status": "ok",
  "n_words": 100817,
  "window_size": 10000,
  "reliability": "high",
  "raw": [
    0.152,
    0.148,
    0.1424,
    0.1516,
    0.1476,
    0.1512,
    0.1572,
    0.1628,
    0.1772,
    0.1572,
    0.1484,
    0.1656,
    0.1832,
    0.1752,
    0.1608,
    0.1536,
    0.1304,
    0.1296,
    0.1296,
    0.1064,
    0.1044,
    0.1096,
    0.0956,
    0.1,
    0.0992,
    0.098,
    0.0764,
    0.104,
    0.084,
    0.0916,
    0.0904,
    0.0984,
    0.108,
    0.1,
    0.1008,
    0.0872,
    0.0916,
    0.0928,
    0.08,
    0.1008,
    0.0904,
    0.1128,
    0.1224,
    0.1144,
    0.094,
    0.098,
    0.1084,
    0.1224,
    0.114,
    0.1176,
    0.0856,
    0.088,
    0.0664,
    0.0384,
    0.0276,
    0.0376,
    0.0176,
    0.03,
    0.0368,
    0.0524,
    0.0656,
    0.1088,
    0.1048,
    0.1124,
    0.1304,
    0.1292,
    0.1432,
    0.1468,
    0.1408,
    0.1352,
    0.1348,
    0.1184,
    0.0796,
    0.076,
    0.07,
    0.0352,
    0.0524,
    0.0596,
    0.0392,
    0.0576,
    0.0316,
    0.0308,
    0.0268,
    0.0192,
    0.046,
    0.0452,
    0.094,
    0.0896,
    0.0628,
    0.0828,
    0.0656,
    0.0904,
    0.0628,
    0.0544,
    0.07,
    0.0648,
    0.1224,
    0.1444,
    0.1724,
    0.2256
  ],
  "smoothed": [
    0.17334686632415147,
    0.16541970773352496,
    0.15556100895249034,
    0.1478990404224216,
    0.1448699834426142,
    0.14676780500572845,
    0.15214999346455788,
    0.1587825829062579,
    0.16464056106634672,
    0.1685417811435412,
    0.17022955875863233,
    0.17000422744919003,
    0.16820073636661692,
    0.16483548002018375,
    0.15960652102022366,
    0.1522116560582221,
    0.1427659858524597,
    0.13204654385676,
    0.12138840336512459,
    0.11224928920262299,
    0.10564546440265708,
    0.1017431209466536,
    0.09982326813049969,
    0.0986561228762209,
    0.09711433500981405,
    0.09472776152148696,
    0.0919020633387363,
    0.08968323020131667,
    0.08917417172774489,
    0.0908879688233883,
    0.09436531601466401,
    0.09826566780144515,
    0.10091562950813122,
    0.10107156903715758,
    0.09853697994054816,
    0.09432910705204943,
    0.09029311714865373,
    0.08832194494249702,
    0.08953238341802171,
    0.09377846184103121,
    0.09973231187697426,
    0.10549778397557738,
    0.10946702127491595,
    0.11100797186486254,
    0.11064442234656956,
    0.10963062438211077,
    0.10911994884407115,
    0.10933993485675933,
    0.10920821915432573,
    0.10663548250285164,
    0.09944234774844718,
    0.0865121582183761,
    0.06865552763522519,
    0.0487521788525782,
    0.031031203693346405,
    0.019726342780087672,
    0.017630506927728967,
    0.02514003703738414,
    0.0401870117911197,
    0.05908618673147137,
    0.07793388340261562,
    0.0939627154573142,
    0.1062847176032977,
    0.1157359144334801,
    0.12394336803149951,
    0.13208766031007685,
    0.1399691987526922,
    0.14584188689887526,
    0.14711596476976302,
    0.1416168793529126,
    0.12880975982851928,
    0.11039072200854917,
    0.08991732512176175,
    0.07158354571479825,
    0.05864501148039427,
    0.05218325802387776,
    0.05077293524526322,
    0.05123021010404392,
    0.05014061480954787,
    0.045503993122637434,
    0.03775885215413295,
    0.029700800046360564,
    0.025287124110975265,
    0.027816566596481695,
    0.038270872392936334,
    0.05456635086629862,
    0.07209736588865172,
    0.0854103467050762,
    0.09035701500004235,
    0.0858499257049745,
    0.07448229407310128,
    0.061723235250557916,
    0.05397319944233995,
    0.05622439831701652,
    0.07022801693466012,
    0.0938627794161639,
    0.12191874564963592,
    0.14795772434478005,
    0.16651286676276258,
    0.17479931728196277
  ],
  "shape_matches": [
    {
      "shape": "Oedipus",
      "correlation": 0.5855
    },
    {
      "shape": "Tragedy",
      "correlation": 0.5276
    },
    {
      "shape": "Icarus",
      "correlation": -0.384
    },
    {
      "shape": "Rags to Riches",
      "correlation": -0.5276
    },
    {
      "shape": "Cinderella",
      "correlation": -0.5936
    },
    {
      "shape": "Man in a Hole",
      "correlation": -0.6337
    }
  ],
  "best_shape": "Oedipus",
  "best_shape_correlation": 0.5855,
  "peaks": [
    {
      "sample": 10,
      "position": 0.10101010101010101,
      "smoothed": 0.17022955875863233,
      "word_offset": 14173,
      "read_time_min": 56.7,
      "driving_words": [
        {
          "word": "thrilled",
          "score": 5.0
        },
        {
          "word": "brilliant",
          "score": 4.0
        },
        {
          "word": "wonderful",
          "score": 4.0
        },
        {
          "word": "supreme",
          "score": 4.0
        },
        {
          "word": "affection",
          "score": 3.0
        },
        {
          "word": "beauty",
          "score": 3.0
        }
      ]
    },
    {
      "sample": 43,
      "position": 0.43434343434343436,
      "smoothed": 0.11100797186486254,
      "word_offset": 44446,
      "read_time_min": 177.8,
      "driving_words": [
        {
          "word": "superb",
          "score": 5.0
        },
        {
          "word": "brilliant",
          "score": 4.0
        },
        {
          "word": "miracle",
          "score": 4.0
        },
        {
          "word": "triumph",
          "score": 4.0
        },
        {
          "word": "supreme",
          "score": 4.0
        },
        {
          "word": "love",
          "score": 3.0
        }
      ]
    },
    {
      "sample": 68,
      "position": 0.6868686868686869,
      "smoothed": 0.14711596476976302,
      "word_offset": 67379,
      "read_time_min": 269.5,
      "driving_words": [
        {
          "word": "superb",
          "score": 5.0
        },
        {
          "word": "brilliant",
          "score": 4.0
        },
        {
          "word": "wonderful",
          "score": 4.0
        },
        {
          "word": "triumph",
          "score": 4.0
        },
        {
          "word": "winning",
          "score": 4.0
        },
        {
          "word": "excellence",
          "score": 3.0
        }
      ]
    }
  ],
  "valleys": [
    {
      "sample": 56,
      "position": 0.5656565656565656,
      "smoothed": 0.017630506927728967,
      "word_offset": 56371,
      "read_time_min": 225.5,
      "driving_words": [
        {
          "word": "hell",
          "score": -4.0
        },
        {
          "word": "tortures",
          "score": -4.0
        },
        {
          "word": "die",
          "score": -3.0
        },
        {
          "word": "dead",
          "score": -3.0
        },
        {
          "word": "lost",
          "score": -3.0
        },
        {
          "word": "worst",
          "score": -3.0
        }
      ]
    },
    {
      "sample": 76,
      "position": 0.7676767676767676,
      "smoothed": 0.05077293524526322,
      "word_offset": 74718,
      "read_time_min": 298.9,
      "driving_words": [
        {
          "word": "ass",
          "score": -4.0
        },
        {
          "word": "terrible",
          "score": -3.0
        },
        {
          "word": "fatal",
          "score": -3.0
        },
        {
          "word": "deceive",
          "score": -3.0
        },
        {
          "word": "destroy",
          "score": -3.0
        },
        {
          "word": "hatred",
          "score": -3.0
        }
      ]
    },
    {
      "sample": 82,
      "position": 0.8282828282828283,
      "smoothed": 0.025287124110975265,
      "word_offset": 80222,
      "read_time_min": 320.9,
      "driving_words": [
        {
          "word": "prick",
          "score": -5.0
        },
        {
          "word": "hell",
          "score": -4.0
        },
        {
          "word": "fraud",
          "score": -4.0
        },
        {
          "word": "guilty",