{
  "status": "ok",
  "n_words": 163104,
  "window_size": 10000,
  "reliability": "high",
  "raw": [
    0.1768,
    0.1816,
    0.1736,
    0.1716,
    0.1696,
    0.1704,
    0.1328,
    0.1348,
    0.1492,
    0.1544,
    0.1144,
    0.0812,
    0.1248,
    0.0936,
    0.0796,
    0.0648,
    0.0784,
    0.1072,
    0.0876,
    0.0904,
    0.0968,
    0.1044,
    0.0952,
    0.1048,
    0.1112,
    0.1372,
    0.1424,
    0.1416,
    0.1508,
    0.1984,
    0.18,
    0.1564,
    0.156,
    0.1352,
    0.1016,
    0.0704,
    0.086,
    0.118,
    0.1472,
    0.1492,
    0.1704,
    0.1424,
    0.1252,
    0.1408,
    0.0708,
    0.0456,
    0.0464,
    0.0532,
    0.0848,
    0.0796,
    0.0964,
    0.1036,
    0.0916,
    0.1404,
    0.1204,
    0.082,
    0.052,
    0.0376,
    0.0848,
    0.0288,
    0.0212,
    0.0424,
    0.1028,
    0.1092,
    0.0848,
    0.102,
    0.1328,
    0.1144,
    0.0956,
    0.092,
    0.1048,
    0.0868,
    0.0612,
    0.0588,
    0.0456,
    0.018,
    0.026,
    0.0216,
    0.0348,
    0.0488,
    0.06,
    0.0444,
    0.05,
    0.0372,
    0.0316,
    -0.0116,
    0.008,
    0.0272,
    0.0904,
    0.0844,
    0.1272,
    0.1324,
    0.1772,
    0.1756,
    0.1528,
    0.148,
    0.1172,
    0.0432,
    0.072,
    0.084
  ],
  "smoothed": [
    0.13381573133036606,
    0.1593600939025134,
    0.17720620952112598,
    0.1834436605303308,
    0.17842611446971748,
    0.16597295263616182,
    0.1513547418433094,
    0.13899167762223738,
    0.13083631417611877,
    0.1260474627968319,
    0.12196438170960697,
    0.11582487307367945,
    0.10637934823826976,
    0.09465007784544216,
    0.08351263042842849,
    0.07633395982063113,
    0.075336219484586,
    0.08047499411835266,
    0.0893767786619028,
    0.09838739109774362,
    0.10426472567375969,
    0.10573968694691589,
    0.10420850645268935,
    0.103193277362214,
    0.10675300380714388,
    0.11750603904583112,
    0.1351256582755891,
    0.15600204719274255,
    0.17429294812537882,
    0.18400768262281184,
    0.18132679387098846,
    0.1662370190102078,
    0.14281030734034336,
    0.11797495860538586,
    0.09920710796237868,
    0.09198172369000805,
    0.09790705098012187,
    0.11420139529486774,
    0.13466974708428164,
    0.15179907767477574,
    0.15921718520925843,
    0.15367721389687647,
    0.13594646799731253,
    0.11039065231184197,
    0.08348854438182973,
    0.06182984866199998,
    0.05024810860929942,
    0.05061885468308696,
    0.06158560709323962,
    0.07917435454458524,
    0.09802112485557565,
    0.11282301953274551,
    0.11963305613770744,
    0.11671710843022078,
    0.10482819397070055,
    0.08689014985946085,
    0.06719899492783028,
    0.050339272451792344,
    0.04006943513211153,
    0.038443599348317745,
    0.04539178863201634,
    0.05887081244060885,
    0.0755394473541174,
    0.09174810939296939,
    0.104524405504696,
    0.11223305602875627,
    0.11470723680162047,
    0.11285306918768626,
    0.10794103245580143,
    0.10092563920362148,
    0.09211435282278103,
    0.0813368969040815,
    0.0685150774329571,
    0.05431431660533704,
    0.04048042285903499,
    0.02958109466269046,
    0.024145905707878067,
    0.025515487128869117,
    0.03292100992328018,
    0.043302976015240253,
    0.05211944315114148,
    0.05497662138363811,
    0.049511511663146046,
    0.036752506744673924,
    0.021295601310138003,
    0.01004844603390354,
    0.009864420450652743,
    0.024884969573755945,
    0.05461306671540588,
    0.09354293618617598,
    0.13262203915954765,
    0.16212239470522094,
    0.17492549659167478,
    0.16901673917122928,
    0.14824101895768385,
    0.12100516314551378,
    0.09738303112262302,
    0.08568280401726694,
    0.08973265363283696,
    0.10785183685814195
  ],
  "shape_matches": [
    {
      "shape": "Tragedy",
      "correlation": 0.4612
    },
    {
      "shape": "Oedipus",
      "correlation": 0.4042
    },
    {
      "shape": "Icarus",
      "correlation": -0.2192
    },
    {
      "shape": "Cinderella",
      "correlation": -0.4152
    },
    {
      "shape": "Rags to Riches",
      "correlation": -0.4612
    },
    {
      "shape": "Man in a Hole",
      "correlation": -0.5256
    }
  ],
  "best_shape": "Tragedy",
  "best_shape_correlation": 0.4612,
  "peaks": [
    {
      "sample": 3,
      "position": 0.030303030303030304,
      "smoothed": 0.1834436605303308,
      "word_offset": 9640,
      "read_time_min": 38.6,
      "driving_words": [
        {
          "word": "fabulous",
          "score": 4.0
        },
        {
          "word": "fantastic",
          "score": 4.0
        },
        {
          "word": "amazing",
          "score": 4.0
        },
        {
          "word": "rejoiced",
          "score": 4.0
        },
        {
          "word": "triumph",
          "score": 4.0
        },
        {
          "word": "affection",
          "score": 3.0
        }
      ]
    },
    {
      "sample": 29,
      "position": 0.29292929292929293,
      "smoothed": 0.18400768262281184,
      "word_offset": 49849,
      "read_time_min": 199.4,
      "driving_words": [
        {
          "word": "win",
          "score": 4.0
        },
        {
          "word": "winning",
          "score": 4.0
        },
        {
          "word": "rejoiced",
          "score": 4.0
        },
        {
          "word": "triumph",
          "score": 4.0
        },
        {
          "word": "masterpiece",
          "score": 4.0
        },
        {
          "word": "good",
          "score": 3.0
        }
      ]
    },
    {
      "sample": 92,
      "position": 0.9292929292929293,
      "smoothed": 0.17492549659167478,
      "word_offset": 147278,
      "read_time_min": 589.1,
      "driving_words": [
        {
          "word": "heavenly",
          "score": 4.0
        },
        {
          "word": "triumph",
          "score": 4.0
        },
        {
          "word": "amazing",
          "score": 4.0
        },
        {
          "word": "wonderful",
          "score": 4.0
        },
        {
          "word": "rejoice",
          "score": 4.0
        },
        {
          "word": "miracle",
          "score": 4.0
        }
      ]
    }
  ],
  "valleys": [
    {
      "sample": 59,
      "position": 0.5959595959595959,
      "smoothed": 0.038443599348317745,
      "word_offset": 96244,
      "read_time_min": 385.0,
      "driving_words": [
        {
          "word": "torture",
          "score": -4.0
        },
        {
          "word": "tortures",
          "score": -4.0
        },
        {
          "word": "damned",
          "score": -4.0
        },
        {
          "word": "tortured",
          "score": -4.0
        },
        {
          "word": "anguish",
          "score": -3.0
        },
        {
          "word": "scandalous",
          "score": -3.0
        }
      ]
    },
    {
      "sample": 76,
      "position": 0.7676767676767676,
      "smoothed": 0.024145905707878067,
      "word_offset": 122534,
      "read_time_min": 490.1,
      "driving_words": [
        {
          "word": "torture",
          "score": -4.0
        },
        {
          "word": "tortured",
          "score": -4.0
        },
        {
          "word": "impeachment",
          "score": -3.0
        },
        {
          "word": "lost",
          "score": -3.0
        },
        {
          "word": "evil",
          "score": -3.0
        },
        {
          "word": "losing",
          "score": -3.0
        }
      ]
    },
    {
      "sample": 86,
      "position": 0.8686868686868687,
      "smoothed": 0.009864420450652743,
      "word_offset": 137999,
      "read_time_min": 552.0,
      "driving_words": [
        {
          "word": "fraud",
          "score": -4.0
        },
        {
          "word": "tortured",
          "score": -4.0
        },
        {
          "word": "tortures",