{
  "status": "ok",
  "n_words": 163368,
  "window_size": 10000,
  "reliability": "high",
  "raw": [
    0.0788,
    0.0576,
    0.0604,
    0.08,
    0.108,
    0.0848,
    0.0692,
    0.0492,
    0.0476,
    0.0188,
    0.05,
    0.094,
    0.0984,
    0.1208,
    0.1172,
    0.1352,
    0.0904,
    -0.0028,
    -0.032,
    -0.0556,
    -0.0564,
    -0.0336,
    -0.0208,
    -0.0156,
    0.0404,
    0.0532,
    0.0724,
    0.0672,
    0.0556,
    0.0536,
    0.0348,
    0.062,
    0.0524,
    0.0408,
    0.0076,
    -0.0208,
    -0.0216,
    -0.0364,
    -0.0372,
    -0.0576,
    -0.0124,
    0.0144,
    0.0132,
    -0.0088,
    0.0316,
    0.0612,
    0.066,
    0.034,
    0.0336,
    0.0068,
    0.0012,
    -0.0504,
    -0.0812,
    -0.0868,
    -0.06,
    -0.0424,
    0.0032,
    0.02,
    0.0432,
    0.0804,
    0.0828,
    0.0764,
    0.0728,
    0.052,
    0.0252,
    -0.0036,
    -0.0032,
    0.008,
    0.012,
    0.0092,
    0.0036,
    -0.018,
    -0.0364,
    -0.0544,
    -0.0944,
    -0.1052,
    -0.1112,
    -0.0656,
    -0.0512,
    -0.0332,
    -0.0232,
    -0.012,
    0.0052,
    0.0292,
    0.0112,
    0.0244,
    0.0228,
    0.0312,
    0.0276,
    0.002,
    -0.0012,
    -0.0104,
    -0.0192,
    -0.0248,
    -0.0076,
    -0.0004,
    -0.022,
    -0.0364,
    -0.014,
    -0.0048
  ],
  "smoothed": [
    0.031953490110012604,
    0.05728693483593397,
    0.080092358715208,
    0.09455071801903397,
    0.09664644535657683,
    0.0860845427935383,
    0.06699996316652383,
    0.04696827182785288,
    0.03449771294582483,
    0.03584847052306782,
    0.05239344452375896,
    0.07962336724761028,
    0.10832066340485152,
    0.12759521476474336,
    0.12872342153035038,
    0.10837269346861396,
    0.06998680207924726,
    0.022788668881497633,
    -0.021240727224013795,
    -0.05128580428566963,
    -0.061081328680706974,
    -0.050564041160563705,
    -0.025297840684420297,
    0.005956095730862998,
    0.03447678099469813,
    0.05435568595973529,
    0.0638237307897313,
    0.06481464523635835,
    0.061182885941959766,
    0.056496478733555205,
    0.05240030188520766,
    0.04819335786167429,
    0.04166673987548304,
    0.030683117345694556,
    0.014687850805165473,
    -0.004566203484360611,
    -0.02339214110544434,
    -0.037436416771124824,
    -0.04324913524550223,
    -0.039474008954849524,
    -0.0271971061137405,
    -0.009404150570371519,
    0.01011024741975396,
    0.02784516860851717,
    0.0412552895900332,
    0.04881672003112652,
    0.04968571969372395,
    0.04334760291031115,
    0.029617364645678403,
    0.009094767153694594,
    -0.016165001216954737,
    -0.04223893905138377,
    -0.06364119386709233,
    -0.07451868246758032,
    -0.07047198397729246,
    -0.050351528269017766,
    -0.017248328144025177,
    0.02188366861346477,
    0.058032779635235406,
    0.08283290504294245,
    0.09121701828886862,
    0.0830201425950673,
    0.06288958536419229,
    0.038498481426149055,
    0.017720008877062224,
    0.005830044110917863,
    0.003792336396402285,
    0.008245693131868508,
    0.013136374333188166,
    0.012299697940556112,
    0.0019521719082247447,
    -0.017860097828137824,
    -0.04334998899023324,
    -0.06847586680704341,
    -0.08715086371107844,
    -0.09527385141232732,
    -0.091836796857366,
    -0.07880668809906745,
    -0.06000176813307249,
    -0.03955413760129586,
    -0.020629551074398615,
    -0.004857111833929966,
    0.0074643689562484015,
    0.01667704182300936,
    0.023056428286576686,
    0.02647169880119666,
    0.026536811396963567,
    0.023078573881939565,
    0.016574354881597652,
    0.008247320379131295,
    -0.00027735525931797065,
    -0.00757960098344588,
    -0.012963966250441446,
    -0.016565222196593527,
    -0.01893450870734068,
    -0.020305886370376582,
    -0.01996795852820651,
    -0.01617499355664587,
    -0.006795908027689608,
    0.009485442024117004
  ],
  "shape_matches": [
    {
      "shape": "Tragedy",
      "correlation": 0.4721
    },
    {
      "shape": "Oedipus",
      "correlation": 0.4414
    },
    {
      "shape": "Icarus",
      "correlation": -0.2043
    },
    {
      "shape": "Cinderella",
      "correlation": -0.4517
    },
    {
      "shape": "Rags to Riches",
      "correlation": -0.4721
    },
    {
      "shape": "Man in a Hole",
      "correlation": -0.5062
    }
  ],
  "best_shape": "Tragedy",
  "best_shape_correlation": 0.4721,
  "peaks": [
    {
      "sample": 4,
      "position": 0.04040404040404041,
      "smoothed": 0.09664644535657683,
      "word_offset": 11197,
      "read_time_min": 44.8,
      "driving_words": [
        {
          "word": "rejoiced",
          "score": 4.0
        },
        {
          "word": "fabulous",
          "score": 4.0
        },
        {
          "word": "triumphant",
          "score": 4.0
        },
        {
          "word": "rejoice",
          "score": 4.0
        },
        {
          "word": "wonderfully",
          "score": 4.0
        },
        {
          "word": "triumph",
          "score": 4.0
        }
      ]
    },
    {
      "sample": 14,
      "position": 0.1414141414141414,
      "smoothed": 0.12872342153035038,
      "word_offset": 26688,
      "read_time_min": 106.8,
      "driving_words": [
        {
          "word": "triumph",
          "score": 4.0
        },
        {
          "word": "wonderful",
          "score": 4.0
        },
        {
          "word": "funny",
          "score": 4.0
        },
        {
          "word": "fun",
          "score": 4.0
        },
        {
          "word": "winning",
          "score": 4.0
        },
        {
          "word": "great",
          "score": 3.0
        }
      ]
    },
    {
      "sample": 60,
      "position": 0.6060606060606061,
      "smoothed": 0.09121701828886862,
      "word_offset": 97950,
      "read_time_min": 391.8,
      "driving_words": [
        {
          "word": "wonderful",
          "score": 4.0
        },
        {
          "word": "triumph",
          "score": 4.0
        },
        {
          "word": "winning",
          "score": 4.0
        },
        {
          "word": "win",
          "score": 4.0
        },
        {
          "word": "greater",
          "score": 3.0
        },
        {
          "word": "great",
          "score": 3.0
        }
      ]
    }
  ],
  "valleys": [
    {
      "sample": 20,
      "position": 0.20202020202020202,
      "smoothed": -0.061081328680706974,
      "word_offset": 35983,
      "read_time_min": 143.9,
      "driving_words": [
        {
          "word": "hell",
          "score": -4.0
        },
        {
          "word": "lunatics",
          "score": -3.0
        },
        {
          "word": "loss",
          "score": -3.0
        },
        {
          "word": "angry",
          "score": -3.0
        },
        {
          "word": "mad",
          "score": -3.0
        },
        {
          "word": "despairing",
          "score": -3.0
        }
      ]
    },
    {
      "sample": 53,
      "position": 0.5353535353535354,
      "smoothed": -0.07451868246758032,
      "word_offset": 87106,
      "read_time_min": 348.4,
      "driving_words": [
        {
          "word": "cock",
          "score": -5.0
        },
        {
          "word": "torture",
          "score": -4.0
        },
        {
          "word": "hell",
          "score": -4.0
        },
        {
          "word": "die",
          "score": -3.0
        },
        {
          "word": "dead",
          "score": -3.0
        },
        {
          "word": "mad",
          "score": -3.0
        }
      ]
    },
    {
      "sample": 75,
      "position": 0.7575757575757576,
      "smoothed": -0.09527385141232732,
      "word_offset": 121188,
      "read_time_min": 484.8,
      "driving_words": [
        {
          "word": "hell",
          "score": -4.0
        },
        {
          "word": "torture",