{
  "status": "ok",
  "n_words": 178790,
  "window_size": 10000,
  "reliability": "high",
  "raw": [
    0.4868,
    0.4952,
    0.4984,
    0.5208,
    0.5236,
    0.4888,
    0.4564,
    0.4712,
    0.4596,
    0.3984,
    0.3932,
    0.4044,
    0.3868,
    0.3712,
    0.328,
    0.3808,
    0.37,
    0.32,
    0.326,
    0.3232,
    0.3512,
    0.35,
    0.3972,
    0.4108,
    0.426,
    0.43,
    0.4056,
    0.4116,
    0.3696,
    0.3484,
    0.3072,
    0.284,
    0.2644,
    0.2576,
    0.29,
    0.2964,
    0.3576,
    0.3624,
    0.352,
    0.3516,
    0.3344,
    0.328,
    0.2904,
    0.3056,
    0.2864,
    0.2872,
    0.2684,
    0.2412,
    0.232,
    0.2208,
    0.2272,
    0.2388,
    0.2176,
    0.2212,
    0.2348,
    0.2488,
    0.2416,
    0.2312,
    0.2596,
    0.236,
    0.2392,
    0.1824,
    0.1912,
    0.182,
    0.172,
    0.1652,
    0.1348,
    0.1736,
    0.1464,
    0.1256,
    0.1236,
    0.104,
    0.1388,
    0.128,
    0.1452,
    0.1576,
    0.158,
    0.1648,
    0.1876,
    0.1804,
    0.2432,
    0.2596,
    0.2908,
    0.3696,
    0.3776,
    0.39,
    0.3812,
    0.4024,
    0.4124,
    0.3928,
    0.374,
    0.4116,
    0.378,
    0.354,
    0.378,
    0.3484,
    0.2932,
    0.248,
    0.262,
    0.2736
  ],
  "smoothed": [
    0.39792456234164336,
    0.4558853518693466,
    0.5030402844637298,
    0.5297919355016619,
    0.5326335179695288,
    0.5147149913045131,
    0.4841565539128243,
    0.4508666595326436,
    0.423123452177021,
    0.4051656645445333,
    0.3965502376544675,
    0.3932968145974121,
    0.3901650016873798,
    0.3830595853257989,
    0.3706381132410004,
    0.3546252062162915,
    0.3389039265401223,
    0.32791002947907827,
    0.32503005699164406,
    0.3315703535665777,
    0.346529676918962,
    0.36705340422169896,
    0.38923295866111757,
    0.4089080202734931,
    0.4222856288582687,
    0.42638676205590853,
    0.419440351091173,
    0.4013054440193018,
    0.37384973369670593,
    0.3410570845998987,
    0.3085995212294491,
    0.2827520338459071,
    0.2688119656073262,
    0.2694793520882386,
    0.28380199569606895,
    0.30718294834419135,
    0.3325954145896144,
    0.3526801872883537,
    0.3620142118948598,
    0.3587178074852112,
    0.34478847020270886,
    0.32503799534127326,
    0.3050689909878867,
    0.28911743197785983,
    0.2786354247712864,
    0.2721645380570689,
    0.26649003858230513,
    0.25851251426292526,
    0.2469690451410665,
    0.23321668414350455,
    0.22072164825468235,
    0.21348676329823912,
    0.2141337370239557,
    0.22251815784002518,
    0.23552056019374717,
    0.24813153805775945,
    0.2553693215874462,
    0.25419592208299024,
    0.2446007700069249,
    0.22939662417480441,
    0.21285009602508898,
    0.19878575468455378,
    0.1890242444623361,
    0.18284242618347776,
    0.17765920428055373,
    0.17057944938930245,
    0.16003485515885424,
    0.14672673260551122,
    0.13341667454831466,
    0.12366703978467432,
    0.12014315848876667,
    0.12331133748860286,
    0.1311919441671727,
    0.1403311037726356,
    0.14756635150000855,
    0.15175767326462586,
    0.15463232137072586,
    0.16027253548405251,
    0.17339443700404608,
    0.1971424861612193,
    0.2313871635112995,
    0.27233084437346966,
    0.31366683931207656,
    0.348843586292588,
    0.3734726775024237,
    0.38682570770640146,
    0.3917466635322145,
    0.3930051519252756,
    0.3948243818384465,
    0.3987161546560926,
    0.40265328542968226,
    0.4020369777180994,
    0.3921133814468248,
    0.3708102244065117,
    0.3407084592114648,
    0.30916336554718854,
    0.28633327619612325,
    0.28175547550007196,
    0.3007554130386824,
    0.34210816765912405
  ],
  "shape_matches": [
    {
      "shape": "Oedipus",
      "correlation": 0.7687
    },
    {
      "shape": "Tragedy",
      "correlation": 0.4985
    },
    {
      "shape": "Rags to Riches",
      "correlation": -0.4985
    },
    {
      "shape": "Icarus",
      "correlation": -0.6088
    },
    {
      "shape": "Man in a Hole",
      "correlation": -0.7315
    },
    {
      "shape": "Cinderella",
      "correlation": -0.7686
    }
  ],
  "best_shape": "Oedipus",
  "best_shape_correlation": 0.7687,
  "peaks": [
    {
      "sample": 4,
      "position": 0.04040404040404041,
      "smoothed": 0.5326335179695288,
      "word_offset": 11820,
      "read_time_min": 47.3,
      "driving_words": [
        {
          "word": "amazing",
          "score": 4.0
        },
        {
          "word": "win",
          "score": 4.0
        },
        {
          "word": "heavenly",
          "score": 4.0
        },
        {
          "word": "triumph",
          "score": 4.0
        },
        {
          "word": "rejoice",
          "score": 4.0
        },
        {
          "word": "winning",
          "score": 4.0
        }
      ]
    },
    {
      "sample": 25,
      "position": 0.25252525252525254,
      "smoothed": 0.42638676205590853,
      "word_offset": 47624,
      "read_time_min": 190.5,
      "driving_words": [
        {
          "word": "rejoice",
          "score": 4.0
        },
        {
          "word": "win",
          "score": 4.0
        },
        {
          "word": "brilliant",
          "score": 4.0
        },
        {
          "word": "love",
          "score": 3.0
        },
        {
          "word": "pleasure",
          "score": 3.0
        },
        {
          "word": "beauty",
          "score": 3.0
        }
      ]
    },
    {
      "sample": 90,
      "position": 0.9090909090909091,
      "smoothed": 0.40265328542968226,
      "word_offset": 158445,
      "read_time_min": 633.8,
      "driving_words": [
        {
          "word": "heavenly",
          "score": 4.0
        },
        {
          "word": "wins",
          "score": 4.0
        },
        {
          "word": "win",
          "score": 4.0
        },
        {
          "word": "wonderful",
          "score": 4.0
        },
        {
          "word": "triumph",
          "score": 4.0
        },
        {
          "word": "glad",
          "score": 3.0
        }
      ]
    }
  ],
  "valleys": [
    {
      "sample": 32,
      "position": 0.32323232323232326,
      "smoothed": 0.2688119656073262,
      "word_offset": 59558,
      "read_time_min": 238.2,
      "driving_words": [
        {
          "word": "dick",
          "score": -4.0
        },
        {
          "word": "angry",
          "score": -3.0
        },
        {
          "word": "dead",
          "score": -3.0
        },
        {
          "word": "die",
          "score": -3.0
        },
        {
          "word": "plagued",
          "score": -3.0
        },
        {
          "word": "plagues",
          "score": -3.0
        }
      ]
    },
    {
      "sample": 51,
      "position": 0.5151515151515151,
      "smoothed": 0.21348676329823912,
      "word_offset": 91952,
      "read_time_min": 367.8,
      "driving_words": [
        {
          "word": "hell",
          "score": -4.0
        },
        {
          "word": "lost",
          "score": -3.0
        },
        {
          "word": "losing",
          "score": -3.0
        },
        {
          "word": "died",
          "score": -3.0
        },
        {
          "word": "dead",
          "score": -3.0
        },
        {
          "word": "loose",
          "score": -3.0
        }
      ]
    },
    {
      "sample": 70,
      "position": 0.7070707070707071,
      "smoothed": 0.12014315848876667,
      "word_offset": 124346,
      "read_time_min": 497.4,
      "driving_words": [
        {
          "word": "hell",
          "score": -4.0
        },
        {
          "word": "dead",
          "score": -3.0
        },
        {
          "word": "die",
          "score": -3.0
        },
        {
          "word": "betrayed",
          "score": -3.0
        },
        {
          "word": "cruelty",