{
  "status": "ok",
  "n_words": 128560,
  "window_size": 10000,
  "reliability": "high",
  "raw": [
    0.2264,
    0.2408,
    0.2588,
    0.2604,
    0.2452,
    0.2272,
    0.2016,
    0.216,
    0.1828,
    0.1752,
    0.1508,
    0.1284,
    0.1352,
    0.1804,
    0.1892,
    0.1952,
    0.1844,
    0.1992,
    0.1824,
    0.2064,
    0.2012,
    0.1816,
    0.1676,
    0.1624,
    0.1556,
    0.1756,
    0.1424,
    0.1272,
    0.148,
    0.1908,
    0.2016,
    0.1804,
    0.1836,
    0.1812,
    0.2084,
    0.2208,
    0.238,
    0.216,
    0.1984,
    0.2184,
    0.216,
    0.2004,
    0.1888,
    0.1812,
    0.1892,
    0.1828,
    0.1564,
    0.138,
    0.1232,
    0.1092,
    0.0856,
    0.0748,
    0.0488,
    0.0716,
    0.0872,
    0.0928,
    0.0828,
    0.0872,
    0.1076,
    0.1324,
    0.1556,
    0.1732,
    0.162,
    0.1648,
    0.18,
    0.194,
    0.2012,
    0.1736,
    0.136,
    0.0736,
    0.0588,
    0.0504,
    0.024,
    0.0208,
    0.01,
    0.0132,
    0.0308,
    0.0772,
    0.0912,
    0.1036,
    0.1104,
    0.1124,
    0.1104,
    0.1428,
    0.14,
    0.1248,
    0.1388,
    0.1392,
    0.1388,
    0.1636,
    0.1592,
    0.1376,
    0.1364,
    0.132,
    0.1164,
    0.1136,
    0.1168,
    0.1124,
    0.1588,
    0.1824
  ],
  "smoothed": [
    0.21477050016691565,
    0.23988450681575013,
    0.2555926506123262,
    0.2597186938672697,
    0.2525782555437516,
    0.23666341100454324,
    0.21581237936358136,
    0.19417273757349562,
    0.17528530981778467,
    0.16151869219973367,
    0.1539225119874741,
    0.15241242766876834,
    0.1561118522653798,
    0.16367910105721503,
    0.17352585535059104,
    0.18393445496764965,
    0.19315296253091344,
    0.19955410500201914,
    0.20188856183944331,
    0.1995790114223997,
    0.19293773722247096,
    0.18318580384392202,
    0.17221425358329284,
    0.16213126836327973,
    0.15473536556417083,
    0.151096150700755,
    0.15138795116199386,
    0.1550209848266143,
    0.16099361158662714,
    0.16830238864935138,
    0.1762338358254347,
    0.18442873637674395,
    0.19272489424066294,
    0.20089302229470157,
    0.208430825805909,
    0.21454760661490244,
    0.21837070082333637,
    0.21928408875639388,
    0.21722814688114833,
    0.2127903778232593,
    0.20700469547281916,
    0.20091429288763946,
    0.19507707765756346,
    0.18924249918203082,
    0.18237486330789218,
    0.17305796501645895,
    0.16014709160876942,
    0.14341165386997426,
    0.12389285113946788,
    0.10380046597566744,
    0.08595399685321574,
    0.07296145052302357,
    0.06644388817582333,
    0.06660387099902733,
    0.07230194090909972,
    0.08160083196325102,
    0.09254685324840202,
    0.10386176187223972,
    0.11525769159971276,
    0.12724708019783962,
    0.1405335024595005,
    0.15524945757469658,
    0.17037914285470976,
    0.18363851076302318,
    0.1919082797908855,
    0.1920992707604849,
    0.18215907381828417,
    0.16186965082174826,
    0.13315630688224545,
    0.09979760707555764,
    0.06662578380526206,
    0.0384638646441325,
    0.019107817010999055,
    0.01061854667464285,
    0.01306866936522324,
    0.024745024337846075,
    0.04269166522373777,
    0.06342035369184858,
    0.0836181580125065,
    0.10072340964513457,
    0.11329324675606227,
    0.12112799471610736,
    0.12514624578672684,
    0.1270301749575817,
    0.12869622753689838,
    0.1316941673394099,
    0.1366830540152004,
    0.14314932945198156,
    0.14949508664190644,
    0.15352744574591665,
    0.15324463890039558,
    0.14768753292671472,
    0.13756132636306873,
    0.1253693437627745,
    0.11494121872453093,
    0.1104406678451469,
    0.11513220022828254,
    0.1302961855831357,
    0.1546592436776116,
    0.18455201936618262
  ],
  "shape_matches": [
    {
      "shape": "Tragedy",
      "correlation": 0.5893
    },
    {
      "shape": "Oedipus",
      "correlation": 0.5074
    },
    {
      "shape": "Icarus",
      "correlation": -0.2246
    },
    {
      "shape": "Cinderella",
      "correlation": -0.5218
    },
    {
      "shape": "Rags to Riches",
      "correlation": -0.5893
    },
    {
      "shape": "Man in a Hole",
      "correlation": -0.6441
    }
  ],
  "best_shape": "Tragedy",
  "best_shape_correlation": 0.5893,
  "peaks": [
    {
      "sample": 3,
      "position": 0.030303030303030304,
      "smoothed": 0.2597186938672697,
      "word_offset": 8593,
      "read_time_min": 34.4,
      "driving_words": [
        {
          "word": "wonderfully",
          "score": 4.0
        },
        {
          "word": "love",
          "score": 3.0
        },
        {
          "word": "charm",
          "score": 3.0
        },
        {
          "word": "beauties",
          "score": 3.0
        },
        {
          "word": "good",
          "score": 3.0
        },
        {
          "word": "great",
          "score": 3.0
        }
      ]
    },
    {
      "sample": 18,
      "position": 0.18181818181818182,
      "smoothed": 0.20188856183944331,
      "word_offset": 26556,
      "read_time_min": 106.2,
      "driving_words": [
        {
          "word": "wonderful",
          "score": 4.0
        },
        {
          "word": "succeeded",
          "score": 3.0
        },
        {
          "word": "greatest",
          "score": 3.0
        },
        {
          "word": "admire",
          "score": 3.0
        },
        {
          "word": "great",
          "score": 3.0
        },
        {
          "word": "dearly",
          "score": 3.0
        }
      ]
    },
    {
      "sample": 37,
      "position": 0.37373737373737376,
      "smoothed": 0.21928408875639388,
      "word_offset": 49310,
      "read_time_min": 197.2,
      "driving_words": [
        {
          "word": "triumph",
          "score": 4.0
        },
        {
          "word": "rapturous",
          "score": 4.0
        },
        {
          "word": "wonderful",
          "score": 4.0
        },
        {
          "word": "rejoicing",
          "score": 4.0
        },
        {
          "word": "excited",
          "score": 3.0
        },
        {
          "word": "affectionate",
          "score": 3.0
        }
      ]
    }
  ],
  "valleys": [
    {
      "sample": 52,
      "position": 0.5252525252525253,
      "smoothed": 0.06644388817582333,
      "word_offset": 67274,
      "read_time_min": 269.1,
      "driving_words": [
        {
          "word": "mislead",
          "score": -3.0
        },
        {
          "word": "evil",
          "score": -3.0
        },
        {
          "word": "worst",
          "score": -3.0
        },
        {
          "word": "worse",
          "score": -3.0
        },
        {
          "word": "lost",
          "score": -3.0
        },
        {
          "word": "anger",
          "score": -3.0
        }
      ]
    },
    {
      "sample": 73,
      "position": 0.7373737373737373,
      "smoothed": 0.01061854667464285,
      "word_offset": 92423,
      "read_time_min": 369.7,
      "driving_words": [
        {
          "word": "hate",
          "score": -3.0
        },
        {
          "word": "hatred",
          "score": -3.0
        },
        {
          "word": "desperate",
          "score": -3.0
        },
        {
          "word": "anger",
          "score": -3.0
        },
        {
          "word": "loss",
          "score": -3.0
        },
        {
          "word": "betray",
          "score": -3.0
        }
      ]
    },
    {
      "sample": 95,
      "position": 0.9595959595959596,
      "smoothed": 0.1104406678451469,
      "word_offset": 118770,
      "read_time_min": 475.1,
      "driving_words": [
        {
          "word": "tortured",
          "score": -4.0
        },
        {
          "word": "cruel",
          "score": -3.0
        },
        {
          "word": "disgust",
          "score": -3.0
        },
        {
          "word": "worse",