{
  "status": "ok",
  "n_words": 194190,
  "window_size": 10000,
  "reliability": "high",
  "raw": [
    0.2092,
    0.2176,
    0.224,
    0.2096,
    0.2044,
    0.2036,
    0.21,
    0.2516,
    0.3196,
    0.3156,
    0.2768,
    0.236,
    0.1672,
    0.1436,
    0.108,
    0.1708,
    0.2196,
    0.272,
    0.2728,
    0.2372,
    0.2104,
    0.2232,
    0.1828,
    0.158,
    0.1672,
    0.236,
    0.2344,
    0.2596,
    0.2772,
    0.252,
    0.2576,
    0.2604,
    0.2088,
    0.1552,
    0.164,
    0.1752,
    0.1612,
    0.1848,
    0.244,
    0.2272,
    0.2292,
    0.206,
    0.1892,
    0.174,
    0.2296,
    0.2896,
    0.2816,
    0.3008,
    0.3088,
    0.3068,
    0.27,
    0.2804,
    0.2656,
    0.2304,
    0.1824,
    0.1896,
    0.176,
    0.1784,
    0.224,
    0.278,
    0.3192,
    0.3368,
    0.3512,
    0.3084,
    0.2988,
    0.2676,
    0.256,
    0.2504,
    0.2608,
    0.2844,
    0.2348,
    0.2436,
    0.2144,
    0.1856,
    0.1892,
    0.2556,
    0.2684,
    0.2584,
    0.276,
    0.2692,
    0.2436,
    0.2064,
    0.2524,
    0.266,
    0.2356,
    0.2512,
    0.2952,
    0.3068,
    0.3136,
    0.3184,
    0.3408,
    0.37,
    0.3236,
    0.3068,
    0.2804,
    0.296,
    0.3212,
    0.318,
    0.3408,
    0.3628
  ],
  "smoothed": [
    0.27685976423182757,
    0.23567021942902583,
    0.19971524743255947,
    0.18080920448332652,
    0.18529754539663068,
    0.21119812368620325,
    0.24851275293069924,
    0.28271316527513035,
    0.3001205672728459,
    0.29310201012955467,
    0.2630351159268444,
    0.21984699076338138,
    0.17827681029169598,
    0.1523054590168981,
    0.14991831142467357,
    0.1702284050656314,
    0.20404567716201036,
    0.2376158656769742,
    0.2580178541809823,
    0.2580900387969364,
    0.23898879029102954,
    0.20945440886353597,
    0.18216860093201576,
    0.1687059336927339,
    0.17507523979610615,
    0.1995437549780692,
    0.2334871891055885,
    0.2648126233976539,
    0.28253709948910344,
    0.2807371419262132,
    0.2604237761285392,
    0.2287709364768992,
    0.19616119605108728,
    0.17230089682417674,
    0.16291152305121684,
    0.16816833043040316,
    0.18330675963737508,
    0.20097319556412999,
    0.21428766884069547,
    0.21941960159017698,
    0.2167718238692235,
    0.21046473541825778,
    0.20645791691019458,
    0.21009962820576447,
    0.22401656885255897,
    0.24704789666570107,
    0.2745076262867538,
    0.2996015749964352,
    0.31548435751586534,
    0.3173046222334496,
    0.30365572410454733,
    0.27706474327234387,
    0.24343059514437465,
    0.21058616697812496,
    0.18635957307976866,
    0.1766192302411611,
    0.18379387091177476,
    0.20625692151189398,
    0.2387620866154682,
    0.27384439356421375,
    0.30382056328600693,
    0.32282002804574206,
    0.32823540995715966,
    0.3211401535655594,
    0.30555186806943174,
    0.2868187913709704,
    0.269725913991391,
    0.25702275301711575,
    0.24890733970212606,
    0.24361179508577419,
    0.23877498662767302,
    0.2329508872896803,
    0.22654087039873563,
    0.2216950742434725,
    0.22120297881648032,
    0.22688186189771467,
    0.23824957138112784,
    0.25219247067097805,
    0.26392090423316783,
    0.2689126547559748,
    0.2650416846714451,
    0.2539156546324136,
    0.24070855449644238,
    0.23238944442777296,
    0.2349629629819459,
    0.25083595337685405,
    0.2774659606483381,
    0.3079787362124424,
    0.3336352429261798,
    0.34721805037596043,
    0.3459496497147437,
    0.3326741347635624,
    0.3147112916793958,
    0.3007645629120363,
    0.29712431969035585,
    0.3047757734354122,
    0.31871193899010175,
    0.3298662003835914,
    0.32897035487370097,
    0.31077880038257866
  ],
  "shape_matches": [
    {
      "shape": "Rags to Riches",
      "correlation": 0.5286
    },
    {
      "shape": "Man in a Hole",
      "correlation": 0.3902
    },
    {
      "shape": "Cinderella",
      "correlation": 0.2237
    },
    {
      "shape": "Oedipus",
      "correlation": -0.2016
    },
    {
      "shape": "Icarus",
      "correlation": -0.223
    },
    {
      "shape": "Tragedy",
      "correlation": -0.5286
    }
  ],
  "best_shape": "Rags to Riches",
  "best_shape_correlation": 0.5286,
  "peaks": [
    {
      "sample": 62,
      "position": 0.6262626262626263,
      "smoothed": 0.32823540995715966,
      "word_offset": 120351,
      "read_time_min": 481.4,
      "driving_words": [
        {
          "word": "fun",
          "score": 4.0
        },
        {
          "word": "brilliant",
          "score": 4.0
        },
        {
          "word": "heavenly",
          "score": 4.0
        },
        {
          "word": "funny",
          "score": 4.0
        },
        {
          "word": "good",
          "score": 3.0
        },
        {
          "word": "pleased",
          "score": 3.0
        }
      ]
    },
    {
      "sample": 89,
      "position": 0.898989898989899,
      "smoothed": 0.34721805037596043,
      "word_offset": 170585,
      "read_time_min": 682.3,
      "driving_words": [
        {
          "word": "rejoice",
          "score": 4.0
        },
        {
          "word": "win",
          "score": 4.0
        },
        {
          "word": "triumph",
          "score": 4.0
        },
        {
          "word": "funny",
          "score": 4.0
        },
        {
          "word": "rapturous",
          "score": 4.0
        },
        {
          "word": "winning",
          "score": 4.0
        }
      ]
    },
    {
      "sample": 97,
      "position": 0.9797979797979798,
      "smoothed": 0.3298662003835914,
      "word_offset": 185469,
      "read_time_min": 741.9,
      "driving_words": [
        {
          "word": "winning",
          "score": 4.0
        },
        {
          "word": "brilliant",
          "score": 4.0
        },
        {
          "word": "heavenly",
          "score": 4.0
        },
        {
          "word": "funny",
          "score": 4.0
        },
        {
          "word": "rejoicing",
          "score": 4.0
        },
        {
          "word": "miracle",
          "score": 4.0
        }
      ]
    }
  ],
  "valleys": [
    {
      "sample": 14,
      "position": 0.1414141414141414,
      "smoothed": 0.14991831142467357,
      "word_offset": 31047,
      "read_time_min": 124.2,
      "driving_words": [
        {
          "word": "humiliation",
          "score": -3.0
        },
        {
          "word": "charged",
          "score": -3.0
        },
        {
          "word": "mad",
          "score": -3.0
        },
        {
          "word": "suck",
          "score": -3.0
        },
        {
          "word": "disastrous",
          "score": -3.0
        },
        {
          "word": "tyrannical",
          "score": -3.0
        }
      ]
    },
    {
      "sample": 23,
      "position": 0.23232323232323232,
      "smoothed": 0.1687059336927339,
      "word_offset": 47792,
      "read_time_min": 191.2,
      "driving_words": [
        {
          "word": "bad",
          "score": -3.0
        },
        {
          "word": "worried",
          "score": -3.0
        },
        {
          "word": "damage",
          "score": -3.0
        },
        {
          "word": "desperately",
          "score": -3.0
        },
        {
          "word": "worst",
          "score": -3.0
        },
        {
          "word": "selfish",
          "score": -3.0
        }
      ]
    },
    {
      "sample": 34,
      "position": 0.3434343434343434,
      "smoothed": 0.16291152305121684,
      "word_offset": 68257,
      "read_time_min": 273.0,
      "driving_words": [
        {
          "word": "deceive",
          "score": -3.0
        },
        {
          "word": "hate",
          "score": -3.0
        },
        {
          "word": "selfish",
          "score": -3.0
        },
        {
          "word": "despondent",