{
  "status": "ok",
  "n_words": 54578,
  "window_size": 10000,
  "reliability": "high",
  "raw": [
    0.0008,
    0.0088,
    0.012,
    0.0152,
    0.0052,
    0.002,
    -0.0012,
    -0.014,
    -0.0088,
    -0.0012,
    -0.0224,
    -0.0336,
    -0.034,
    -0.0408,
    -0.0336,
    -0.0484,
    -0.044,
    -0.0356,
    -0.0528,
    -0.068,
    -0.066,
    -0.08,
    -0.0896,
    -0.0952,
    -0.0952,
    -0.0984,
    -0.0988,
    -0.0944,
    -0.0888,
    -0.0632,
    -0.0688,
    -0.0648,
    -0.0592,
    -0.0468,
    -0.042,
    -0.0384,
    -0.0344,
    -0.0276,
    -0.0316,
    -0.0284,
    -0.01,
    0.002,
    0.002,
    -0.0076,
    0.0072,
    0.0036,
    0.0036,
    -0.002,
    0.0124,
    0.0132,
    0.0148,
    -0.0056,
    -0.0024,
    -0.0044,
    0.0052,
    0.0156,
    0.0116,
    0.006,
    0.0048,
    0.0,
    0.0188,
    0.0104,
    0.0104,
    0.0184,
    0.016,
    0.0344,
    0.0416,
    0.042,
    0.0448,
    0.0432,
    0.0312,
    0.0312,
    0.0352,
    0.046,
    0.0372,
    0.0468,
    0.0404,
    0.0116,
    0.0176,
    0.0124,
    0.0084,
    0.0032,
    0.0004,
    0.0104,
    0.0056,
    0.0016,
    0.0004,
    -0.0012,
    -0.002,
    -0.0092,
    -0.016,
    -0.012,
    -0.0108,
    -0.0024,
    0.0012,
    -0.0056,
    0.0008,
    -0.0024,
    0.0016,
    0.0264
  ],
  "smoothed": [
    0.009287246749080505,
    0.010446652739245452,
    0.010820676368071816,
    0.010020358679316648,
    0.00782956137369828,
    0.004290230852489279,
    -0.00032295128846998865,
    -0.0056126732092662635,
    -0.01118984225276641,
    -0.016759996514478008,
    -0.022134011455399633,
    -0.02718053882829981,
    -0.031773364588551505,
    -0.03578914308278306,
    -0.039177420390201674,
    -0.0420730398018397,
    -0.04487975321280684,
    -0.04824850357647728,
    -0.05291264664265655,
    -0.059410873929856785,
    -0.06779517011808292,
    -0.0774515691179154,
    -0.08713572940421005,
    -0.09524854345453865,
    -0.10027893059423505,
    -0.10126388934059528,
    -0.09809570843290773,
    -0.09155567569373302,
    -0.08305525965547159,
    -0.07417851396032653,
    -0.06619611576284366,
    -0.05972928351770946,
    -0.05467735335083899,
    -0.05041368333773842,
    -0.04614761126606995,
    -0.041290769909007034,
    -0.03567805136230517,
    -0.029568940470303482,
    -0.023457949180414425,
    -0.01780625892267469,
    -0.012833395296974985,
    -0.0084677374007014,
    -0.004469018572456806,
    -0.0006468430744390166,
    0.0029501198872401843,
    0.005985230250192752,
    0.007964843407422494,
    0.008494783159482105,
    0.007537480352160148,
    0.00553374732734355,
    0.0033094490642670417,
    0.0017869813276527062,
    0.0016185000923939457,
    0.002905494640540689,
    0.005142055635571002,
    0.0074256244318143885,
    0.008859089010336739,
    0.008975857424311968,
    0.007998705116422394,
    0.00680669352331623,
    0.006607434703611379,
    0.008441756643620403,
    0.012726800321105345,
    0.019034953122892672,
    0.026210848089660503,
    0.0327863406280034,
    0.03752506224030075,
    0.03987012558533492,
    0.04010731103839604,
    0.039176180159266855,
    0.0382119025455067,
    0.038016299760711976,
    0.038687361369274725,
    0.03956850477523592,
    0.03954111149863559,
    0.03753562588443437,
    0.03304157555106901,
    0.026396016766099567,
    0.018723255929613842,
    0.011545942100378244,
    0.0062257045849342645,
    0.0034619608034447903,
    0.003051494457445214,
    0.004001532471641398,
    0.004943224716059831,
    0.004672554898340469,
    0.0026009312467142553,
    -0.0010561350739114151,
    -0.005409825402946056,
    -0.009274610140500537,
    -0.011624035351097649,
    -0.01194085349989947,
    -0.010335805613435119,
    -0.007415524975977286,
    -0.003984755017859086,
    -0.0007269175568336655,
    0.0020012939304967546,
    0.004191584009661781,
    0.0060416649335101715,
    0.007739486425035533
  ],
  "shape_matches": [
    {
      "shape": "Man in a Hole",
      "correlation": 0.5561
    },
    {
      "shape": "Rags to Riches",
      "correlation": 0.5177
    },
    {
      "shape": "Cinderella",
      "correlation": 0.4058
    },
    {
      "shape": "Icarus",
      "correlation": 0.0061
    },
    {
      "shape": "Oedipus",
      "correlation": -0.3912
    },
    {
      "shape": "Tragedy",
      "correlation": -0.5177
    }
  ],
  "best_shape": "Man in a Hole",
  "best_shape_correlation": 0.5561,
  "peaks": [
    {
      "sample": 2,
      "position": 0.020202020202020204,
      "smoothed": 0.010820676368071816,
      "word_offset": 5901,
      "read_time_min": 23.6,
      "driving_words": [
        {
          "word": "supreme",
          "score": 4.0
        },
        {
          "word": "miracle",
          "score": 4.0
        },
        {
          "word": "fantastic",
          "score": 4.0
        },
        {
          "word": "fabulous",
          "score": 4.0
        },
        {
          "word": "funny",
          "score": 4.0
        },
        {
          "word": "impressed",
          "score": 3.0
        }
      ]
    },
    {
      "sample": 57,
      "position": 0.5757575757575758,
      "smoothed": 0.008975857424311968,
      "word_offset": 30666,
      "read_time_min": 122.7,
      "driving_words": [
        {
          "word": "brilliant",
          "score": 4.0
        },
        {
          "word": "wonderful",
          "score": 4.0
        },
        {
          "word": "terrific",
          "score": 4.0
        },
        {
          "word": "great",
          "score": 3.0
        },
        {
          "word": "best",
          "score": 3.0
        },
        {
          "word": "soothe",
          "score": 3.0
        }
      ]
    },
    {
      "sample": 68,
      "position": 0.6868686868686869,
      "smoothed": 0.04010731103839604,
      "word_offset": 35619,
      "read_time_min": 142.5,
      "driving_words": [
        {
          "word": "brilliant",
          "score": 4.0
        },
        {
          "word": "excitement",
          "score": 3.0
        },
        {
          "word": "succeeded",
          "score": 3.0
        },
        {
          "word": "perfection",
          "score": 3.0
        },
        {
          "word": "visionary",
          "score": 3.0
        },
        {
          "word": "handsome",
          "score": 3.0
        }
      ]
    }
  ],
  "valleys": [
    {
      "sample": 25,
      "position": 0.25252525252525254,
      "smoothed": -0.10126388934059528,
      "word_offset": 16257,
      "read_time_min": 65.0,
      "driving_words": [
        {
          "word": "worse",
          "score": -3.0
        },
        {
          "word": "lost",
          "score": -3.0
        },
        {
          "word": "abuse",
          "score": -3.0
        },
        {
          "word": "violent",
          "score": -3.0
        },
        {
          "word": "anger",
          "score": -3.0
        },
        {
          "word": "worry",
          "score": -3.0
        }
      ]
    },
    {
      "sample": 52,
      "position": 0.5252525252525253,
      "smoothed": 0.0016185000923939457,
      "word_offset": 28415,
      "read_time_min": 113.7,
      "driving_words": [
        {
          "word": "torture",
          "score": -4.0
        },
        {
          "word": "guilty",
          "score": -3.0
        },
        {
          "word": "loss",
          "score": -3.0
        },
        {
          "word": "lost",
          "score": -3.0
        },
        {
          "word": "died",
          "score": -3.0
        },
        {
          "word": "crimes",
          "score": -3.0
        }
      ]
    },
    {
      "sample": 91,
      "position": 0.9191919191919192,
      "smoothed": -0.01194085349989947,
      "word_offset": 45976,
      "read_time_min": 183.9,
      "driving_words": [
        {
          "word": "loss",