{
  "status": "ok",
  "n_words": 352733,
  "window_size": 10000,
  "reliability": "high",
  "raw": [
    0.1688,
    0.172,
    0.1468,
    0.132,
    0.1176,
    0.0688,
    0.0284,
    0.034,
    0.046,
    0.05,
    0.0744,
    0.1136,
    0.1372,
    0.136,
    0.1048,
    0.0548,
    0.0468,
    0.0732,
    0.104,
    0.11,
    0.0592,
    0.0512,
    0.0308,
    0.0828,
    0.1564,
    0.172,
    0.0812,
    -0.0112,
    0.0216,
    0.0828,
    0.0708,
    0.0568,
    0.114,
    0.1296,
    0.0516,
    0.0116,
    0.026,
    0.0588,
    0.0952,
    0.0976,
    0.092,
    0.0684,
    0.0364,
    0.0012,
    0.0344,
    0.0244,
    0.0556,
    0.0116,
    0.1032,
    0.072,
    0.0816,
    0.032,
    0.0148,
    0.0644,
    0.0024,
    0.056,
    0.0656,
    0.0884,
    0.0536,
    0.0536,
    0.0356,
    0.046,
    0.0292,
    0.0504,
    0.0592,
    0.0864,
    0.0708,
    0.14,
    0.1368,
    0.1652,
    0.1188,
    0.1132,
    0.1008,
    0.062,
    0.048,
    0.006,
    0.076,
    0.1084,
    0.1124,
    0.078,
    0.058,
    0.104,
    0.1028,
    0.114,
    0.124,
    0.1024,
    0.114,
    0.0944,
    0.1184,
    0.0924,
    0.1044,
    0.0336,
    0.022,
    0.0316,
    0.056,
    0.0404,
    0.034,
    0.0344,
    0.074,
    0.17
  ],
  "smoothed": [
    0.15530222895277654,
    0.16684750906310988,
    0.16160068295120142,
    0.1400032226014742,
    0.10710976459515208,
    0.07151599408026268,
    0.042940141840994185,
    0.029180395312853637,
    0.033505101714648586,
    0.05347188835510304,
    0.08170054464858499,
    0.10840436384529835,
    0.12479688277755364,
    0.1261217705487911,
    0.11317030230612848,
    0.0917237285578156,
    0.07016470437291694,
    0.05621643999612741,
    0.054096271973565736,
    0.06317597074458052,
    0.07860657585494708,
    0.09355814957525782,
    0.10208333516893497,
    0.10140324155582406,
    0.0927132275905452,
    0.08027383905334128,
    0.06929202000812666,
    0.06358863644051845,
    0.06408508975336673,
    0.06872321152892286,
    0.0737586300616387,
    0.07574714723845948,
    0.07325434290500994,
    0.06748357322123388,
    0.06155140043162547,
    0.05878988738955021,
    0.060919217351389394,
    0.06699710558290362,
    0.07368495446164053,
    0.07674500540793991,
    0.07308880562793153,
    0.06241316423631619,
    0.04762250055505009,
    0.033778101742279666,
    0.025991577423201406,
    0.0271821470632351,
    0.03671081475108539,
    0.05053758435290412,
    0.06287818999190242,
    0.06866206770868734,
    0.06571833969884144,
    0.05571581262862404,
    0.04342009828138567,
    0.0345726935819424,
    0.03331524465911016,
    0.04030009992192934,
    0.052343239727690165,
    0.06380718138338143,
    0.0691395922322134,
    0.06547192879007584,
    0.0541323637087266,
    0.040374928672228645,
    0.031382117364428974,
    0.033337428101802534,
    0.04877079374258317,
    0.07528062079711445,
    0.10617525605658541,
    0.13279367995940372,
    0.14758993231206954,
    0.14677626925963067,
    0.13152592821690318,
    0.10733718476195973,
    0.08189494171456031,
    0.062328622819719626,
    0.05293588110742804,
    0.05417508119308751,
    0.06316420774875127,
    0.07531305327574205,
    0.08631286982245595,
    0.0936596805857844,
    0.09717941371663263,
    0.09849830421292996,
    0.09984161753679077,
    0.10276678119260463,
    0.10737583742750514,
    0.11227053774600487,
    0.11516400488683809,
    0.11380822005841344,
    0.10683340064014323,
    0.09421741944863707,
    0.07731759910771072,
    0.05858041384376181,
    0.04111064689093255,
    0.028222971297477938,
    0.022983759717276522,
    0.02767763460296691,
    0.043169415177678,
    0.06827053749190262,
    0.0993761904348417,
    0.13069876917008547
  ],
  "shape_matches": [
    {
      "shape": "Oedipus",
      "correlation": 0.3581
    },
    {
      "shape": "Tragedy",
      "correlation": 0.0999
    },
    {
      "shape": "Rags to Riches",
      "correlation": -0.0999
    },
    {
      "shape": "Man in a Hole",
      "correlation": -0.2084
    },
    {
      "shape": "Cinderella",
      "correlation": -0.3507
    },
    {
      "shape": "Icarus",
      "correlation": -0.3563
    }
  ],
  "best_shape": "Oedipus",
  "best_shape_correlation": 0.3581,
  "peaks": [
    {
      "sample": 1,
      "position": 0.010101010101010102,
      "smoothed": 0.16684750906310988,
      "word_offset": 8462,
      "read_time_min": 33.8,
      "driving_words": [
        {
          "word": "amazing",
          "score": 4.0
        },
        {
          "word": "wonderfully",
          "score": 4.0
        },
        {
          "word": "triumph",
          "score": 4.0
        },
        {
          "word": "heavenly",
          "score": 4.0
        },
        {
          "word": "great",
          "score": 3.0
        },
        {
          "word": "pleased",
          "score": 3.0
        }
      ]
    },
    {
      "sample": 13,
      "position": 0.13131313131313133,
      "smoothed": 0.1261217705487911,
      "word_offset": 50005,
      "read_time_min": 200.0,
      "driving_words": [
        {
          "word": "triumph",
          "score": 4.0
        },
        {
          "word": "fun",
          "score": 4.0
        },
        {
          "word": "best",
          "score": 3.0
        },
        {
          "word": "heroic",
          "score": 3.0
        },
        {
          "word": "soothe",
          "score": 3.0
        },
        {
          "word": "good",
          "score": 3.0
        }
      ]
    },
    {
      "sample": 68,
      "position": 0.6868686868686869,
      "smoothed": 0.14758993231206954,
      "word_offset": 240413,
      "read_time_min": 961.7,
      "driving_words": [
        {
          "word": "wins",
          "score": 4.0
        },
        {
          "word": "miracle",
          "score": 4.0
        },
        {
          "word": "brilliant",
          "score": 4.0
        },
        {
          "word": "wonderful",
          "score": 4.0
        },
        {
          "word": "perfect",
          "score": 3.0
        },
        {
          "word": "good",
          "score": 3.0
        }
      ]
    }
  ],
  "valleys": [
    {
      "sample": 7,
      "position": 0.0707070707070707,
      "smoothed": 0.029180395312853637,
      "word_offset": 29234,
      "read_time_min": 116.9,
      "driving_words": [
        {
          "word": "bastard",
          "score": -5.0
        },
        {
          "word": "slut",
          "score": -5.0
        },
        {
          "word": "terror",
          "score": -3.0
        },
        {
          "word": "cruel",
          "score": -3.0
        },
        {
          "word": "guilt",
          "score": -3.0
        },
        {
          "word": "slave",
          "score": -3.0
        }
      ]
    },
    {
      "sample": 44,
      "position": 0.4444444444444444,
      "smoothed": 0.025991577423201406,
      "word_offset": 157326,
      "read_time_min": 629.3,
      "driving_words": [
        {
          "word": "whore",
          "score": -4.0
        },
        {
          "word": "damned",
          "score": -4.0
        },
        {
          "word": "hated",
          "score": -3.0
        },
        {
          "word": "bad",
          "score": -3.0
        },
        {
          "word": "destroying",
          "score": -3.0
        },
        {
          "word": "destruction",
          "score": -3.0
        }
      ]
    },
    {
      "sample": 94,
      "position": 0.9494949494949495,
      "smoothed": 0.022983759717276522,
      "word_offset": 330423,
      "read_time_min": 1321.7,
      "driving_words": [
        {
          "word": "prick",
          "score": -5.0
        },
        {
          "word": "frauds",
          "score": -4.0
        },
        {
          "word": "ludicrous",
          "score": -3.0
        },
        {
          "word": "abusive",