{
  "status": "ok",
  "n_words": 97988,
  "window_size": 10000,
  "reliability": "high",
  "raw": [
    0.0392,
    0.058,
    0.0656,
    0.0424,
    0.0132,
    0.006,
    0.0204,
    0.0176,
    0.0532,
    0.0624,
    0.0616,
    0.0596,
    0.0356,
    0.0384,
    0.042,
    0.0384,
    0.0608,
    0.054,
    0.0588,
    0.0412,
    0.0088,
    -0.0032,
    0.0188,
    0.0452,
    0.0616,
    0.066,
    0.0808,
    0.092,
    0.1072,
    0.0852,
    0.0892,
    0.1044,
    0.1196,
    0.1208,
    0.118,
    0.1084,
    0.1,
    0.0788,
    0.0656,
    0.06,
    0.0712,
    0.0728,
    0.0492,
    0.0364,
    0.0256,
    0.0348,
    0.0436,
    0.0352,
    0.0484,
    0.054,
    0.0556,
    0.0688,
    0.0628,
    0.0908,
    0.0892,
    0.0988,
    0.078,
    0.0556,
    0.0392,
    0.0336,
    0.028,
    0.0048,
    -0.0188,
    -0.0156,
    -0.042,
    -0.0376,
    -0.028,
    -0.0196,
    -0.0104,
    0.008,
    0.0104,
    0.0296,
    0.0584,
    0.0692,
    0.0632,
    0.0728,
    0.0596,
    0.0604,
    0.0496,
    0.0468,
    0.0676,
    0.0836,
    0.0788,
    0.0652,
    0.0808,
    0.0892,
    0.1016,
    0.092,
    0.0844,
    0.0768,
    0.0788,
    0.0492,
    0.0488,
    0.032,
    0.0304,
    0.01,
    0.0012,
    0.0216,
    0.028,
    0.0276
  ],
  "smoothed": [
    0.046034578151714196,
    0.04557181465117353,
    0.040419531827851726,
    0.033200919223058165,
    0.02706900305442813,
    0.024471954879531046,
    0.026308038590648054,
    0.031775092007594215,
    0.03890832454643759,
    0.045510682167723984,
    0.050037571636978175,
    0.05205780482165279,
    0.05213790591264632,
    0.05127696907881742,
    0.05022278967964527,
    0.04903552622054513,
    0.047122044198951406,
    0.04371563064648979,
    0.03854340321094215,
    0.03231955038808149,
    0.026776770576146785,
    0.02416619085992869,
    0.026414609437123163,
    0.03430427730067679,
    0.047049572054632345,
    0.062479498850360325,
    0.0777691185173268,
    0.09041820995295542,
    0.0990643485514679,
    0.10379177241876658,
    0.10582358270736197,
    0.10675991567853864,
    0.10772335488679413,
    0.10880503140767392,
    0.10905730436778523,
    0.10702093637767561,
    0.1015259750888146,
    0.09238081097857644,
    0.08061983251883709,
    0.0681894747882977,
    0.05721687078640819,
    0.04920107246291041,
    0.044502419976122226,
    0.04236438106460197,
    0.04144998015462636,
    0.040629838608108745,
    0.03963619671637536,
    0.0392559438508093,
    0.04095024921769236,
    0.04606042891178599,
    0.0549629205867321,
    0.06657491341139736,
    0.078465705298029,
    0.08756194950867778,
    0.09116843944912305,
    0.0878816377533763,
    0.07801733148904026,
    0.06338714899727918,
    0.046544360190992166,
    0.029847392183673202,
    0.014756313618027428,
    0.0016538113926996534,
    -0.009773666330432973,
    -0.019827456233805055,
    -0.028149556704570193,
    -0.03349513722343945,
    -0.03407944500901284,
    -0.028370978230449345,
    -0.0159724830018005,
    0.0018370616457301847,
    0.022196817179108895,
    0.04141960475903161,
    0.056139146835055484,
    0.06439685647405842,
    0.06622885448404799,
    0.06351887332266953,
    0.05918981140661425,
    0.05607993843908421,
    0.05596866558466096,
    0.05913095051194551,
    0.06455095046372947,
    0.07062950193106712,
    0.07601141228505882,
    0.08013051627284319,
    0.08323172208277786,
    0.0859006534410484,
    0.0883828665665631,
    0.09008553398621084,
    0.08957044489100373,
    0.08510559129819939,
    0.07555628647349219,
    0.0612021652337492,
    0.04406036920880216,
    0.027489048139348205,
    0.015157727298854106,
    0.009763555590427865,
    0.012011267232530695,
    0.0202918800343979,
    0.031220362053815745,
    0.04084125976444301
  ],
  "shape_matches": [
    {
      "shape": "Icarus",
      "correlation": 0.1153
    },
    {
      "shape": "Tragedy",
      "correlation": 0.063
    },
    {
      "shape": "Cinderella",
      "correlation": 0.0115
    },
    {
      "shape": "Oedipus",
      "correlation": -0.0155
    },
    {
      "shape": "Man in a Hole",
      "correlation": -0.0463
    },
    {
      "shape": "Rags to Riches",
      "correlation": -0.063
    }
  ],
  "best_shape": "Icarus",
  "best_shape_correlation": 0.1153,
  "peaks": [
    {
      "sample": 34,
      "position": 0.3434343434343434,
      "smoothed": 0.10905730436778523,
      "word_offset": 35218,
      "read_time_min": 140.9,
      "driving_words": [
        {
          "word": "win",
          "score": 4.0
        },
        {
          "word": "wonderful",
          "score": 4.0
        },
        {
          "word": "amazing",
          "score": 4.0
        },
        {
          "word": "fabulous",
          "score": 4.0
        },
        {
          "word": "good",
          "score": 3.0
        },
        {
          "word": "happiness",
          "score": 3.0
        }
      ]
    },
    {
      "sample": 54,
      "position": 0.5454545454545454,
      "smoothed": 0.09116843944912305,
      "word_offset": 52993,
      "read_time_min": 212.0,
      "driving_words": [
        {
          "word": "wonderful",
          "score": 4.0
        },
        {
          "word": "wonderfully",
          "score": 4.0
        },
        {
          "word": "good",
          "score": 3.0
        },
        {
          "word": "great",
          "score": 3.0
        },
        {
          "word": "best",
          "score": 3.0
        },
        {
          "word": "impressive",
          "score": 3.0
        }
      ]
    },
    {
      "sample": 87,
      "position": 0.8787878787878788,
      "smoothed": 0.09008553398621084,
      "word_offset": 82323,
      "read_time_min": 329.3,
      "driving_words": [
        {
          "word": "amazing",
          "score": 4.0
        },
        {
          "word": "wonderful",
          "score": 4.0
        },
        {
          "word": "rejoicing",
          "score": 4.0
        },
        {
          "word": "great",
          "score": 3.0
        },
        {
          "word": "fascination",
          "score": 3.0
        },
        {
          "word": "good",
          "score": 3.0
        }
      ]
    }
  ],
  "valleys": [
    {
      "sample": 21,
      "position": 0.21212121212121213,
      "smoothed": 0.02416619085992869,
      "word_offset": 23664,
      "read_time_min": 94.7,
      "driving_words": [
        {
          "word": "fraud",
          "score": -4.0
        },
        {
          "word": "charged",
          "score": -3.0
        },
        {
          "word": "hated",
          "score": -3.0
        },
        {
          "word": "loathing",
          "score": -3.0
        },
        {
          "word": "obnoxious",
          "score": -3.0
        },
        {
          "word": "died",
          "score": -3.0
        }
      ]
    },
    {
      "sample": 66,
      "position": 0.6666666666666666,
      "smoothed": -0.03407944500901284,
      "word_offset": 63659,
      "read_time_min": 254.6,
      "driving_words": [
        {
          "word": "lost",
          "score": -3.0
        },
        {
          "word": "mad",
          "score": -3.0
        },
        {
          "word": "horrible",
          "score": -3.0
        },
        {
          "word": "dreadful",
          "score": -3.0
        },
        {
          "word": "terrible",
          "score": -3.0
        },
        {
          "word": "destructive",
          "score": -3.0
        }
      ]
    },
    {
      "sample": 95,
      "position": 0.9595959595959596,
      "smoothed": 0.009763555590427865,
      "word_offset": 89433,
      "read_time_min": 357.7,
      "driving_words": [
        {
          "word": "frauds",
          "score": -4.0
        },
        {
          "word": "fraudulent",
          "score": -4.0
        },
        {
          "word": "dreadful",