{
  "status": "ok",
  "n_words": 200685,
  "window_size": 10000,
  "reliability": "high",
  "raw": [
    0.0908,
    0.0736,
    0.074,
    0.12,
    0.1196,
    0.1264,
    0.138,
    0.1248,
    0.0776,
    0.0852,
    0.072,
    0.0448,
    0.0512,
    0.0864,
    0.0632,
    0.0596,
    0.0844,
    0.0724,
    0.0844,
    0.0792,
    0.1048,
    0.0892,
    0.1072,
    0.1084,
    0.1132,
    0.1136,
    0.1644,
    0.1396,
    0.1664,
    0.2,
    0.206,
    0.2308,
    0.2224,
    0.2,
    0.1584,
    0.1204,
    0.1,
    0.0868,
    0.084,
    0.094,
    0.1132,
    0.084,
    0.0896,
    0.0808,
    0.0304,
    0.0204,
    -0.008,
    0.0288,
    0.0268,
    0.0524,
    0.0568,
    0.0928,
    0.0748,
    0.0676,
    0.0784,
    0.0588,
    0.018,
    -0.0068,
    -0.016,
    -0.0128,
    -0.0284,
    -0.0312,
    -0.0052,
    0.008,
    -0.0028,
    0.0044,
    0.008,
    0.006,
    -0.0152,
    0.0056,
    0.0164,
    0.038,
    0.0492,
    0.0952,
    0.0852,
    0.0908,
    0.0836,
    0.1044,
    0.0776,
    0.084,
    0.08,
    0.094,
    0.0916,
    0.0992,
    0.1,
    0.1216,
    0.1112,
    0.078,
    0.0688,
    0.0452,
    0.0144,
    0.0268,
    0.0408,
    0.0212,
    0.016,
    0.006,
    0.0,
    0.0056,
    0.0508,
    0.0752
  ],
  "smoothed": [
    0.06549731770355939,
    0.08499383601333108,
    0.10408125925991157,
    0.11927979062366698,
    0.1276578791446335,
    0.1278167715765963,
    0.12035890437117915,
    0.10765868336313197,
    0.09303987063106911,
    0.07969972721546366,
    0.0698054415862463,
    0.06409009856869649,
    0.062042222047725866,
    0.06252260722324897,
    0.0644724331106695,
    0.06737141427085208,
    0.07126058533716302,
    0.07638244934176922,
    0.0826944289886546,
    0.08957922532675053,
    0.0959718595705661,
    0.1008951250044091,
    0.10415320919311348,
    0.10680013361607227,
    0.11105233403887418,
    0.11954504525784695,
    0.13414571554545784,
    0.15479253215623204,
    0.17889570646872816,
    0.20167145746448248,
    0.21742495283569888,
    0.22139731377696728,
    0.2115131308336884,
    0.18933781616080328,
    0.1598085994464229,
    0.12975220365374013,
    0.10567369241815207,
    0.09160511097020382,
    0.08781067091265621,
    0.09084416794806152,
    0.09495444304204455,
    0.09432749157990646,
    0.08533600977133698,
    0.06796233744761607,
    0.045870503979778945,
    0.025107201788475683,
    0.011916589053192306,
    0.010469871922071739,
    0.02132446128883969,
    0.041143842536500184,
    0.06374434982597672,
    0.08206721373981439,
    0.09037337888033044,
    0.08592253297453015,
    0.06962077169481053,
    0.045504032783180166,
    0.019318770209214388,
    -0.0032705029003887364,
    -0.018253461301377363,
    -0.024170649521254375,
    -0.02214653513205336,
    -0.015161114300736868,
    -0.006878054867830508,
    -0.0004328478507728884,
    0.0024633523843377494,
    0.0018898173007961905,
    -0.00048646165749324235,
    -0.0020652322610103723,
    -0.00020035178829071578,
    0.006935432987896322,
    0.019740403340631332,
    0.03698945942110894,
    0.05611179755855711,
    0.07387591721596148,
    0.08730213216426128,
    0.0945431229003254,
    0.09545880309459774,
    0.09168110075998351,
    0.08611049756094807,
    0.08197174162384208,
    0.08171976298509266,
    0.08616404779977606,
    0.09412987390346299,
    0.10280236542779868,
    0.1086588289178421,
    0.10867430340923306,
    0.10137280699032868,
    0.08734350854905903,
    0.06903651736133483,
    0.04992509144959174,
    0.03336274199523727,
    0.021576247160223876,
    0.015170793149501939,
    0.013306032801173737,
    0.014421212039164594,
    0.017161349305955233,
    0.021080875874711066,
    0.026808858369145722,
    0.03560497423733881,
    0.04851191604786436
  ],
  "shape_matches": [
    {
      "shape": "Tragedy",
      "correlation": 0.4434
    },
    {
      "shape": "Oedipus",
      "correlation": 0.3766
    },
    {
      "shape": "Icarus",
      "correlation": -0.0563
    },
    {
      "shape": "Cinderella",
      "correlation": -0.3876
    },
    {
      "shape": "Rags to Riches",
      "correlation": -0.4434
    },
    {
      "shape": "Man in a Hole",
      "correlation": -0.4631
    }
  ],
  "best_shape": "Tragedy",
  "best_shape_correlation": 0.4434,
  "peaks": [
    {
      "sample": 5,
      "position": 0.050505050505050504,
      "smoothed": 0.1278167715765963,
      "word_offset": 14631,
      "read_time_min": 58.5,
      "driving_words": [
        {
          "word": "wonderfully",
          "score": 4.0
        },
        {
          "word": "fun",
          "score": 4.0
        },
        {
          "word": "wonderful",
          "score": 4.0
        },
        {
          "word": "triumph",
          "score": 4.0
        },
        {
          "word": "won",
          "score": 3.0
        },
        {
          "word": "wealth",
          "score": 3.0
        }
      ]
    },
    {
      "sample": 31,
      "position": 0.31313131313131315,
      "smoothed": 0.22139731377696728,
      "word_offset": 64709,
      "read_time_min": 258.8,
      "driving_words": [
        {
          "word": "rejoicing",
          "score": 4.0
        },
        {
          "word": "love",
          "score": 3.0
        },
        {
          "word": "pleased",
          "score": 3.0
        },
        {
          "word": "handsome",
          "score": 3.0
        },
        {
          "word": "best",
          "score": 3.0
        },
        {
          "word": "greater",
          "score": 3.0
        }
      ]
    },
    {
      "sample": 85,
      "position": 0.8585858585858586,
      "smoothed": 0.10867430340923306,
      "word_offset": 168719,
      "read_time_min": 674.9,
      "driving_words": [
        {
          "word": "triumph",
          "score": 4.0
        },
        {
          "word": "fun",
          "score": 4.0
        },
        {
          "word": "best",
          "score": 3.0
        },
        {
          "word": "loves",
          "score": 3.0
        },
        {
          "word": "good",
          "score": 3.0
        },
        {
          "word": "perfectly",
          "score": 3.0
        }
      ]
    }
  ],
  "valleys": [
    {
      "sample": 47,
      "position": 0.47474747474747475,
      "smoothed": 0.010469871922071739,
      "word_offset": 95527,
      "read_time_min": 382.1,
      "driving_words": [
        {
          "word": "tortures",
          "score": -4.0
        },
        {
          "word": "hell",
          "score": -4.0
        },
        {
          "word": "evil",
          "score": -3.0
        },
        {
          "word": "worse",
          "score": -3.0
        },
        {
          "word": "violent",
          "score": -3.0
        },
        {
          "word": "awful",
          "score": -3.0
        }
      ]
    },
    {
      "sample": 59,
      "position": 0.5959595959595959,
      "smoothed": -0.024170649521254375,
      "word_offset": 118641,
      "read_time_min": 474.6,
      "driving_words": [
        {
          "word": "hell",
          "score": -4.0
        },
        {
          "word": "hate",
          "score": -3.0
        },
        {
          "word": "victim",
          "score": -3.0
        },
        {
          "word": "betrayed",
          "score": -3.0
        },
        {
          "word": "inexorable",
          "score": -3.0
        },
        {
          "word": "cruelty",
          "score": -3.0
        }
      ]
    },
    {
      "sample": 67,
      "position": 0.6767676767676768,
      "smoothed": -0.0020652322610103723,
      "word_offset": 134049,
      "read_time_min": 536.2,
      "driving_words": [
        {
          "word": "miserable",
          "score": -3.0
        },
        {
          "word": "mad",
          "score": -3.0
        },
        {
          "word": "lost",
          "score": -3.0
        },
        {
          "word": "dead",