{
  "status": "ok",
  "n_words": 133853,
  "window_size": 10000,
  "reliability": "high",
  "raw": [
    0.0808,
    0.0604,
    0.082,
    0.0828,
    0.08,
    0.0772,
    0.0696,
    0.0576,
    0.0656,
    0.1252,
    0.1188,
    0.1156,
    0.1176,
    0.116,
    0.1096,
    0.1252,
    0.114,
    0.0748,
    0.0656,
    0.084,
    0.0868,
    0.0824,
    0.0876,
    0.0744,
    0.0596,
    0.0524,
    0.0632,
    0.0588,
    0.0536,
    0.0692,
    0.0752,
    0.0904,
    0.1076,
    0.128,
    0.1116,
    0.0952,
    0.1028,
    0.0996,
    0.0856,
    0.0552,
    0.0644,
    0.0424,
    0.0532,
    0.0688,
    0.0532,
    0.0552,
    0.0804,
    0.1156,
    0.102,
    0.1032,
    0.1016,
    0.0772,
    0.0752,
    0.0644,
    0.0568,
    0.0484,
    0.0548,
    0.0632,
    0.0528,
    0.0524,
    0.0452,
    0.0552,
    0.0444,
    0.0276,
    0.018,
    0.0192,
    0.0356,
    0.0432,
    0.066,
    0.0388,
    0.06,
    0.0752,
    0.082,
    0.074,
    0.0664,
    0.0776,
    0.0844,
    0.0964,
    0.0728,
    0.0628,
    0.0608,
    0.0572,
    0.0592,
    0.0528,
    0.0296,
    0.0276,
    0.032,
    0.0252,
    0.0096,
    0.0172,
    0.028,
    0.0332,
    0.0344,
    0.052,
    0.0476,
    0.058,
    0.0748,
    0.054,
    0.0256,
    0.0212
  ],
  "smoothed": [
    0.056527127181043975,
    0.0653117005017915,
    0.07318245675816497,
    0.07783393537099144,
    0.0785036211043626,
    0.07640167503437781,
    0.07426129760951541,
    0.07517227952119832,
    0.0811821823015583,
    0.09226865290259145,
    0.10614528417709945,
    0.11901779510571484,
    0.12700322612344692,
    0.12763626472099765,
    0.12083982914557144,
    0.10895444449117321,
    0.09581158766185494,
    0.08523397695007492,
    0.07958150646984688,
    0.07893588150128973,
    0.08124310101057171,
    0.08332969135189897,
    0.08234841991075992,
    0.07704310963840215,
    0.06831529324767571,
    0.05888101845941415,
    0.05218839547883602,
    0.05106169248290976,
    0.056625556342901125,
    0.06791661798071622,
    0.08228417294159901,
    0.09635617880226162,
    0.10714150312336226,
    0.11283331259295451,
    0.11305809805138589,
    0.10858480070871786,
    0.10073935911972468,
    0.09085904238137632,
    0.08003843062768203,
    0.0692185841773328,
    0.059461062824135755,
    0.052137883366884505,
    0.048813721011250984,
    0.05077472000886419,
    0.05837824330464751,
    0.07054512116756499,
    0.0847081550257648,
    0.09735902259218042,
    0.10507172646878127,
    0.10564449577180483,
    0.0989072393709448,
    0.08684180150426354,
    0.07292387133870336,
    0.060910463158887665,
    0.0535298675873419,
    0.05157900235497672,
    0.05377229097815531,
    0.05738308794130442,
    0.05940134942295115,
    0.05773328688706077,
    0.05197091740752066,
    0.043455319204526575,
    0.03465788088294576,
    0.028177880084693907,
    0.025787776583998792,
    0.027901024951441384,
    0.03362705178617348,
    0.041315484498294384,
    0.049295152381343785,
    0.05646462311377519,
    0.0625002914433644,
    0.06765294678193802,
    0.07230183199646517,
    0.07653355192386965,
    0.07997169907464645,
    0.08193117174028368,
    0.08179086541795444,
    0.0793625443954447,
    0.07503991642037554,
    0.06963480323590814,
    0.06398170922901379,
    0.05852619119678822,
    0.05313394560277954,
    0.04725072785921755,
    0.040358276376627734,
    0.03250107486078421,
    0.024593125064374492,
    0.018294865467015784,
    0.015448384006733443,
    0.017283904569154424,
    0.023752392381155882,
    0.0333212797902793,
    0.04338825021811923,
    0.05119586469737323,
    0.054889508253893125,
    0.05426736826481682,
    0.050877084251299665,
    0.04738289680420243,
    0.04644596550157668,
    0.04958693713021486
  ],
  "shape_matches": [
    {
      "shape": "Tragedy",
      "correlation": 0.6067
    },
    {
      "shape": "Oedipus",
      "correlation": 0.3372
    },
    {
      "shape": "Icarus",
      "correlation": 0.0898
    },
    {
      "shape": "Cinderella",
      "correlation": -0.3587
    },
    {
      "shape": "Man in a Hole",
      "correlation": -0.5314
    },
    {
      "shape": "Rags to Riches",
      "correlation": -0.6067
    }
  ],
  "best_shape": "Tragedy",
  "best_shape_correlation": 0.6067,
  "peaks": [
    {
      "sample": 13,
      "position": 0.13131313131313133,
      "smoothed": 0.12763626472099765,
      "word_offset": 21264,
      "read_time_min": 85.1,
      "driving_words": [
        {
          "word": "win",
          "score": 4.0
        },
        {
          "word": "supreme",
          "score": 4.0
        },
        {
          "word": "brilliant",
          "score": 4.0
        },
        {
          "word": "triumph",
          "score": 4.0
        },
        {
          "word": "wonderfully",
          "score": 4.0
        },
        {
          "word": "excellent",
          "score": 3.0
        }
      ]
    },
    {
      "sample": 34,
      "position": 0.3434343434343434,
      "smoothed": 0.11305809805138589,
      "word_offset": 47535,
      "read_time_min": 190.1,
      "driving_words": [
        {
          "word": "winning",
          "score": 4.0
        },
        {
          "word": "brilliant",
          "score": 4.0
        },
        {
          "word": "affection",
          "score": 3.0
        },
        {
          "word": "good",
          "score": 3.0
        },
        {
          "word": "mirth",
          "score": 3.0
        },
        {
          "word": "impressed",
          "score": 3.0
        }
      ]
    },
    {
      "sample": 49,
      "position": 0.494949494949495,
      "smoothed": 0.10564449577180483,
      "word_offset": 66301,
      "read_time_min": 265.2,
      "driving_words": [
        {
          "word": "miracle",
          "score": 4.0
        },
        {
          "word": "perfectly",
          "score": 3.0
        },
        {
          "word": "best",
          "score": 3.0
        },
        {
          "word": "love",
          "score": 3.0
        },
        {
          "word": "admire",
          "score": 3.0
        },
        {
          "word": "loved",
          "score": 3.0
        }
      ]
    }
  ],
  "valleys": [
    {
      "sample": 64,
      "position": 0.6464646464646465,
      "smoothed": 0.025787776583998792,
      "word_offset": 85067,
      "read_time_min": 340.3,
      "driving_words": [
        {
          "word": "torture",
          "score": -4.0
        },
        {
          "word": "dumb",
          "score": -3.0
        },
        {
          "word": "killed",
          "score": -3.0
        },
        {
          "word": "suck",
          "score": -3.0
        },
        {
          "word": "killing",
          "score": -3.0
        },
        {
          "word": "dead",
          "score": -3.0
        }
      ]
    },
    {
      "sample": 88,
      "position": 0.8888888888888888,
      "smoothed": 0.015448384006733443,
      "word_offset": 115092,
      "read_time_min": 460.4,
      "driving_words": [
        {
          "word": "tortured",
          "score": -4.0
        },
        {
          "word": "torture",
          "score": -4.0
        },
        {
          "word": "died",
          "score": -3.0
        },
        {
          "word": "irritate",
          "score": -3.0
        },
        {
          "word": "fatal",
          "score": -3.0
        },
        {
          "word": "dead",
          "score": -3.0
        }
      ]
    },
    {
      "sample": 98,
      "position": 0.98989898989899,
      "smoothed": 0.04644596550157668,
      "word_offset": 127602,
      "read_time_min": 510.4,
      "driving_words": [
        {
          "word": "torture",
          "score": -4.0
        },
        {
          "word": "die",
          "score": -3.0
        },
        {
          "word": "worse",
          "score": -3.0
        },
        {
          "word": "lost",