{
  "status": "ok",
  "n_words": 246786,
  "window_size": 10000,
  "reliability": "high",
  "raw": [
    0.0464,
    0.076,
    0.0588,
    0.0772,
    0.1056,
    0.0808,
    0.1112,
    0.0936,
    0.1164,
    0.138,
    0.136,
    0.1708,
    0.1816,
    0.1844,
    0.1884,
    0.17,
    0.12,
    0.092,
    0.0816,
    0.0676,
    0.0672,
    0.0876,
    0.118,
    0.1336,
    0.1572,
    0.1532,
    0.1168,
    0.1136,
    0.0396,
    0.012,
    -0.0116,
    -0.018,
    0.0348,
    0.034,
    0.0236,
    -0.044,
    -0.0992,
    -0.0856,
    -0.104,
    -0.0648,
    -0.0056,
    -0.0184,
    0.024,
    0.0216,
    0.0408,
    0.0696,
    0.0712,
    0.1008,
    0.0328,
    0.0136,
    0.0028,
    0.0444,
    0.0636,
    0.0468,
    0.0008,
    -0.0408,
    -0.0084,
    0.0312,
    0.0784,
    0.1044,
    0.088,
    0.0672,
    0.066,
    0.0388,
    -0.0068,
    -0.022,
    -0.018,
    -0.0116,
    0.0244,
    0.0592,
    0.0944,
    0.0948,
    0.0724,
    -0.0008,
    -0.0376,
    -0.0376,
    -0.044,
    0.0128,
    0.0272,
    0.0212,
    0.0324,
    0.0152,
    -0.0456,
    -0.0524,
    -0.0272,
    -0.0368,
    0.0236,
    0.0168,
    -0.0216,
    -0.0068,
    -0.0212,
    -0.0016,
    0.0676,
    0.0844,
    0.0936,
    0.1208,
    0.0792,
    0.0748,
    0.0856,
    0.0608
  ],
  "smoothed": [
    0.055003277397661504,
    0.05082842454235604,
    0.05734289287202691,
    0.07203433821131991,
    0.08940405470488066,
    0.10367741601358227,
    0.11162771722251864,
    0.11413265542719968,
    0.1156460704510834,
    0.12175326218824566,
    0.13593038222185827,
    0.1570882813442173,
    0.17920470520895182,
    0.19343017366555137,
    0.19189371505143069,
    0.17156729795694609,
    0.13639246521725415,
    0.09653790848882507,
    0.06487779060798543,
    0.052027647934486554,
    0.06198565816098988,
    0.0902621271041196,
    0.12538183166353828,
    0.153228421090695,
    0.16247936675118155,
    0.14889259100076369,
    0.11667617574939264,
    0.07640625597529203,
    0.04042391853250383,
    0.017703176192268102,
    0.010377914323814708,
    0.013364641837694785,
    0.017153955532440274,
    0.012468021563851708,
    -0.00530428036420533,
    -0.03384243952783505,
    -0.06475673021840439,
    -0.08714403520659729,
    -0.09223216916481268,
    -0.07706948977293514,
    -0.04568915232354649,
    -0.007330180597501661,
    0.02739899726721655,
    0.05066061134179742,
    0.06002162037766987,
    0.058531454472025575,
    0.052399908691843314,
    0.04752250924006682,
    0.04657646080800095,
    0.048064437878834965,
    0.047693429695338095,
    0.04131707309902041,
    0.027893155446130836,
    0.010882723299142767,
    -0.0027403059302099873,
    -0.005535392700435453,
    0.006675294729566797,
    0.032184110271699165,
    0.06325199285847673,
    0.08872563357689348,
    0.09843869553691466,
    0.08754873806609936,
    0.05889672979326089,
    0.022266998701051186,
    -0.00926183541667438,
    -0.02442302684084786,
    -0.018220316803140745,
    0.006117060753774415,
    0.03849213923545837,
    0.06602806088582946,
    0.07816912027687946,
    0.0706872387596606,
    0.04699506400836395,
    0.016338955979674132,
    -0.010239263544808593,
    -0.024392583130638155,
    -0.02353434139406753,
    -0.011307964742531169,
    0.0045415531645228045,
    0.015794512310768297,
    0.01722271907220156,
    0.00843535881806285,
    -0.006529752660299092,
    -0.02145780998383088,
    -0.03085702357582349,
    -0.03213160716208118,
    -0.026118376614649313,
    -0.015933540073150523,
    -0.004895501552939539,
    0.005317469122407777,
    0.015318450806384982,
    0.027189610857319812,
    0.042699073721566276,
    0.06158401798399377,
    0.08090456960916022,
    0.0959257947500188,
    0.10218688958863997,
    0.09776838701223295,
    0.08460129320647843,
    0.06807467202060308
  ],
  "shape_matches": [
    {
      "shape": "Oedipus",
      "correlation": 0.564
    },
    {
      "shape": "Tragedy",
      "correlation": 0.4245
    },
    {
      "shape": "Icarus",
      "correlation": -0.3755
    },
    {
      "shape": "Rags to Riches",
      "correlation": -0.4245
    },
    {
      "shape": "Man in a Hole",
      "correlation": -0.5568
    },
    {
      "shape": "Cinderella",
      "correlation": -0.5672
    }
  ],
  "best_shape": "Oedipus",
  "best_shape_correlation": 0.564,
  "peaks": [
    {
      "sample": 13,
      "position": 0.13131313131313133,
      "smoothed": 0.19343017366555137,
      "word_offset": 36093,
      "read_time_min": 144.4,
      "driving_words": [
        {
          "word": "superb",
          "score": 5.0
        },
        {
          "word": "win",
          "score": 4.0
        },
        {
          "word": "brilliant",
          "score": 4.0
        },
        {
          "word": "wonderfully",
          "score": 4.0
        },
        {
          "word": "good",
          "score": 3.0
        },
        {
          "word": "charming",
          "score": 3.0
        }
      ]
    },
    {
      "sample": 24,
      "position": 0.24242424242424243,
      "smoothed": 0.16247936675118155,
      "word_offset": 62403,
      "read_time_min": 249.6,
      "driving_words": [
        {
          "word": "wonderful",
          "score": 4.0
        },
        {
          "word": "win",
          "score": 4.0
        },
        {
          "word": "supreme",
          "score": 4.0
        },
        {
          "word": "greatest",
          "score": 3.0
        },
        {
          "word": "love",
          "score": 3.0
        },
        {
          "word": "beautiful",
          "score": 3.0
        }
      ]
    },
    {
      "sample": 96,
      "position": 0.9696969696969697,
      "smoothed": 0.10218688958863997,
      "word_offset": 234611,
      "read_time_min": 938.4,
      "driving_words": [
        {
          "word": "wonderful",
          "score": 4.0
        },
        {
          "word": "triumph",
          "score": 4.0
        },
        {
          "word": "good",
          "score": 3.0
        },
        {
          "word": "pleasure",
          "score": 3.0
        },
        {
          "word": "marvelous",
          "score": 3.0
        },
        {
          "word": "fascinating",
          "score": 3.0
        }
      ]
    }
  ],
  "valleys": [
    {
      "sample": 38,
      "position": 0.3838383838383838,
      "smoothed": -0.09223216916481268,
      "word_offset": 95888,
      "read_time_min": 383.6,
      "driving_words": [
        {
          "word": "damned",
          "score": -4.0
        },
        {
          "word": "dreadful",
          "score": -3.0
        },
        {
          "word": "dying",
          "score": -3.0
        },
        {
          "word": "dumb",
          "score": -3.0
        },
        {
          "word": "violently",
          "score": -3.0
        },
        {
          "word": "awful",
          "score": -3.0
        }
      ]
    },
    {
      "sample": 65,
      "position": 0.6565656565656566,
      "smoothed": -0.02442302684084786,
      "word_offset": 160466,
      "read_time_min": 641.9,
      "driving_words": [
        {
          "word": "despair",
          "score": -3.0
        },
        {
          "word": "lost",
          "score": -3.0
        },
        {
          "word": "deception",
          "score": -3.0
        },
        {
          "word": "charged",
          "score": -3.0
        },
        {
          "word": "killed",
          "score": -3.0
        },
        {
          "word": "mad",
          "score": -3.0
        }
      ]
    },
    {
      "sample": 85,
      "position": 0.8585858585858586,
      "smoothed": -0.03213160716208118,
      "word_offset": 208301,
      "read_time_min": 833.2,
      "driving_words": [
        {
          "word": "hell",
          "score": -4.0
        },
        {
          "word": "torture",
          "score": -4.0
        },
        {
          "word": "destroy",