{
  "status": "ok",
  "n_words": 267465,
  "window_size": 10000,
  "reliability": "high",
  "raw": [
    0.2052,
    0.142,
    0.1112,
    0.1016,
    0.0396,
    0.0388,
    0.0952,
    0.0836,
    0.1436,
    0.1504,
    0.1232,
    0.15,
    0.1284,
    0.1392,
    0.128,
    0.1036,
    0.128,
    0.142,
    0.1572,
    0.114,
    0.1172,
    0.0812,
    0.0564,
    0.076,
    0.0872,
    0.0704,
    0.1088,
    0.1488,
    0.1048,
    0.1284,
    0.128,
    0.1404,
    0.118,
    0.1548,
    0.146,
    0.1424,
    0.1184,
    0.082,
    0.0832,
    0.0744,
    0.1264,
    0.09,
    0.1336,
    0.132,
    0.1288,
    0.1668,
    0.1592,
    0.1796,
    0.1728,
    0.1564,
    0.1636,
    0.1396,
    0.1284,
    0.0744,
    0.0916,
    0.1232,
    0.1284,
    0.156,
    0.1296,
    0.0828,
    0.07,
    0.1136,
    0.1276,
    0.1332,
    0.0904,
    0.048,
    0.0416,
    0.0132,
    0.0276,
    0.0292,
    0.0132,
    0.022,
    0.0392,
    -0.0032,
    0.0212,
    0.0144,
    0.0472,
    0.068,
    0.0316,
    0.0724,
    0.0344,
    0.0488,
    0.1032,
    0.1196,
    0.1312,
    0.122,
    0.0568,
    0.0372,
    0.0568,
    0.048,
    0.0784,
    0.0772,
    0.0972,
    0.1424,
    0.1188,
    0.1252,
    0.1328,
    0.1132,
    0.1392,
    0.1892
  ],
  "smoothed": [
    0.1583445350164777,
    0.14070925439558016,
    0.11642402260948907,
    0.0916733027119667,
    0.07341070223667959,
    0.06689001052418295,
    0.0737019647858402,
    0.09115291458190251,
    0.11327899619983244,
    0.13310488816040267,
    0.145228515053096,
    0.14767573003526915,
    0.14228521835366098,
    0.1335169662113161,
    0.12625092517620343,
    0.12356179550371005,
    0.12544001168470512,
    0.12898989117846435,
    0.1299720200442275,
    0.12496398428489411,
    0.11315216302438458,
    0.09694763122019304,
    0.0811537959680045,
    0.07105879644190967,
    0.07029349609122088,
    0.07938217957059021,
    0.09558818740215426,
    0.11407533406462374,
    0.12983396371721662,
    0.13951309471349066,
    0.14238682014421267,
    0.140111902256362,
    0.1354982588482817,
    0.13095201152893107,
    0.12736398811796262,
    0.12396171195081251,
    0.11914858535597425,
    0.11185851393804716,
    0.10269344441692461,
    0.09420858381291762,
    0.09011951522704215,
    0.09373394080733323,
    0.10630852511677741,
    0.12610820545514492,
    0.14865967359211082,
    0.16816897122228688,
    0.17955189282810666,
    0.18024308008066922,
    0.17103518548502067,
    0.1556155777202595,
    0.13902709914825298,
    0.12573010055562217,
    0.11808557200848967,
    0.11585607294207134,
    0.11684174784122249,
    0.11825723752399839,
    0.11814627722878733,
    0.11616069204485076,
    0.11337587118058957,
    0.1113050492790661,
    0.11067348013067516,
    0.11063027013478866,
    0.10885512867215386,
    0.10256585139934482,
    0.0899675930301477,
    0.07143318260557703,
    0.04979241029608891,
    0.029504364086712812,
    0.01501015430294089,
    0.00896866251697678,
    0.011169693377731162,
    0.018643719651355264,
    0.026961946979611354,
    0.03218047796392236,
    0.03257587982614528,
    0.02939233366851379,
    0.026247739946974373,
    0.027440571170016144,
    0.03589497653099895,
    0.051654123968989774,
    0.07160030526825571,
    0.09054572600291667,
    0.10323779009748246,
    0.10642451586773893,
    0.10010593429419257,
    0.08746179800861034,
    0.07352794282111845,
    0.06323026679604757,
    0.05963729320551762,
    0.06315264988256353,
    0.0719102726772212,
    0.08307516006387744,
    0.09435184624485193,
    0.10494469837675972,
    0.11551988985036607,
    0.12723838035436746,
    0.1404115525269547,
    0.15354226715986669,
    0.16334719601763184,
    0.16588355560418344
  ],
  "shape_matches": [
    {
      "shape": "Tragedy",
      "correlation": 0.3201
    },
    {
      "shape": "Oedipus",
      "correlation": 0.1375
    },
    {
      "shape": "Icarus",
      "correlation": -0.0263
    },
    {
      "shape": "Cinderella",
      "correlation": -0.1503
    },
    {
      "shape": "Rags to Riches",
      "correlation": -0.3201
    },
    {
      "shape": "Man in a Hole",
      "correlation": -0.3388
    }
  ],
  "best_shape": "Tragedy",
  "best_shape_correlation": 0.3201,
  "peaks": [
    {
      "sample": 11,
      "position": 0.1111111111111111,
      "smoothed": 0.14767573003526915,
      "word_offset": 33607,
      "read_time_min": 134.4,
      "driving_words": [
        {
          "word": "superb",
          "score": 5.0
        },
        {
          "word": "ecstatic",
          "score": 4.0
        },
        {
          "word": "amazing",
          "score": 4.0
        },
        {
          "word": "fantastic",
          "score": 4.0
        },
        {
          "word": "heavenly",
          "score": 4.0
        },
        {
          "word": "rejoiced",
          "score": 4.0
        }
      ]
    },
    {
      "sample": 30,
      "position": 0.30303030303030304,
      "smoothed": 0.14238682014421267,
      "word_offset": 83020,
      "read_time_min": 332.1,
      "driving_words": [
        {
          "word": "outstanding",
          "score": 5.0
        },
        {
          "word": "supreme",
          "score": 4.0
        },
        {
          "word": "miracle",
          "score": 4.0
        },
        {
          "word": "masterpiece",
          "score": 4.0
        },
        {
          "word": "triumphant",
          "score": 4.0
        },
        {
          "word": "lovely",
          "score": 3.0
        }
      ]
    },
    {
      "sample": 47,
      "position": 0.47474747474747475,
      "smoothed": 0.18024308008066922,
      "word_offset": 127231,
      "read_time_min": 508.9,
      "driving_words": [
        {
          "word": "superb",
          "score": 5.0
        },
        {
          "word": "brilliant",
          "score": 4.0
        },
        {
          "word": "exuberant",
          "score": 4.0
        },
        {
          "word": "amazing",
          "score": 4.0
        },
        {
          "word": "rejoiced",
          "score": 4.0
        },
        {
          "word": "heavenly",
          "score": 4.0
        }
      ]
    }
  ],
  "valleys": [
    {
      "sample": 69,
      "position": 0.696969696969697,
      "smoothed": 0.00896866251697678,
      "word_offset": 184445,
      "read_time_min": 737.8,
      "driving_words": [
        {
          "word": "dick",
          "score": -4.0
        },
        {
          "word": "hell",
          "score": -4.0
        },
        {
          "word": "nasty",
          "score": -3.0
        },
        {
          "word": "awful",
          "score": -3.0
        },
        {
          "word": "ugliness",
          "score": -3.0
        },
        {
          "word": "kill",
          "score": -3.0
        }
      ]
    },
    {
      "sample": 76,
      "position": 0.7676767676767676,
      "smoothed": 0.026247739946974373,
      "word_offset": 202650,
      "read_time_min": 810.6,
      "driving_words": [
        {
          "word": "slut",
          "score": -5.0
        },
        {
          "word": "cock",
          "score": -5.0
        },
        {
          "word": "torturing",
          "score": -4.0
        },
        {
          "word": "tortured",
          "score": -4.0
        },
        {
          "word": "madness",
          "score": -3.0
        },
        {
          "word": "disgust",
          "score": -3.0
        }
      ]
    },
    {
      "sample": 88,
      "position": 0.8888888888888888,
      "smoothed": 0.05963729320551762,
      "word_offset": 233858,
      "read_time_min": 935.4,
      "driving_words": [
        {
          "word": "bastards",
          "score": -5.0
        },
        {
          "word": "bastard",
          "score": -5.0
        },
        {
          "word": "tortured",
          "score": -4.0
        },
        {
          "word": "hell",