{
  "status": "ok",
  "n_words": 77891,
  "window_size": 10000,
  "reliability": "high",
  "raw": [
    0.1088,
    0.1016,
    0.0984,
    0.0908,
    0.0704,
    0.052,
    0.0412,
    0.0384,
    0.0392,
    0.0256,
    0.0172,
    -0.0064,
    0.0056,
    -0.008,
    -0.0184,
    -0.0184,
    -0.0292,
    -0.0452,
    -0.024,
    -0.0032,
    0.004,
    0.0124,
    0.0076,
    0.0216,
    0.0228,
    0.0244,
    0.0064,
    -0.0036,
    -0.0056,
    -0.0084,
    -0.0036,
    0.0012,
    -0.0192,
    -0.012,
    -0.0128,
    -0.0024,
    0.024,
    0.0368,
    0.0448,
    0.0488,
    0.0496,
    0.0664,
    0.0656,
    0.0496,
    0.0576,
    0.0612,
    0.0852,
    0.0932,
    0.0908,
    0.0964,
    0.078,
    0.0564,
    0.0528,
    0.0316,
    0.0268,
    0.0224,
    0.026,
    0.0236,
    0.0456,
    0.0384,
    0.0396,
    0.0464,
    0.0484,
    0.0376,
    0.0152,
    0.0156,
    0.016,
    0.0148,
    0.0268,
    0.0232,
    0.0176,
    0.0396,
    0.0344,
    0.0364,
    0.0476,
    0.0532,
    0.036,
    0.0524,
    0.0592,
    0.0728,
    0.0756,
    0.0808,
    0.0824,
    0.0756,
    0.0632,
    0.0544,
    0.056,
    0.054,
    0.0396,
    0.0268,
    0.0372,
    0.036,
    0.0072,
    -0.0032,
    -0.0064,
    -0.008,
    -0.002,
    0.0112,
    0.0304,
    0.0352
  ],
  "smoothed": [
    0.08197146832549876,
    0.09623613537312314,
    0.09961057154007893,
    0.092376221585225,
    0.07758005329390134,
    0.059843198027305713,
    0.04369197769671842,
    0.03204097414456943,
    0.0253858592634289,
    0.021975351833905556,
    0.01884371525295536,
    0.013253734619137165,
    0.003956422167819972,
    -0.00822913732148293,
    -0.02072019195497494,
    -0.030200245126526366,
    -0.03393132926241149,
    -0.03081244686699372,
    -0.021776533302230897,
    -0.009405930717322297,
    0.003032861758963632,
    0.012714907607712723,
    0.01809053276126269,
    0.01913250614031945,
    0.016972418397360526,
    0.013162133459860002,
    0.008934245937783712,
    0.004797920657589585,
    0.0006195287573884345,
    -0.003907306749060293,
    -0.00868607712962389,
    -0.012866778954818851,
    -0.014937248212985428,
    -0.013253918105570417,
    -0.006786877366318378,
    0.0042679471336564715,
    0.01831993661093949,
    0.03278642429666496,
    0.04494589230493689,
    0.05291426864891435,
    0.05634500626271441,
    0.05655082274922637,
    0.05597309917349971,
    0.05718974575799851,
    0.061843828084966204,
    0.06991410658292001,
    0.07961904769753779,
    0.08800097123525617,
    0.09197562559319439,
    0.08945765857498893,
    0.08014971523002885,
    0.0657156147542229,
    0.04928909583645535,
    0.03450720156375978,
    0.02441314951507714,
    0.02059651611708371,
    0.022831580796674533,
    0.029288180115882693,
    0.03719735822126285,
    0.04372338048407478,
    0.0467602639042597,
    0.04543127786550293,
    0.0401886858566178,
    0.03254018462685844,
    0.024526842817489413,
    0.018123322372590064,
    0.01472483772534471,
    0.014841261058947688,
    0.018055832881010946,
    0.023239490995334552,
    0.02895198661968244,
    0.0339152962321521,
    0.03742192113074066,
    0.03955013379067782,
    0.0411060924614611,
    0.04329425283519415,
    0.047212587678253384,
    0.05334506411279639,
    0.0612463746718828,
    0.06956315688932845,
    0.07641947555197205,
    0.0800501562345546,
    0.07945070477689184,
    0.0747805517111307,
    0.06733227730812125,
    0.05904420188667214,
    0.05172641064583232,
    0.04631016489467513,
    0.0424507522852964,
    0.03869238108753253,
    0.03317877969489328,
    0.024651989136683986,
    0.0133273899131147,
    0.0012403491049848636,
    -0.008158968500531162,
    -0.011092628760100975,
    -0.004862451144168016,
    0.010950311407113729,
    0.03398547046993104,
    0.05955892489575153
  ],
  "shape_matches": [
    {
      "shape": "Man in a Hole",
      "correlation": 0.2165
    },
    {
      "shape": "Cinderella",
      "correlation": 0.1862
    },
    {
      "shape": "Rags to Riches",
      "correlation": 0.1489
    },
    {
      "shape": "Icarus",
      "correlation": 0.0295
    },
    {
      "shape": "Tragedy",
      "correlation": -0.1489
    },
    {
      "shape": "Oedipus",
      "correlation": -0.1846
    }
  ],
  "best_shape": "Man in a Hole",
  "best_shape_correlation": 0.2165,
  "peaks": [
    {
      "sample": 2,
      "position": 0.020202020202020204,
      "smoothed": 0.09961057154007893,
      "word_offset": 6372,
      "read_time_min": 25.5,
      "driving_words": [
        {
          "word": "thrilled",
          "score": 5.0
        },
        {
          "word": "heavenly",
          "score": 4.0
        },
        {
          "word": "triumph",
          "score": 4.0
        },
        {
          "word": "winning",
          "score": 4.0
        },
        {
          "word": "terrific",
          "score": 4.0
        },
        {
          "word": "vigor",
          "score": 3.0
        }
      ]
    },
    {
      "sample": 48,
      "position": 0.48484848484848486,
      "smoothed": 0.09197562559319439,
      "word_offset": 37917,
      "read_time_min": 151.7,
      "driving_words": [
        {
          "word": "wonderfully",
          "score": 4.0
        },
        {
          "word": "faithful",
          "score": 3.0
        },
        {
          "word": "loyal",
          "score": 3.0
        },
        {
          "word": "paradise",
          "score": 3.0
        },
        {
          "word": "won",
          "score": 3.0
        },
        {
          "word": "popularity",
          "score": 3.0
        }
      ]
    },
    {
      "sample": 81,
      "position": 0.8181818181818182,
      "smoothed": 0.0800501562345546,
      "word_offset": 60547,
      "read_time_min": 242.2,
      "driving_words": [
        {
          "word": "thrilled",
          "score": 5.0
        },
        {
          "word": "fantastic",
          "score": 4.0
        },
        {
          "word": "win",
          "score": 4.0
        },
        {
          "word": "wins",
          "score": 4.0
        },
        {
          "word": "wonderful",
          "score": 4.0
        },
        {
          "word": "best",
          "score": 3.0
        }
      ]
    }
  ],
  "valleys": [
    {
      "sample": 16,
      "position": 0.16161616161616163,
      "smoothed": -0.03393132926241149,
      "word_offset": 15972,
      "read_time_min": 63.9,
      "driving_words": [
        {
          "word": "torturing",
          "score": -4.0
        },
        {
          "word": "hell",
          "score": -4.0
        },
        {
          "word": "warning",
          "score": -3.0
        },
        {
          "word": "despair",
          "score": -3.0
        },
        {
          "word": "worse",
          "score": -3.0
        },
        {
          "word": "terror",
          "score": -3.0
        }
      ]
    },
    {
      "sample": 32,
      "position": 0.32323232323232326,
      "smoothed": -0.014937248212985428,
      "word_offset": 26945,
      "read_time_min": 107.8,
      "driving_words": [
        {
          "word": "hell",
          "score": -4.0
        },
        {
          "word": "desperate",
          "score": -3.0
        },
        {
          "word": "wrathful",
          "score": -3.0
        },
        {
          "word": "foul",
          "score": -3.0
        },
        {
          "word": "outrage",
          "score": -3.0
        },
        {
          "word": "warning",
          "score": -3.0
        }
      ]
    },
    {
      "sample": 95,
      "position": 0.9595959595959596,
      "smoothed": -0.011092628760100975,
      "word_offset": 70148,
      "read_time_min": 280.6,
      "driving_words": [
        {
          "word": "prick",
          "score": -5.0
        },
        {
          "word": "whore",
          "score": -4.0
        },
        {
          "word": "damned",