{
  "status": "ok",
  "n_words": 318669,
  "window_size": 10000,
  "reliability": "high",
  "raw": [
    0.0892,
    0.0356,
    0.0148,
    0.0628,
    0.1872,
    0.2192,
    0.262,
    0.1968,
    0.166,
    0.0444,
    0.0208,
    0.048,
    0.186,
    0.2068,
    0.2112,
    0.1564,
    0.1348,
    0.0712,
    0.0896,
    -0.006,
    0.0848,
    0.0612,
    0.0964,
    0.1228,
    0.126,
    0.1424,
    0.1624,
    0.1836,
    0.2244,
    0.1596,
    0.1376,
    0.1564,
    0.1864,
    0.2352,
    0.1916,
    0.1628,
    0.078,
    0.032,
    -0.0048,
    0.0388,
    0.0376,
    0.0492,
    0.0256,
    0.0448,
    0.0608,
    0.0836,
    0.148,
    0.1136,
    0.0132,
    -0.0628,
    -0.0556,
    0.0672,
    0.182,
    0.188,
    0.1932,
    0.1896,
    0.2232,
    0.2016,
    0.2064,
    0.1416,
    0.1508,
    0.128,
    0.1844,
    0.2064,
    0.2108,
    0.1772,
    0.1476,
    0.1388,
    0.1544,
    0.1716,
    0.2316,
    0.2592,
    0.2456,
    0.1992,
    0.124,
    0.1132,
    0.1168,
    0.1464,
    0.1792,
    0.1512,
    0.1328,
    0.108,
    0.1428,
    0.1512,
    0.1476,
    0.1572,
    0.1868,
    0.2192,
    0.2308,
    0.2176,
    0.1752,
    0.1528,
    0.048,
    -0.0072,
    -0.0184,
    0.0608,
    0.0484,
    0.0864,
    0.0664,
    0.1204
  ],
  "smoothed": [
    0.06711471446882614,
    0.07197605591716395,
    0.08863979532094479,
    0.11689886040712083,
    0.15008672728466485,
    0.17753301611840805,
    0.18924032950818692,
    0.18066141352975312,
    0.15530084430704788,
    0.12377283062702571,
    0.09953210707085099,
    0.09304808467334884,
    0.10699560632507182,
    0.1346930673622038,
    0.16264676207948117,
    0.1762482749399785,
    0.1662254399794003,
    0.13302909996536827,
    0.08716326360396391,
    0.04519726389571674,
    0.023084275570993355,
    0.02961657603148116,
    0.06282842580637758,
    0.1109036056671258,
    0.15719587830214263,
    0.18718068104670657,
    0.19431648973666643,
    0.1822808640372799,
    0.16265016302421512,
    0.14910800600288432,
    0.15080468701605435,
    0.1678657886088108,
    0.19109336620958453,
    0.20603661746912408,
    0.19965491508399374,
    0.16661899322360502,
    0.11241871271734061,
    0.05181834192259149,
    0.0032227352544275424,
    -0.01869465635649968,
    -0.00897838735520713,
    0.02555518519501681,
    0.0690747820798056,
    0.10314450912141718,
    0.11410757866505948,
    0.09839730343073722,
    0.06365450500770932,
    0.025323921190413556,
    0.0002783217832735829,
    0.00017940452776626036,
    0.027263652943658543,
    0.07409751104037197,
    0.1271177388380842,
    0.17222558936634488,
    0.1999881456877294,
    0.20837312598859556,
    0.20217297701418666,
    0.18976660137040988,
    0.17894882761007944,
    0.17377931977275593,
    0.17372867561359517,
    0.17520236070356798,
    0.17439148267203292,
    0.1698562925008637,
    0.16351216483607936,
    0.1595849774729166,
    0.1621666358185143,
    0.17270552071511486,
    0.18877805509742746,
    0.20482075831463845,
    0.21450221115251317,
    0.21358247983064657,
    0.20185462998992423,
    0.18321072324741663,
    0.1637991812977574,
    0.14918359432032197,
    0.1419075181755361,
    0.1406676079829623,
    0.1414925651585422,
    0.14031035041480958,
    0.13556292428678915,
    0.12946350609534366,
    0.1271360913829162,
    0.13393279713820821,
    0.15218273223178952,
    0.17900905012871288,
    0.20644505276253008,
    0.22404713243509009,
    0.223012331238189,
    0.20002488509737887,
    0.15906992962668703,
    0.11029024436620766,
    0.06626246457800866,
    0.03724264095556883,
    0.027429236631149535,
    0.03386619293525768,
    0.04843454681796864,
    0.06198511364826342,
    0.06868818968743008,
    0.06857851560368279
  ],
  "shape_matches": [
    {
      "shape": "Man in a Hole",
      "correlation": 0.1392
    },
    {
      "shape": "Icarus",
      "correlation": 0.0967
    },
    {
      "shape": "Rags to Riches",
      "correlation": 0.0773
    },
    {
      "shape": "Cinderella",
      "correlation": 0.061
    },
    {
      "shape": "Oedipus",
      "correlation": -0.0588
    },
    {
      "shape": "Tragedy",
      "correlation": -0.0773
    }
  ],
  "best_shape": "Man in a Hole",
  "best_shape_correlation": 0.1392,
  "peaks": [
    {
      "sample": 55,
      "position": 0.5555555555555556,
      "smoothed": 0.20837312598859556,
      "word_offset": 176483,
      "read_time_min": 705.9,
      "driving_words": [
        {
          "word": "rejoiced",
          "score": 4.0
        },
        {
          "word": "brilliant",
          "score": 4.0
        },
        {
          "word": "miracle",
          "score": 4.0
        },
        {
          "word": "pleasure",
          "score": 3.0
        },
        {
          "word": "joy",
          "score": 3.0
        },
        {
          "word": "sparkling",
          "score": 3.0
        }
      ]
    },
    {
      "sample": 70,
      "position": 0.7070707070707071,
      "smoothed": 0.21450221115251317,
      "word_offset": 223251,
      "read_time_min": 893.0,
      "driving_words": [
        {
          "word": "supreme",
          "score": 4.0
        },
        {
          "word": "fantastic",
          "score": 4.0
        },
        {
          "word": "perfectly",
          "score": 3.0
        },
        {
          "word": "greater",
          "score": 3.0
        },
        {
          "word": "pleasure",
          "score": 3.0
        },
        {
          "word": "delightful",
          "score": 3.0
        }
      ]
    },
    {
      "sample": 87,
      "position": 0.8787878787878788,
      "smoothed": 0.22404713243509009,
      "word_offset": 276255,
      "read_time_min": 1105.0,
      "driving_words": [
        {
          "word": "triumph",
          "score": 4.0
        },
        {
          "word": "supreme",
          "score": 4.0
        },
        {
          "word": "pleased",
          "score": 3.0
        },
        {
          "word": "love",
          "score": 3.0
        },
        {
          "word": "greater",
          "score": 3.0
        },
        {
          "word": "affection",
          "score": 3.0
        }
      ]
    }
  ],
  "valleys": [
    {
      "sample": 20,
      "position": 0.20202020202020202,
      "smoothed": 0.023084275570993355,
      "word_offset": 67357,
      "read_time_min": 269.4,
      "driving_words": [
        {
          "word": "torture",
          "score": -4.0
        },
        {
          "word": "horrid",
          "score": -3.0
        },
        {
          "word": "cruel",
          "score": -3.0
        },
        {
          "word": "crime",
          "score": -3.0
        },
        {
          "word": "destruction",
          "score": -3.0
        },
        {
          "word": "despair",
          "score": -3.0
        }
      ]
    },
    {
      "sample": 39,
      "position": 0.3939393939393939,
      "smoothed": -0.01869465635649968,
      "word_offset": 126597,
      "read_time_min": 506.4,
      "driving_words": [
        {
          "word": "torture",
          "score": -4.0
        },
        {
          "word": "evil",
          "score": -3.0
        },
        {
          "word": "bad",
          "score": -3.0
        },
        {
          "word": "destructive",
          "score": -3.0
        },
        {
          "word": "betrays",
          "score": -3.0
        },
        {
          "word": "lost",
          "score": -3.0
        }
      ]
    },
    {
      "sample": 49,
      "position": 0.494949494949495,
      "smoothed": 0.00017940452776626036,
      "word_offset": 157776,
      "read_time_min": 631.1,
      "driving_words": [
        {
          "word": "crime",
          "score": -3.0
        },
        {
          "word": "guilt",
          "score": -3.0
        },
        {
          "word": "cruel",