{
  "status": "ok",
  "n_words": 33455,
  "window_size": 10000,
  "reliability": "high",
  "raw": [
    0.1144,
    0.1168,
    0.1068,
    0.1144,
    0.1112,
    0.1132,
    0.1172,
    0.1076,
    0.092,
    0.1016,
    0.1004,
    0.0816,
    0.0696,
    0.064,
    0.0668,
    0.054,
    0.05,
    0.0512,
    0.0568,
    0.0528,
    0.0428,
    0.036,
    0.0452,
    0.0556,
    0.0592,
    0.0544,
    0.0688,
    0.0712,
    0.0836,
    0.0904,
    0.0916,
    0.1004,
    0.0972,
    0.0956,
    0.0928,
    0.0888,
    0.0924,
    0.0944,
    0.1044,
    0.1116,
    0.118,
    0.1292,
    0.138,
    0.1408,
    0.1328,
    0.1296,
    0.1256,
    0.1212,
    0.1128,
    0.1076,
    0.116,
    0.1008,
    0.098,
    0.1024,
    0.1144,
    0.1204,
    0.1176,
    0.1172,
    0.122,
    0.1176,
    0.116,
    0.1172,
    0.1244,
    0.1244,
    0.118,
    0.1076,
    0.0972,
    0.094,
    0.0904,
    0.0832,
    0.076,
    0.0608,
    0.0624,
    0.0504,
    0.0584,
    0.0712,
    0.0836,
    0.0764,
    0.068,
    0.0696,
    0.064,
    0.062,
    0.0528,
    0.048,
    0.0348,
    0.0292,
    0.0344,
    0.0268,
    0.03,
    0.0316,
    0.0336,
    0.0348,
    0.0424,
    0.0536,
    0.0512,
    0.0436,
    0.038,
    0.032,
    0.0268,
    0.0216
  ],
  "smoothed": [
    0.0765108035982414,
    0.09471376101047645,
    0.10976176184122308,
    0.1192041415224232,
    0.12221080303224831,
    0.11962403010503224,
    0.11343692893862378,
    0.10594160599525687,
    0.09890056050478765,
    0.09305695176093642,
    0.08813588151453663,
    0.08327392686466743,
    0.07764083003818492,
    0.07095674884855728,
    0.06368044764609895,
    0.0568096544919843,
    0.05141657257484539,
    0.04815749738129703,
    0.04699637625289674,
    0.04727194255459499,
    0.04807064876154602,
    0.048721295961976656,
    0.049168925733224365,
    0.05004088041500707,
    0.05236062460863829,
    0.05702937651093322,
    0.06430707576579082,
    0.07353243123012652,
    0.0832230222489355,
    0.0915344482847539,
    0.0969034398755802,
    0.09862024855187089,
    0.0971035050851725,
    0.09377193014510253,
    0.0905681287472349,
    0.08932168582088697,
    0.09118879900055832,
    0.09635825066739112,
    0.10409541769546443,
    0.11306209336600986,
    0.12175724700748113,
    0.12890655127403297,
    0.13368430094355724,
    0.13574566154466616,
    0.13513173844432916,
    0.1321464761056448,
    0.12728206992414398,
    0.12120823198221631,
    0.11477880986973572,
    0.10898339698927152,
    0.10479715280343031,
    0.10294562611073861,
    0.1036676203165973,
    0.1065892142412562,
    0.11079410405549628,
    0.11509697184009564,
    0.1184323290777187,
    0.12020713831465342,
    0.12046622344718522,
    0.11979069079012133,
    0.1189633154132616,
    0.11854101157222621,
    0.1185235675612742,
    0.11827416612020569,
    0.11674214212791437,
    0.1129063870540991,
    0.10625703446312432,
    0.09710934848759228,
    0.0866092930473366,
    0.07641754026909228,
    0.06819231819172304,
    0.06307309302581164,
    0.06136154614856749,
    0.06250771495236057,
    0.06537869077727063,
    0.06867408725952834,
    0.07130646621290194,
    0.07260366797117668,
    0.07229116888457468,
    0.07032485004011765,
    0.06671236737992794,
    0.06145174809953309,
    0.05463477859393754,
    0.04665247736608197,
    0.03835898788365273,
    0.031044677507678017,
    0.02614912633015674,
    0.02477697794620347,
    0.027201754650271904,
    0.032591303227487316,
    0.0391299991959202,
    0.04456193179816312,
    0.04699580952450695,
    0.04567667750718919,
    0.041407320081567625,
    0.03641347956246575,
    0.033654403442636364,
    0.035802204237838364,
    0.044257760735964664,
    0.05857379531316274
  ],
  "shape_matches": [
    {
      "shape": "Icarus",
      "correlation": 0.5566
    },
    {
      "shape": "Tragedy",
      "correlation": 0.3807
    },
    {
      "shape": "Cinderella",
      "correlation": 0.2403
    },
    {
      "shape": "Man in a Hole",
      "correlation": -0.0643
    },
    {
      "shape": "Oedipus",
      "correlation": -0.2712
    },
    {
      "shape": "Rags to Riches",
      "correlation": -0.3807
    }
  ],
  "best_shape": "Icarus",
  "best_shape_correlation": 0.5566,
  "peaks": [
    {
      "sample": 4,
      "position": 0.04040404040404041,
      "smoothed": 0.12221080303224831,
      "word_offset": 5948,
      "read_time_min": 23.8,
      "driving_words": [
        {
          "word": "wonderful",
          "score": 4.0
        },
        {
          "word": "victory",
          "score": 3.0
        },
        {
          "word": "loved",
          "score": 3.0
        },
        {
          "word": "won",
          "score": 3.0
        },
        {
          "word": "lovely",
          "score": 3.0
        },
        {
          "word": "love",
          "score": 3.0
        }
      ]
    },
    {
      "sample": 43,
      "position": 0.43434343434343436,
      "smoothed": 0.13574566154466616,
      "word_offset": 15188,
      "read_time_min": 60.8,
      "driving_words": [
        {
          "word": "rejoicing",
          "score": 4.0
        },
        {
          "word": "heavenly",
          "score": 4.0
        },
        {
          "word": "winning",
          "score": 4.0
        },
        {
          "word": "wonderful",
          "score": 4.0
        },
        {
          "word": "rejoiced",
          "score": 4.0
        },
        {
          "word": "rejoice",
          "score": 4.0
        }
      ]
    },
    {
      "sample": 58,
      "position": 0.5858585858585859,
      "smoothed": 0.12046622344718522,
      "word_offset": 18741,
      "read_time_min": 75.0,
      "driving_words": [
        {
          "word": "winning",
          "score": 4.0
        },
        {
          "word": "wonderful",
          "score": 4.0
        },
        {
          "word": "rejoiced",
          "score": 4.0
        },
        {
          "word": "rejoice",
          "score": 4.0
        },
        {
          "word": "brilliant",
          "score": 4.0
        },
        {
          "word": "pleased",
          "score": 3.0
        }
      ]
    }
  ],
  "valleys": [
    {
      "sample": 18,
      "position": 0.18181818181818182,
      "smoothed": 0.04699637625289674,
      "word_offset": 9265,
      "read_time_min": 37.1,
      "driving_words": [
        {
          "word": "awful",
          "score": -3.0
        },
        {
          "word": "lost",
          "score": -3.0
        },
        {
          "word": "dumb",
          "score": -3.0
        },
        {
          "word": "loss",
          "score": -3.0
        },
        {
          "word": "uproar",
          "score": -3.0
        },
        {
          "word": "warning",
          "score": -3.0
        }
      ]
    },
    {
      "sample": 87,
      "position": 0.8787878787878788,
      "smoothed": 0.02477697794620347,
      "word_offset": 25612,
      "read_time_min": 102.4,
      "driving_words": [
        {
          "word": "terror",
          "score": -3.0
        },
        {
          "word": "angry",
          "score": -3.0
        },
        {
          "word": "evil",
          "score": -3.0
        },
        {
          "word": "violence",
          "score": -3.0
        },
        {
          "word": "disgusted",
          "score": -3.0
        },
        {
          "word": "violent",
          "score": -3.0
        }
      ]
    },
    {
      "sample": 96,
      "position": 0.9696969696969697,
      "smoothed": 0.033654403442636364,
      "word_offset": 27744,
      "read_time_min": 111.0,
      "driving_words": [
        {
          "word": "terror",
          "score": -3.0
        },
        {
          "word": "dead",
          "score": -3.0
        },
        {
          "word": "evil",
          "score": -3.0
        },
        {
          "word": "terrified",