{
  "status": "ok",
  "n_words": 152277,
  "window_size": 10000,
  "reliability": "high",
  "raw": [
    0.0492,
    0.0572,
    0.052,
    0.0224,
    0.0392,
    0.0668,
    0.0924,
    0.092,
    0.086,
    0.0804,
    0.0984,
    0.0816,
    0.0452,
    0.032,
    0.0492,
    0.0392,
    0.0636,
    0.0332,
    0.0252,
    0.0456,
    0.0592,
    0.0972,
    0.1112,
    0.1156,
    0.1368,
    0.1492,
    0.1488,
    0.1596,
    0.1104,
    0.0892,
    0.0548,
    0.0592,
    0.0476,
    0.0244,
    -0.0028,
    0.016,
    0.0212,
    0.0132,
    0.0052,
    0.0324,
    0.06,
    0.086,
    0.08,
    0.0596,
    0.0992,
    0.1032,
    0.0692,
    0.064,
    0.0448,
    0.0288,
    0.0312,
    0.0008,
    0.0116,
    0.04,
    0.0524,
    0.0496,
    0.0628,
    0.0788,
    0.1084,
    0.0992,
    0.1132,
    0.1088,
    0.1212,
    0.1412,
    0.144,
    0.1548,
    0.1572,
    0.1456,
    0.15,
    0.1696,
    0.1508,
    0.1568,
    0.1344,
    0.1376,
    0.152,
    0.138,
    0.1376,
    0.1252,
    0.116,
    0.1116,
    0.1116,
    0.0852,
    0.0676,
    0.0704,
    0.0736,
    0.0672,
    0.0556,
    0.0624,
    0.066,
    0.0808,
    0.0864,
    0.086,
    0.1036,
    0.1384,
    0.1684,
    0.192,
    0.1784,
    0.1776,
    0.2016,
    0.2124
  ],
  "smoothed": [
    0.1043675086680799,
    0.0679657479175931,
    0.043052796205735946,
    0.033950657934228544,
    0.04013045998096124,
    0.0567149474659423,
    0.07639407658547107,
    0.09199856031462876,
    0.09877110573140016,
    0.0955492394973861,
    0.08454347297436281,
    0.06995876966462165,
    0.05613325869473169,
    0.045989855150478334,
    0.040381741890667094,
    0.03847203447980917,
    0.038822349975131475,
    0.04057655148421066,
    0.04413091012406628,
    0.050963544169842216,
    0.0627165040809987,
    0.07998897007464,
    0.10144616621557553,
    0.12371429003427077,
    0.14218204360244774,
    0.15242380633111124,
    0.15167933882414444,
    0.13979238775786673,
    0.11923630604804936,
    0.09423578475570352,
    0.06936147381582998,
    0.04817038520642975,
    0.0324107668286517,
    0.022038603074090748,
    0.0159308217144196,
    0.012889435822052472,
    0.012435559849415242,
    0.015025851915148155,
    0.021617242031374266,
    0.032821293124299177,
    0.048084737675126825,
    0.06532357748521916,
    0.08123421160375553,
    0.09220203645058811,
    0.09546216177859963,
    0.09005359335101625,
    0.0771918262142939,
    0.05992234575170054,
    0.042201723468972156,
    0.02776228572022227,
    0.019168750402489013,
    0.01736152799091318,
    0.021763954085419347,
    0.03081070450336113,
    0.0426241295433193,
    0.05556719374642159,
    0.06851544113147746,
    0.08084756076192347,
    0.09227547891892833,
    0.1026691518618924,
    0.11197700991630848,
    0.12024449514534917,
    0.1276530915371932,
    0.1344871858370835,
    0.1409918313612893,
    0.14717431874151374,
    0.1526685031334149,
    0.1567769869518992,
    0.15872523154092752,
    0.15804155582712595,
    0.15488307154381928,
    0.15011821648941617,
    0.1450701397425075,
    0.1409862983346975,
    0.13845220961140076,
    0.13703056333183639,
    0.13533670060385158,
    0.13157670093249788,
    0.12435363411688262,
    0.11339580122057977,
    0.09985959806359375,
    0.08602502700059027,
    0.07447058318788846,
    0.06706726211056861,
    0.06424646650377762,
    0.06490618425651591,
    0.06704803368680849,
    0.06889642785195764,
    0.06999440581859669,
    0.07172670525671467,
    0.0769299173764895,
    0.08863949335167932,
    0.10843277518014725,
    0.13507275202038962,
    0.16411420199061996,
    0.18879587795668096,
    0.20203195966953755,
    0.19883888299656416,
    0.17829431675104418,
    0.14423857058873496
  ],
  "shape_matches": [
    {
      "shape": "Rags to Riches",
      "correlation": 0.4789
    },
    {
      "shape": "Man in a Hole",
      "correlation": 0.3543
    },
    {
      "shape": "Cinderella",
      "correlation": 0.1659
    },
    {
      "shape": "Oedipus",
      "correlation": -0.1445
    },
    {
      "shape": "Icarus",
      "correlation": -0.2
    },
    {
      "shape": "Tragedy",
      "correlation": -0.4789
    }
  ],
  "best_shape": "Rags to Riches",
  "best_shape_correlation": 0.4789,
  "peaks": [
    {
      "sample": 25,
      "position": 0.25252525252525254,
      "smoothed": 0.15242380633111124,
      "word_offset": 40929,
      "read_time_min": 163.7,
      "driving_words": [
        {
          "word": "superb",
          "score": 5.0
        },
        {
          "word": "win",
          "score": 4.0
        },
        {
          "word": "rejoice",
          "score": 4.0
        },
        {
          "word": "wonderful",
          "score": 4.0
        },
        {
          "word": "rejoiced",
          "score": 4.0
        },
        {
          "word": "affection",
          "score": 3.0
        }
      ]
    },
    {
      "sample": 68,
      "position": 0.6868686868686869,
      "smoothed": 0.15872523154092752,
      "word_offset": 102726,
      "read_time_min": 410.9,
      "driving_words": [
        {
          "word": "supreme",
          "score": 4.0
        },
        {
          "word": "amazing",
          "score": 4.0
        },
        {
          "word": "wonderfully",
          "score": 4.0
        },
        {
          "word": "fantastic",
          "score": 4.0
        },
        {
          "word": "best",
          "score": 3.0
        },
        {
          "word": "great",
          "score": 3.0
        }
      ]
    },
    {
      "sample": 96,
      "position": 0.9696969696969697,
      "smoothed": 0.20203195966953755,
      "word_offset": 142966,
      "read_time_min": 571.9,
      "driving_words": [
        {
          "word": "overjoyed",
          "score": 4.0
        },
        {
          "word": "wonderfully",
          "score": 4.0
        },
        {
          "word": "rejoiced",
          "score": 4.0
        },
        {
          "word": "wonderful",
          "score": 4.0
        },
        {
          "word": "win",
          "score": 4.0
        },
        {
          "word": "affection",
          "score": 3.0
        }
      ]
    }
  ],
  "valleys": [
    {
      "sample": 3,
      "position": 0.030303030303030304,
      "smoothed": 0.033950657934228544,
      "word_offset": 9311,
      "read_time_min": 37.2,
      "driving_words": [
        {
          "word": "bastards",
          "score": -5.0
        },
        {
          "word": "ass",
          "score": -4.0
        },
        {
          "word": "bribed",
          "score": -3.0
        },
        {
          "word": "losing",
          "score": -3.0
        },
        {
          "word": "despair",
          "score": -3.0
        },
        {
          "word": "dreadful",
          "score": -3.0
        }
      ]
    },
    {
      "sample": 36,
      "position": 0.36363636363636365,
      "smoothed": 0.012435559849415242,
      "word_offset": 56737,
      "read_time_min": 226.9,
      "driving_words": [
        {
          "word": "dick",
          "score": -4.0
        },
        {
          "word": "worst",
          "score": -3.0
        },
        {
          "word": "bad",
          "score": -3.0
        },
        {
          "word": "foul",
          "score": -3.0
        },
        {
          "word": "nasty",
          "score": -3.0
        },
        {
          "word": "vomit",
          "score": -3.0
        }
      ]
    },
    {
      "sample": 51,
      "position": 0.5151515151515151,
      "smoothed": 0.01736152799091318,
      "word_offset": 78294,
      "read_time_min": 313.2,
      "driving_words": [
        {
          "word": "torturing",
          "score": -4.0
        },
        {
          "word": "tortures",
          "score": -4.0
        },
        {
          "word": "die",
          "score": -3.0
        },
        {
          "word": "miserable",