{
  "status": "ok",
  "n_words": 70496,
  "window_size": 10000,
  "reliability": "high",
  "raw": [
    -0.0484,
    -0.0732,
    -0.0812,
    -0.068,
    -0.054,
    -0.0492,
    -0.0524,
    -0.036,
    -0.0208,
    -0.0012,
    0.0132,
    0.0332,
    0.0628,
    0.0772,
    0.068,
    0.0724,
    0.0916,
    0.11,
    0.1196,
    0.1128,
    0.1092,
    0.0984,
    0.1004,
    0.0968,
    0.0904,
    0.0756,
    0.0676,
    0.0584,
    0.0492,
    0.036,
    0.034,
    0.024,
    0.0244,
    0.03,
    0.0308,
    0.0276,
    0.0328,
    0.034,
    0.0392,
    0.0328,
    0.0228,
    0.0068,
    0.0044,
    0.0088,
    0.0116,
    0.008,
    0.0056,
    0.0252,
    0.032,
    0.026,
    0.0128,
    0.0064,
    -0.0096,
    -0.0204,
    -0.0244,
    -0.0224,
    -0.004,
    0.0028,
    -0.0048,
    -0.01,
    -0.0236,
    -0.0216,
    -0.0276,
    -0.0388,
    -0.046,
    -0.0504,
    -0.0488,
    -0.0372,
    -0.036,
    -0.0284,
    -0.028,
    -0.042,
    -0.044,
    -0.0632,
    -0.0552,
    -0.052,
    -0.0524,
    -0.0464,
    -0.0392,
    -0.0284,
    -0.0232,
    -0.0344,
    -0.0232,
    -0.0192,
    -0.0224,
    -0.0236,
    -0.0088,
    0.0232,
    0.0248,
    0.0364,
    0.0428,
    0.0308,
    0.0388,
    0.0224,
    0.0304,
    0.0296,
    0.0304,
    0.036,
    0.046,
    0.0584
  ],
  "smoothed": [
    -0.01740112982772861,
    -0.042397780556608054,
    -0.0628320676167726,
    -0.07457094950046145,
    -0.07568298613123574,
    -0.06682577425223568,
    -0.05075473140843006,
    -0.03120073107230723,
    -0.011580529912536372,
    0.0059749768580096676,
    0.020958722201933143,
    0.03415336241071199,
    0.046853178741309454,
    0.0600188416736121,
    0.07372321760864126,
    0.08708338472327849,
    0.09864761741877283,
    0.10701669088971155,
    0.11140252627615677,
    0.11188553110514386,
    0.10928741522140772,
    0.10475300390434525,
    0.09925432242402137,
    0.09324603750959802,
    0.08661519879308856,
    0.07892602888729988,
    0.06982847591679646,
    0.059433542394821244,
    0.048481900107302627,
    0.03822784310293509,
    0.030082303180730418,
    0.025154246989934976,
    0.023863479848760537,
    0.025763209803801486,
    0.02962918058135688,
    0.033780148210643554,
    0.03652585676034658,
    0.03661176822793045,
    0.03354372637126619,
    0.02771618889692608,
    0.020317337999163382,
    0.013031493842912524,
    0.007599824058793184,
    0.00533406194867192,
    0.006701662918948772,
    0.011105064130603512,
    0.01694979763237114,
    0.022029243253746084,
    0.024156394504303357,
    0.02187302750079196,
    0.015004591347177012,
    0.004841722349429474,
    -0.006169898893757444,
    -0.015182964662402392,
    -0.019920701737085468,
    -0.019529165355693153,
    -0.014976242727729357,
    -0.008803349466804755,
    -0.004269172058157279,
    -0.0041668340425296034,
    -0.009747717997469438,
    -0.020175691270461434,
    -0.0327545273149874,
    -0.04387975034549065,
    -0.0503758412499272,
    -0.05070999424173999,
    -0.04560103809069055,
    -0.03776564773051082,
    -0.03088079828828735,
    -0.028157773114212862,
    -0.0310881041593281,
    -0.03886289743441036,
    -0.0487022530153286,
    -0.056965359096736216,
    -0.06059363765880883,
    -0.05830159916403239,
    -0.05103244379730217,
    -0.041498044195865356,
    -0.03300146142212578,
    -0.028037044941755202,
    -0.02725376699748841,
    -0.029212965271974194,
    -0.031036420575438647,
    -0.029665600220412675,
    -0.023196222549154984,
    -0.011722604243843002,
    0.002663884162848187,
    0.0167175322830753,
    0.027359526159472267,
    0.032911653255952786,
    0.03371401621105027,
    0.03186107784512033,
    0.030167011591056822,
    0.030802352126424647,
    0.034189265042679697,
    0.03864084412627176,
    0.04092325132401726,
    0.03753634616855131,
    0.026208009026002475,
    0.007003295760232056
  ],
  "shape_matches": [
    {
      "shape": "Tragedy",
      "correlation": 0.2707
    },
    {
      "shape": "Oedipus",
      "correlation": 0.2318
    },
    {
      "shape": "Icarus",
      "correlation": -0.0174
    },
    {
      "shape": "Cinderella",
      "correlation": -0.2384
    },
    {
      "shape": "Rags to Riches",
      "correlation": -0.2707
    },
    {
      "shape": "Man in a Hole",
      "correlation": -0.3486
    }
  ],
  "best_shape": "Tragedy",
  "best_shape_correlation": 0.2707,
  "peaks": [
    {
      "sample": 19,
      "position": 0.1919191919191919,
      "smoothed": 0.11188553110514386,
      "word_offset": 16610,
      "read_time_min": 66.4,
      "driving_words": [
        {
          "word": "wonderful",
          "score": 4.0
        },
        {
          "word": "overjoyed",
          "score": 4.0
        },
        {
          "word": "grand",
          "score": 3.0
        },
        {
          "word": "great",
          "score": 3.0
        },
        {
          "word": "delight",
          "score": 3.0
        },
        {
          "word": "best",
          "score": 3.0
        }
      ]
    },
    {
      "sample": 37,
      "position": 0.37373737373737376,
      "smoothed": 0.03661176822793045,
      "word_offset": 27610,
      "read_time_min": 110.4,
      "driving_words": [
        {
          "word": "stunning",
          "score": 4.0
        },
        {
          "word": "faithful",
          "score": 3.0
        },
        {
          "word": "luck",
          "score": 3.0
        },
        {
          "word": "great",
          "score": 3.0
        },
        {
          "word": "pleasant",
          "score": 3.0
        },
        {
          "word": "handsome",
          "score": 3.0
        }
      ]
    },
    {
      "sample": 96,
      "position": 0.9696969696969697,
      "smoothed": 0.04092325132401726,
      "word_offset": 63663,
      "read_time_min": 254.7,
      "driving_words": [
        {
          "word": "wonderful",
          "score": 4.0
        },
        {
          "word": "merry",
          "score": 3.0
        },
        {
          "word": "glad",
          "score": 3.0
        },
        {
          "word": "lucky",
          "score": 3.0
        },
        {
          "word": "good",
          "score": 3.0
        },
        {
          "word": "luck",
          "score": 3.0
        }
      ]
    }
  ],
  "valleys": [
    {
      "sample": 4,
      "position": 0.04040404040404041,
      "smoothed": -0.07568298613123574,
      "word_offset": 7444,
      "read_time_min": 29.8,
      "driving_words": [
        {
          "word": "horrible",
          "score": -3.0
        },
        {
          "word": "evil",
          "score": -3.0
        },
        {
          "word": "worse",
          "score": -3.0
        },
        {
          "word": "lost",
          "score": -3.0
        },
        {
          "word": "kill",
          "score": -3.0
        },
        {
          "word": "die",
          "score": -3.0
        }
      ]
    },
    {
      "sample": 65,
      "position": 0.6565656565656566,
      "smoothed": -0.05070999424173999,
      "word_offset": 44720,
      "read_time_min": 178.9,
      "driving_words": [
        {
          "word": "tortured",
          "score": -4.0
        },
        {
          "word": "die",
          "score": -3.0
        },
        {
          "word": "dreadful",
          "score": -3.0
        },
        {
          "word": "angry",
          "score": -3.0
        },
        {
          "word": "died",
          "score": -3.0
        },
        {
          "word": "betrayed",
          "score": -3.0
        }
      ]
    },
    {
      "sample": 74,
      "position": 0.7474747474747475,
      "smoothed": -0.06059363765880883,
      "word_offset": 50219,
      "read_time_min": 200.9,
      "driving_words": [
        {
          "word": "cock",
          "score": -5.0
        },
        {
          "word": "tortured",