{
  "status": "ok",
  "n_words": 86396,
  "window_size": 10000,
  "reliability": "high",
  "raw": [
    0.09,
    0.086,
    0.0804,
    0.0776,
    0.0572,
    0.0688,
    0.1048,
    0.1152,
    0.1052,
    0.0988,
    0.0908,
    0.1096,
    0.126,
    0.1224,
    0.1328,
    0.1084,
    0.1136,
    0.104,
    0.094,
    0.0868,
    0.0836,
    0.0968,
    0.1,
    0.1016,
    0.0904,
    0.0828,
    0.0924,
    0.0848,
    0.0936,
    0.076,
    0.0784,
    0.058,
    0.038,
    0.0304,
    -0.0084,
    -0.0092,
    -0.0052,
    0.0052,
    0.0088,
    0.0084,
    0.0064,
    0.0,
    -0.0124,
    -0.0004,
    -0.0292,
    -0.0232,
    -0.0076,
    0.0248,
    0.0188,
    0.0124,
    0.0044,
    -0.0008,
    0.002,
    0.0104,
    0.0376,
    0.0788,
    0.084,
    0.1172,
    0.1292,
    0.1232,
    0.12,
    0.1004,
    0.08,
    0.072,
    0.064,
    0.058,
    0.0388,
    -0.0064,
    -0.044,
    -0.04,
    -0.0272,
    -0.0276,
    -0.0392,
    -0.0392,
    0.0068,
    0.0276,
    0.0344,
    0.0508,
    0.0448,
    0.0512,
    0.0912,
    0.1232,
    0.0912,
    0.0756,
    0.0744,
    0.064,
    0.0468,
    0.0196,
    0.0052,
    -0.0036,
    -0.0432,
    -0.0304,
    -0.036,
    -0.0864,
    -0.1112,
    -0.092,
    -0.0848,
    -0.0896,
    -0.0624,
    -0.0364
  ],
  "smoothed": [
    0.03231610264311699,
    0.06527905643867739,
    0.08649690494850142,
    0.09478236508509218,
    0.09293562616443594,
    0.0864762431521816,
    0.08144743329938706,
    0.08216515373949154,
    0.08978559607173077,
    0.10220714416751302,
    0.11526176668898971,
    0.12462692182312951,
    0.12762327527199366,
    0.12416131006689089,
    0.11650694410651098,
    0.10806511308018303,
    0.10179532842525754,
    0.09899587550296149,
    0.09898011166229624,
    0.09972747441545146,
    0.09913143036317708,
    0.09619866991120465,
    0.09159780198013212,
    0.08728531111984601,
    0.08539338844980077,
    0.08693233227465623,
    0.09096559198618738,
    0.0947066754310468,
    0.09455877841047819,
    0.08766771770703505,
    0.07329633417980949,
    0.05337942178856848,
    0.03196528810897088,
    0.013740226142246167,
    0.0022452842430272326,
    -0.0014569451431701685,
    0.00090587935387908,
    0.005656105273340177,
    0.008788676346582546,
    0.007668581774728582,
    0.002070420562793287,
    -0.0058750207756925275,
    -0.012775178425830532,
    -0.01559980396484753,
    -0.013095591648985952,
    -0.006355115481478247,
    0.0017110646853519195,
    0.007756657008790598,
    0.00961181270820097,
    0.0073987201209278625,
    0.0036441393327280537,
    0.0023235874603349037,
    0.00723715268747295,
    0.020401994852591584,
    0.04113060676987579,
    0.06616106023990032,
    0.0907554690736314,
    0.11028583613642408,
    0.12165235467505914,
    0.12399369557729464,
    0.11848747753143302,
    0.10744124828617269,
    0.09315854592483085,
    0.07711141245179444,
    0.05975382611651077,
    0.04097492292181192,
    0.02088005366819793,
    0.0004457368247506555,
    -0.018320038413890884,
    -0.03281900854125151,
    -0.040706919256591194,
    -0.040742526749613844,
    -0.03324198165608662,
    -0.019932492333658996,
    -0.0032880016486483044,
    0.014328790791515873,
    0.03131646247319293,
    0.04699715566672134,
    0.061268480210362936,
    0.07398477209107485,
    0.08444280211907708,
    0.09128651080158466,
    0.09291820511386038,
    0.08822394233179257,
    0.07723201017733781,
    0.061327286144586636,
    0.042848641796337426,
    0.024207828329950262,
    0.006933689766640195,
    -0.008873696545819546,
    -0.024353694782785245,
    -0.040974897973365836,
    -0.059285308987747413,
    -0.0779212930100462,
    -0.09342271332500872,
    -0.1010835473619376,
    -0.09660889577242313,
    -0.07795172887957508,
    -0.04655243417915943,
    -0.007386780171811776
  ],
  "shape_matches": [
    {
      "shape": "Tragedy",
      "correlation": 0.5849
    },
    {
      "shape": "Oedipus",
      "correlation": 0.4194
    },
    {
      "shape": "Icarus",
      "correlation": 0.0223
    },
    {
      "shape": "Cinderella",
      "correlation": -0.4368
    },
    {
      "shape": "Man in a Hole",
      "correlation": -0.5051
    },
    {
      "shape": "Rags to Riches",
      "correlation": -0.5849
    }
  ],
  "best_shape": "Tragedy",
  "best_shape_correlation": 0.5849,
  "peaks": [
    {
      "sample": 12,
      "position": 0.12121212121212122,
      "smoothed": 0.12762327527199366,
      "word_offset": 14260,
      "read_time_min": 57.0,
      "driving_words": [
        {
          "word": "wonderful",
          "score": 4.0
        },
        {
          "word": "rapturous",
          "score": 4.0
        },
        {
          "word": "great",
          "score": 3.0
        },
        {
          "word": "pleasure",
          "score": 3.0
        },
        {
          "word": "excellent",
          "score": 3.0
        },
        {
          "word": "good",
          "score": 3.0
        }
      ]
    },
    {
      "sample": 19,
      "position": 0.1919191919191919,
      "smoothed": 0.09972747441545146,
      "word_offset": 19662,
      "read_time_min": 78.6,
      "driving_words": [
        {
          "word": "wonderful",
          "score": 4.0
        },
        {
          "word": "supreme",
          "score": 4.0
        },
        {
          "word": "wonderfully",
          "score": 4.0
        },
        {
          "word": "triumphant",
          "score": 4.0
        },
        {
          "word": "best",
          "score": 3.0
        },
        {
          "word": "good",
          "score": 3.0
        }
      ]
    },
    {
      "sample": 59,
      "position": 0.5959595959595959,
      "smoothed": 0.12399369557729464,
      "word_offset": 50529,
      "read_time_min": 202.1,
      "driving_words": [
        {
          "word": "wonderful",
          "score": 4.0
        },
        {
          "word": "miracle",
          "score": 4.0
        },
        {
          "word": "amazing",
          "score": 4.0
        },
        {
          "word": "fantastic",
          "score": 4.0
        },
        {
          "word": "brilliant",
          "score": 4.0
        },
        {
          "word": "terrific",
          "score": 4.0
        }
      ]
    }
  ],
  "valleys": [
    {
      "sample": 43,
      "position": 0.43434343434343436,
      "smoothed": -0.01559980396484753,
      "word_offset": 38182,
      "read_time_min": 152.7,
      "driving_words": [
        {
          "word": "torture",
          "score": -4.0
        },
        {
          "word": "tortures",
          "score": -4.0
        },
        {
          "word": "horrible",
          "score": -3.0
        },
        {
          "word": "awful",
          "score": -3.0
        },
        {
          "word": "hideous",
          "score": -3.0
        },
        {
          "word": "dead",
          "score": -3.0
        }
      ]
    },
    {
      "sample": 71,
      "position": 0.7171717171717171,
      "smoothed": -0.040742526749613844,
      "word_offset": 59789,
      "read_time_min": 239.2,
      "driving_words": [
        {
          "word": "angry",
          "score": -3.0
        },
        {
          "word": "anger",
          "score": -3.0
        },
        {
          "word": "loss",
          "score": -3.0
        },
        {
          "word": "terrible",
          "score": -3.0
        },
        {
          "word": "hideous",
          "score": -3.0
        },
        {
          "word": "awful",
          "score": -3.0
        }
      ]
    },
    {
      "sample": 95,
      "position": 0.9595959595959596,
      "smoothed": -0.1010835473619376,
      "word_offset": 78309,
      "read_time_min": 313.2,
      "driving_words": [
        {
          "word": "tortures",
          "score": -4.0
        },
        {
          "word": "awful",
          "score": -3.0
        },
        {
          "word": "mad",