{
  "status": "ok",
  "n_words": 75520,
  "window_size": 10000,
  "reliability": "high",
  "raw": [
    0.206,
    0.2056,
    0.1784,
    0.1472,
    0.1228,
    0.1208,
    0.1124,
    0.1084,
    0.1184,
    0.1256,
    0.114,
    0.1144,
    0.1104,
    0.1116,
    0.1092,
    0.1032,
    0.1104,
    0.1212,
    0.1292,
    0.142,
    0.1552,
    0.1564,
    0.1556,
    0.1448,
    0.136,
    0.132,
    0.1328,
    0.1284,
    0.1264,
    0.12,
    0.1276,
    0.1148,
    0.1196,
    0.1188,
    0.1208,
    0.122,
    0.12,
    0.128,
    0.1532,
    0.166,
    0.1856,
    0.1796,
    0.196,
    0.1908,
    0.1944,
    0.1908,
    0.1984,
    0.1888,
    0.1972,
    0.1848,
    0.1784,
    0.186,
    0.1856,
    0.1712,
    0.152,
    0.1356,
    0.1312,
    0.1296,
    0.1276,
    0.126,
    0.114,
    0.1144,
    0.1144,
    0.0996,
    0.11,
    0.1136,
    0.1128,
    0.0896,
    0.0864,
    0.0912,
    0.1072,
    0.1096,
    0.0764,
    0.068,
    0.0584,
    0.0584,
    0.0552,
    0.058,
    0.0484,
    0.0524,
    0.0472,
    0.0636,
    0.068,
    0.0592,
    0.046,
    0.0404,
    0.0356,
    0.0604,
    0.0588,
    0.056,
    0.0632,
    0.0716,
    0.0664,
    0.0844,
    0.0812,
    0.0924,
    0.0784,
    0.088,
    0.1004,
    0.0984
  ],
  "smoothed": [
    0.16335321108309103,
    0.17379097089233753,
    0.17261520182898643,
    0.16110654134812274,
    0.14353822110994963,
    0.12559223984692683,
    0.11232057202546233,
    0.1064416823033145,
    0.107613588090499,
    0.11292229217637206,
    0.11833550852485869,
    0.12049609365603393,
    0.11811735616830152,
    0.11243232155155078,
    0.10655508287153119,
    0.10406204852093527,
    0.10740867257762228,
    0.11684172922025425,
    0.13023950572101992,
    0.14391619154022592,
    0.15403172304500223,
    0.1580168766741361,
    0.1554437017844081,
    0.14802372315512993,
    0.13878585376532884,
    0.13081469730690193,
    0.12608467182179373,
    0.12485196026499587,
    0.12580804488848998,
    0.12687306023344572,
    0.126252900746874,
    0.1233013182168338,
    0.11883981424991305,
    0.11483448460303947,
    0.11359887443630977,
    0.11687256011011833,
    0.12514951437029706,
    0.1375014713913508,
    0.1519257110722367,
    0.1660400016345593,
    0.17783276909237658,
    0.1861901199026407,
    0.19104231944050346,
    0.1931380113360782,
    0.19359176514770723,
    0.1934084313823971,
    0.1931561819062569,
    0.19286832555709726,
    0.1921517699763102,
    0.1904120146735025,
    0.18709093629586804,
    0.18184508562974658,
    0.17464028319863656,
    0.16577362639068832,
    0.15584240615965667,
    0.14566728503577908,
    0.1361643010585873,
    0.12816544618284087,
    0.122214650390309,
    0.11840020206941372,
    0.11630047075459489,
    0.1150969066795997,
    0.11384610075062891,
    0.11182507533228503,
    0.10881002498950744,
    0.10515317012125654,
    0.10159539000491746,
    0.0988696141247072,
    0.09726006372208187,
    0.09632910097413241,
    0.09497371050379716,
    0.09183769154331184,
    0.08593745210647381,
    0.07723563555587247,
    0.06688263944902893,
    0.05696188806534678,
    0.04978175997497887,
    0.046969432475156836,
    0.0487420360400827,
    0.05369359984001907,
    0.05924333836595553,
    0.06261419956635536,
    0.06196695203118322,
    0.057216087340573596,
    0.050155197348453015,
    0.0437918110161385,
    0.04112738069514544,
    0.04387410203797492,
    0.05165908722454062,
    0.06208978690432928,
    0.07170488723872338,
    0.07745367546309904,
    0.07809710035045946,
    0.07492021974595915,
    0.07140286174527957,
    0.07191641294305301,
    0.07992861734084236,
    0.0964299545328123,
    0.11923981651513796,
    0.14352082293124555
  ],
  "shape_matches": [
    {
      "shape": "Tragedy",
      "correlation": 0.569
    },
    {
      "shape": "Icarus",
      "correlation": 0.3811
    },
    {
      "shape": "Cinderella",
      "correlation": -0.0043
    },
    {
      "shape": "Oedipus",
      "correlation": -0.0284
    },
    {
      "shape": "Man in a Hole",
      "correlation": -0.3584
    },
    {
      "shape": "Rags to Riches",
      "correlation": -0.569
    }
  ],
  "best_shape": "Tragedy",
  "best_shape_correlation": 0.569,
  "peaks": [
    {
      "sample": 1,
      "position": 0.010101010101010102,
      "smoothed": 0.17379097089233753,
      "word_offset": 5662,
      "read_time_min": 22.6,
      "driving_words": [
        {
          "word": "wonderful",
          "score": 4.0
        },
        {
          "word": "wonderfully",
          "score": 4.0
        },
        {
          "word": "successful",
          "score": 3.0
        },
        {
          "word": "charm",
          "score": 3.0
        },
        {
          "word": "fascinated",
          "score": 3.0
        },
        {
          "word": "great",
          "score": 3.0
        }
      ]
    },
    {
      "sample": 21,
      "position": 0.21212121212121213,
      "smoothed": 0.1580168766741361,
      "word_offset": 18898,
      "read_time_min": 75.6,
      "driving_words": [
        {
          "word": "wonderful",
          "score": 4.0
        },
        {
          "word": "amazing",
          "score": 4.0
        },
        {
          "word": "good",
          "score": 3.0
        },
        {
          "word": "succeed",
          "score": 3.0
        },
        {
          "word": "excellent",
          "score": 3.0
        },
        {
          "word": "great",
          "score": 3.0
        }
      ]
    },
    {
      "sample": 44,
      "position": 0.4444444444444444,
      "smoothed": 0.19359176514770723,
      "word_offset": 34120,
      "read_time_min": 136.5,
      "driving_words": [
        {
          "word": "supreme",
          "score": 4.0
        },
        {
          "word": "good",
          "score": 3.0
        },
        {
          "word": "great",
          "score": 3.0
        },
        {
          "word": "excellent",
          "score": 3.0
        },
        {
          "word": "pleasure",
          "score": 3.0
        },
        {
          "word": "affection",
          "score": 3.0
        }
      ]
    }
  ],
  "valleys": [
    {
      "sample": 77,
      "position": 0.7777777777777778,
      "smoothed": 0.046969432475156836,
      "word_offset": 55960,
      "read_time_min": 223.8,
      "driving_words": [
        {
          "word": "foul",
          "score": -3.0
        },
        {
          "word": "die",
          "score": -3.0
        },
        {
          "word": "bloody",
          "score": -3.0
        },
        {
          "word": "abusive",
          "score": -3.0
        },
        {
          "word": "selfish",
          "score": -3.0
        },
        {
          "word": "loss",
          "score": -3.0
        }
      ]
    },
    {
      "sample": 86,
      "position": 0.8686868686868687,
      "smoothed": 0.04112738069514544,
      "word_offset": 61916,
      "read_time_min": 247.7,
      "driving_words": [
        {
          "word": "damned",
          "score": -4.0
        },
        {
          "word": "killed",
          "score": -3.0
        },
        {
          "word": "lost",
          "score": -3.0
        },
        {
          "word": "destroy'd",
          "score": -3.0
        },
        {
          "word": "abusing",
          "score": -3.0
        },
        {
          "word": "loss",
          "score": -3.0
        }
      ]
    },
    {
      "sample": 94,
      "position": 0.9494949494949495,
      "smoothed": 0.07140286174527957,
      "word_offset": 67211,
      "read_time_min": 268.8,
      "driving_words": [
        {
          "word": "damned",
          "score": -4.0
        },
        {
          "word": "died",
          "score": -3.0
        },
        {
          "word": "loss",
          "score": -3.0
        },
        {
          "word": "foul",