{
  "status": "ok",
  "n_words": 83982,
  "window_size": 10000,
  "reliability": "high",
  "raw": [
    0.1132,
    0.1136,
    0.1072,
    0.1184,
    0.132,
    0.1352,
    0.1344,
    0.128,
    0.1332,
    0.1256,
    0.1124,
    0.1136,
    0.104,
    0.1056,
    0.0944,
    0.1032,
    0.1136,
    0.11,
    0.1096,
    0.1228,
    0.1292,
    0.1108,
    0.1028,
    0.092,
    0.1012,
    0.0848,
    0.0832,
    0.0688,
    0.0644,
    0.06,
    0.044,
    0.036,
    0.0072,
    -0.0016,
    0.0032,
    -0.016,
    0.002,
    -0.0072,
    0.0032,
    -0.0096,
    -0.0144,
    -0.0052,
    0.0044,
    0.016,
    0.0284,
    0.0328,
    0.0384,
    0.0316,
    0.0236,
    0.0332,
    0.0272,
    0.022,
    0.0228,
    0.0348,
    0.0248,
    0.0236,
    0.0236,
    0.016,
    0.0232,
    0.0216,
    0.0252,
    0.0424,
    0.032,
    0.0256,
    0.0308,
    0.0376,
    0.02,
    0.0276,
    0.0244,
    0.0172,
    -0.0044,
    0.0088,
    0.0056,
    0.0172,
    0.0192,
    0.0232,
    0.0364,
    0.0376,
    0.0424,
    0.0676,
    0.0732,
    0.0728,
    0.0756,
    0.0888,
    0.0952,
    0.0712,
    0.0564,
    0.0392,
    0.0408,
    0.0196,
    -0.0008,
    -0.01,
    -0.0276,
    -0.0364,
    -0.0372,
    -0.0368,
    -0.0292,
    0.0068,
    0.0508,
    0.0908
  ],
  "smoothed": [
    0.10007429847275581,
    0.11640288504964186,
    0.12495849839800037,
    0.12783658690802496,
    0.12796478612052467,
    0.12782986180981765,
    0.12855659869155286,
    0.1296939490570807,
    0.12974901975455375,
    0.12718541941950842,
    0.12140913610549728,
    0.11328430609225475,
    0.1049412058138017,
    0.09896008683471127,
    0.09729437262890468,
    0.10041248154600803,
    0.10704016001226405,
    0.11462027363901447,
    0.12029336930831276,
    0.12197869698297974,
    0.11909875125967093,
    0.1126537423191536,
    0.10464027763603978,
    0.09709191267569589,
    0.09117364766219765,
    0.08672310998817111,
    0.08242050964418521,
    0.07648535129367896,
    0.06756836637825639,
    0.05543257553015537,
    0.04112630097038445,
    0.026588889849499184,
    0.013886014701822928,
    0.004429724260954487,
    -0.0014696090330588941,
    -0.004537864888109542,
    -0.006019511628678726,
    -0.006975469372404491,
    -0.0077403500260583525,
    -0.007796539125503872,
    -0.006117335716808436,
    -0.001805041275162025,
    0.005291547431306709,
    0.014287256921492988,
    0.02345212817287594,
    0.030812985791058522,
    0.03490118676922605,
    0.03531256630287876,
    0.03282939800880415,
    0.02905244039684454,
    0.025711832745685118,
    0.023967173585460584,
    0.024005405531627375,
    0.025102614636272086,
    0.026099834553629863,
    0.026053848537591424,
    0.024748650203249935,
    0.022824953341393953,
    0.021468848756373157,
    0.021809864441637985,
    0.024315896674309476,
    0.028474691089905104,
    0.03291892521461899,
    0.035947138392469394,
    0.03621123468972626,
    0.0332666782967586,
    0.027746906999542523,
    0.021096666691753346,
    0.014998111780851602,
    0.010755984307962086,
    0.008913918131768282,
    0.009253158997284135,
    0.011137452365731439,
    0.014003857337139608,
    0.01773666114708331,
    0.022728868914818897,
    0.02959871734896583,
    0.038707037415965415,
    0.049727395720296386,
    0.061502027329874365,
    0.07228059104450432,
    0.08025115704853839,
    0.08412544665445366,
    0.0835072041931084,
    0.0788733553209245,
    0.0711865797941411,
    0.06134433986022043,
    0.049760168359645196,
    0.03631796248489903,
    0.02075809924049032,
    0.003327476424430431,
    -0.014637123902672959,
    -0.03053690970240118,
    -0.0409408861260181,
    -0.04254580653225466,
    -0.03333741590245627,
    -0.0134913967544296,
    0.014386639225992771,
    0.04584238179986194,
    0.07581082674549665
  ],
  "shape_matches": [
    {
      "shape": "Oedipus",
      "correlation": 0.7796
    },
    {
      "shape": "Tragedy",
      "correlation": 0.6399
    },
    {
      "shape": "Icarus",
      "correlation": -0.4297
    },
    {
      "shape": "Rags to Riches",
      "correlation": -0.6399
    },
    {
      "shape": "Man in a Hole",
      "correlation": -0.7444
    },
    {
      "shape": "Cinderella",
      "correlation": -0.7869
    }
  ],
  "best_shape": "Oedipus",
  "best_shape_correlation": 0.7796,
  "peaks": [
    {
      "sample": 8,
      "position": 0.08080808080808081,
      "smoothed": 0.12974901975455375,
      "word_offset": 10978,
      "read_time_min": 43.9,
      "driving_words": [
        {
          "word": "wins",
          "score": 4.0
        },
        {
          "word": "winning",
          "score": 4.0
        },
        {
          "word": "winner",
          "score": 4.0
        },
        {
          "word": "funny",
          "score": 4.0
        },
        {
          "word": "win",
          "score": 4.0
        },
        {
          "word": "triumph",
          "score": 4.0
        }
      ]
    },
    {
      "sample": 19,
      "position": 0.1919191919191919,
      "smoothed": 0.12197869698297974,
      "word_offset": 19199,
      "read_time_min": 76.8,
      "driving_words": [
        {
          "word": "thrilled",
          "score": 5.0
        },
        {
          "word": "fun",
          "score": 4.0
        },
        {
          "word": "wonderful",
          "score": 4.0
        },
        {
          "word": "miracle",
          "score": 4.0
        },
        {
          "word": "brilliant",
          "score": 4.0
        },
        {
          "word": "amazing",
          "score": 4.0
        }
      ]
    },
    {
      "sample": 82,
      "position": 0.8282828282828283,
      "smoothed": 0.08412544665445366,
      "word_offset": 66278,
      "read_time_min": 265.1,
      "driving_words": [
        {
          "word": "brilliant",
          "score": 4.0
        },
        {
          "word": "triumph",
          "score": 4.0
        },
        {
          "word": "fun",
          "score": 4.0
        },
        {
          "word": "amazing",
          "score": 4.0
        },
        {
          "word": "delightfully",
          "score": 3.0
        },
        {
          "word": "good",
          "score": 3.0
        }
      ]
    }
  ],
  "valleys": [
    {
      "sample": 39,
      "position": 0.3939393939393939,
      "smoothed": -0.007796539125503872,
      "word_offset": 34144,
      "read_time_min": 136.6,
      "driving_words": [
        {
          "word": "furious",
          "score": -3.0
        },
        {
          "word": "badly",
          "score": -3.0
        },
        {
          "word": "mad",
          "score": -3.0
        },
        {
          "word": "dumb",
          "score": -3.0
        },
        {
          "word": "anger",
          "score": -3.0
        },
        {
          "word": "hate",
          "score": -3.0
        }
      ]
    },
    {
      "sample": 70,
      "position": 0.7070707070707071,
      "smoothed": 0.008913918131768282,
      "word_offset": 57311,
      "read_time_min": 229.2,
      "driving_words": [
        {
          "word": "damned",
          "score": -4.0
        },
        {
          "word": "torture",
          "score": -4.0
        },
        {
          "word": "dick",
          "score": -4.0
        },
        {
          "word": "mad",
          "score": -3.0
        },
        {
          "word": "panic",
          "score": -3.0
        },
        {
          "word": "betray",
          "score": -3.0
        }
      ]
    },
    {
      "sample": 94,
      "position": 0.9494949494949495,
      "smoothed": -0.04254580653225466,
      "word_offset": 75246,
      "read_time_min": 301.0,
      "driving_words": [
        {
          "word": "torture",
          "score": -4.0
        },
        {
          "word": "damned",
          "score": -4.0
        },
        {
          "word": "scandal",