{
  "status": "ok",
  "n_words": 80007,
  "window_size": 10000,
  "reliability": "high",
  "raw": [
    0.0852,
    0.0744,
    0.0572,
    0.0668,
    0.0356,
    0.0408,
    0.042,
    0.0356,
    0.0396,
    0.0264,
    0.0192,
    0.0112,
    0.0276,
    0.0204,
    0.0184,
    0.0116,
    0.0168,
    0.0032,
    0.022,
    0.02,
    0.026,
    0.0344,
    0.022,
    0.03,
    0.0396,
    0.0456,
    0.022,
    0.0292,
    0.0352,
    0.0324,
    0.0312,
    0.0428,
    0.0252,
    0.0172,
    0.0204,
    0.0132,
    0.0092,
    0.018,
    0.0156,
    0.0148,
    0.0072,
    -0.0144,
    -0.0108,
    -0.004,
    -0.0056,
    0.0016,
    0.0232,
    0.0276,
    0.028,
    0.0424,
    0.0468,
    0.0592,
    0.0572,
    0.0472,
    0.0556,
    0.0736,
    0.0664,
    0.0608,
    0.0524,
    0.0564,
    0.058,
    0.0564,
    0.0576,
    0.0584,
    0.0552,
    0.0464,
    0.0548,
    0.0552,
    0.0524,
    0.0516,
    0.0504,
    0.0504,
    0.0724,
    0.0764,
    0.076,
    0.0744,
    0.074,
    0.0852,
    0.0876,
    0.0764,
    0.0888,
    0.1096,
    0.0996,
    0.0856,
    0.0948,
    0.086,
    0.0772,
    0.078,
    0.0756,
    0.0796,
    0.0716,
    0.0316,
    0.028,
    0.056,
    0.0568,
    0.0712,
    0.094,
    0.1132,
    0.1472,
    0.168
  ],
  "smoothed": [
    0.11300694868984268,
    0.09357439567224635,
    0.0719232725283531,
    0.05280056078079297,
    0.03950396086849911,
    0.033042368903758126,
    0.03213910040831079,
    0.03401024465868334,
    0.03557314364015581,
    0.03460817089034205,
    0.03045394721682575,
    0.024028898290242892,
    0.01724784682859863,
    0.012128584001937207,
    0.009974168702295496,
    0.010946175480594981,
    0.01415347870154622,
    0.018157773996735013,
    0.021635407477846327,
    0.02389713624534873,
    0.025058775386776394,
    0.025826976597988455,
    0.02703600349280003,
    0.029169389999773518,
    0.03208789837583094,
    0.03507582451042494,
    0.03716629032709662,
    0.037582276045367,
    0.03608670131068093,
    0.03308601538075004,
    0.029449115276786775,
    0.026131217534482443,
    0.02377371784725516,
    0.02245326624621252,
    0.02168036381516035,
    0.020636467745632964,
    0.01853973064369763,
    0.014984614583439356,
    0.010124270568883346,
    0.00464012534859501,
    -0.00046715213712484883,
    -0.004167226161127535,
    -0.005658091735134774,
    -0.004514975205940109,
    -0.0007126575555299741,
    0.005442622506256307,
    0.013412500045267377,
    0.02251092546500699,
    0.03196266577387828,
    0.040957465969633906,
    0.04873090528406283,
    0.05468343480445729,
    0.05851272499059599,
    0.060304468941965575,
    0.06052434797672526,
    0.059885882854111915,
    0.05912310728353836,
    0.05874720902704434,
    0.05888535041234546,
    0.05927404871267001,
    0.05941666075357707,
    0.05884187614070775,
    0.05735188096763018,
    0.055149637398152915,
    0.052786843037517815,
    0.05095519741155058,
    0.05021619388573394,
    0.05079385070051704,
    0.052525281375331176,
    0.05498837449823562,
    0.05773961719199463,
    0.060540264711358704,
    0.06345379821653657,
    0.06676176215664587,
    0.07073887559270552,
    0.07540564884949125,
    0.08039712984130208,
    0.08503550279207277,
    0.08859270706901443,
    0.09062487859021207,
    0.09120658288561895,
    0.09092235826019252,
    0.09058039416905864,
    0.0907534001423815,
    0.09135897874545004,
    0.09150893979405023,
    0.08976377419404818,
    0.08475494252722612,
    0.07595487467170502,
    0.06426604068750331,
    0.0521248772267378,
    0.042978980823651015,
    0.04024144182945934,
    0.046057746122684144,
    0.060338970789897806,
    0.08046059416903117,
    0.10180751799526087,
    0.11903967106875588,
    0.12767575711555249,
    0.12545599332815896
  ],
  "shape_matches": [
    {
      "shape": "Rags to Riches",
      "correlation": 0.617
    },
    {
      "shape": "Man in a Hole",
      "correlation": 0.4217
    },
    {
      "shape": "Cinderella",
      "correlation": 0.1253
    },
    {
      "shape": "Oedipus",
      "correlation": -0.0945
    },
    {
      "shape": "Icarus",
      "correlation": -0.4218
    },
    {
      "shape": "Tragedy",
      "correlation": -0.617
    }
  ],
  "best_shape": "Rags to Riches",
  "best_shape_correlation": 0.617,
  "peaks": [
    {
      "sample": 54,
      "position": 0.5454545454545454,
      "smoothed": 0.06052434797672526,
      "word_offset": 43186,
      "read_time_min": 172.7,
      "driving_words": [
        {
          "word": "supreme",
          "score": 4.0
        },
        {
          "word": "miracle",
          "score": 4.0
        },
        {
          "word": "triumph",
          "score": 4.0
        },
        {
          "word": "great",
          "score": 3.0
        },
        {
          "word": "faithful",
          "score": 3.0
        },
        {
          "word": "popularity",
          "score": 3.0
        }
      ]
    },
    {
      "sample": 85,
      "position": 0.8585858585858586,
      "smoothed": 0.09150893979405023,
      "word_offset": 65107,
      "read_time_min": 260.4,
      "driving_words": [
        {
          "word": "hurrah",
          "score": 5.0
        },
        {
          "word": "miracle",
          "score": 4.0
        },
        {
          "word": "wonderfully",
          "score": 4.0
        },
        {
          "word": "fun",
          "score": 4.0
        },
        {
          "word": "supreme",
          "score": 4.0
        },
        {
          "word": "good",
          "score": 3.0
        }
      ]
    },
    {
      "sample": 98,
      "position": 0.98989898989899,
      "smoothed": 0.12767575711555249,
      "word_offset": 74300,
      "read_time_min": 297.2,
      "driving_words": [
        {
          "word": "rejoicing",
          "score": 4.0
        },
        {
          "word": "win",
          "score": 4.0
        },
        {
          "word": "wonderful",
          "score": 4.0
        },
        {
          "word": "fun",
          "score": 4.0
        },
        {
          "word": "funny",
          "score": 4.0
        },
        {
          "word": "admire",
          "score": 3.0
        }
      ]
    }
  ],
  "valleys": [
    {
      "sample": 6,
      "position": 0.06060606060606061,
      "smoothed": 0.03213910040831079,
      "word_offset": 9243,
      "read_time_min": 37.0,
      "driving_words": [
        {
          "word": "fraud",
          "score": -4.0
        },
        {
          "word": "hideous",
          "score": -3.0
        },
        {
          "word": "loose",
          "score": -3.0
        },
        {
          "word": "lost",
          "score": -3.0
        },
        {
          "word": "killed",
          "score": -3.0
        },
        {
          "word": "scum",
          "score": -3.0
        }
      ]
    },
    {
      "sample": 14,
      "position": 0.1414141414141414,
      "smoothed": 0.009974168702295496,
      "word_offset": 14900,
      "read_time_min": 59.6,
      "driving_words": [
        {
          "word": "fraud",
          "score": -4.0
        },
        {
          "word": "mad",
          "score": -3.0
        },
        {
          "word": "terrible",
          "score": -3.0
        },
        {
          "word": "dreadful",
          "score": -3.0
        },
        {
          "word": "evil",
          "score": -3.0
        },
        {
          "word": "dead",
          "score": -3.0
        }
      ]
    },
    {
      "sample": 42,
      "position": 0.42424242424242425,
      "smoothed": -0.005658091735134774,
      "word_offset": 34700,
      "read_time_min": 138.8,
      "driving_words": [
        {
          "word": "torture",
          "score": -4.0
        },
        {
          "word": "terrible",
          "score": -3.0
        },
        {
          "word": "loss",
          "score": -3.0
        },
        {
          "word": "died",