{
  "status": "ok",
  "n_words": 48843,
  "window_size": 10000,
  "reliability": "high",
  "raw": [
    0.1268,
    0.1272,
    0.1316,
    0.1268,
    0.12,
    0.12,
    0.1144,
    0.1076,
    0.0948,
    0.0908,
    0.0992,
    0.1028,
    0.0984,
    0.1088,
    0.1276,
    0.1152,
    0.1144,
    0.1132,
    0.1112,
    0.1064,
    0.1032,
    0.102,
    0.092,
    0.092,
    0.0896,
    0.0924,
    0.0964,
    0.0864,
    0.0752,
    0.0696,
    0.064,
    0.074,
    0.0888,
    0.0916,
    0.094,
    0.0868,
    0.086,
    0.0724,
    0.0728,
    0.0644,
    0.0664,
    0.074,
    0.0832,
    0.0792,
    0.0688,
    0.0612,
    0.0504,
    0.052,
    0.056,
    0.0572,
    0.0468,
    0.0416,
    0.0356,
    0.044,
    0.0452,
    0.0572,
    0.0564,
    0.0408,
    0.0412,
    0.0472,
    0.0552,
    0.054,
    0.0684,
    0.0708,
    0.0528,
    0.0544,
    0.0304,
    0.024,
    0.0228,
    0.02,
    0.0208,
    0.0264,
    0.0284,
    0.0376,
    0.024,
    0.0316,
    0.0416,
    0.0496,
    0.0504,
    0.0648,
    0.056,
    0.0728,
    0.0856,
    0.0808,
    0.098,
    0.0936,
    0.1008,
    0.1116,
    0.118,
    0.1264,
    0.1288,
    0.1248,
    0.1476,
    0.1508,
    0.1688,
    0.182,
    0.186,
    0.1948,
    0.194,
    0.2044
  ],
  "smoothed": [
    0.15741198120453642,
    0.1417324646157919,
    0.12908798116313525,
    0.12074571297153969,
    0.11623849727412378,
    0.1138464459978327,
    0.11155199517004835,
    0.10804205934064223,
    0.10331792154637674,
    0.09865225923333304,
    0.09592547129903009,
    0.09665131392830854,
    0.10114152592393817,
    0.10819798162608969,
    0.11548536211395394,
    0.12043177274276741,
    0.12126546437102288,
    0.11773033339542362,
    0.11116157411671501,
    0.10388492274185424,
    0.09820301685057096,
    0.09541637257335644,
    0.09531147663967068,
    0.09634026429666119,
    0.09640607843710285,
    0.09389896376282769,
    0.08850982784240008,
    0.08145003714464225,
    0.07496801721807836,
    0.07136977033517684,
    0.0719753443178673,
    0.07647733093378946,
    0.0829943586719924,
    0.08880827445782508,
    0.09147266709471807,
    0.0898156662475832,
    0.08440432269723346,
    0.0772716561419057,
    0.07102750275045489,
    0.06773994210718855,
    0.06806945074491039,
    0.07102283716591412,
    0.07442102197732156,
    0.0758650373936252,
    0.07377391395512317,
    0.0680466612467492,
    0.06007413556527956,
    0.05211538580623227,
    0.04632826349825859,
    0.04388553395800409,
    0.04455672863040081,
    0.046919836632736106,
    0.049084986836904,
    0.04959036288166581,
    0.0480648401371332,
    0.04536690987697851,
    0.043149567500847946,
    0.04305660195065926,
    0.04591405557878468,
    0.05127486813591796,
    0.05751263638781693,
    0.06241827655950194,
    0.06403979851300552,
    0.06141214065871599,
    0.05488606678510303,
    0.045947711288569164,
    0.036637594345249005,
    0.02883351914518087,
    0.023692454202080278,
    0.021448499927049884,
    0.021591149823533034,
    0.02328371368433798,
    0.025798997857555083,
    0.028777770614878503,
    0.03223052313550864,
    0.03634090587785654,
    0.041220359146657816,
    0.04676655203526554,
    0.052699150693915404,
    0.05873297106371938,
    0.0647644798446938,
    0.07093910883392866,
    0.07753861480114743,
    0.08474036268323525,
    0.09239080126868839,
    0.09994971338486316,
    0.10668472558812236,
    0.11206053606257613,
    0.11614218365756386,
    0.11978562382270078,
    0.12445673882944143,
    0.13168148575788555,
    0.1423153870312363,
    0.15594105462911353,
    0.1706918053487426,
    0.18364825164117157,
    0.19171926708759124,
    0.19269916956157254,
    0.18608991452442308,
    0.17334505312485507
  ],
  "shape_matches": [
    {
      "shape": "Oedipus",
      "correlation": 0.6034
    },
    {
      "shape": "Tragedy",
      "correlation": 0.0325
    },
    {
      "shape": "Rags to Riches",
      "correlation": -0.0325
    },
    {
      "shape": "Man in a Hole",
      "correlation": -0.4152
    },
    {
      "shape": "Cinderella",
      "correlation": -0.5834
    },
    {
      "shape": "Icarus",
      "correlation": -0.8214
    }
  ],
  "best_shape": "Oedipus",
  "best_shape_correlation": 0.6034,
  "peaks": [
    {
      "sample": 16,
      "position": 0.16161616161616163,
      "smoothed": 0.12126546437102288,
      "word_offset": 11278,
      "read_time_min": 45.1,
      "driving_words": [
        {
          "word": "superb",
          "score": 5.0
        },
        {
          "word": "thrilled",
          "score": 5.0
        },
        {
          "word": "brilliant",
          "score": 4.0
        },
        {
          "word": "fun",
          "score": 4.0
        },
        {
          "word": "funny",
          "score": 4.0
        },
        {
          "word": "winning",
          "score": 4.0
        }
      ]
    },
    {
      "sample": 24,
      "position": 0.24242424242424243,
      "smoothed": 0.09640607843710285,
      "word_offset": 14416,
      "read_time_min": 57.7,
      "driving_words": [
        {
          "word": "superb",
          "score": 5.0
        },
        {
          "word": "thrilled",
          "score": 5.0
        },
        {
          "word": "fun",
          "score": 4.0
        },
        {
          "word": "funny",
          "score": 4.0
        },
        {
          "word": "winning",
          "score": 4.0
        },
        {
          "word": "terrific",
          "score": 4.0
        }
      ]
    },
    {
      "sample": 97,
      "position": 0.9797979797979798,
      "smoothed": 0.19269916956157254,
      "word_offset": 43058,
      "read_time_min": 172.2,
      "driving_words": [
        {
          "word": "superb",
          "score": 5.0
        },
        {
          "word": "thrilled",
          "score": 5.0
        },
        {
          "word": "wonderful",
          "score": 4.0
        },
        {
          "word": "amazing",
          "score": 4.0
        },
        {
          "word": "brilliant",
          "score": 4.0
        },
        {
          "word": "heavenly",
          "score": 4.0
        }
      ]
    }
  ],
  "valleys": [
    {
      "sample": 49,
      "position": 0.494949494949495,
      "smoothed": 0.04388553395800409,
      "word_offset": 24225,
      "read_time_min": 96.9,
      "driving_words": [
        {
          "word": "violently",
          "score": -3.0
        },
        {
          "word": "crisis",
          "score": -3.0
        },
        {
          "word": "horrified",
          "score": -3.0
        },
        {
          "word": "losing",
          "score": -3.0
        },
        {
          "word": "maddening",
          "score": -3.0
        },
        {
          "word": "worry",
          "score": -3.0
        }
      ]
    },
    {
      "sample": 57,
      "position": 0.5757575757575758,
      "smoothed": 0.04305660195065926,
      "word_offset": 27364,
      "read_time_min": 109.5,
      "driving_words": [
        {
          "word": "conspiracy",
          "score": -3.0
        },
        {
          "word": "horrid",
          "score": -3.0
        },
        {
          "word": "mad",
          "score": -3.0
        },
        {
          "word": "disgusted",
          "score": -3.0
        },
        {
          "word": "awful",
          "score": -3.0
        },
        {
          "word": "destroy",
          "score": -3.0
        }
      ]
    },
    {
      "sample": 69,
      "position": 0.696969696969697,
      "smoothed": 0.021448499927049884,
      "word_offset": 32072,
      "read_time_min": 128.3,
      "driving_words": [
        {
          "word": "lost",
          "score": -3.0
        },
        {
          "word": "inexorable",
          "score": -3.0
        },
        {
          "word": "outraged",
          "score": -3.0
        },
        {
          "word": "dying",