{
  "status": "ok",
  "n_words": 150430,
  "window_size": 10000,
  "reliability": "high",
  "raw": [
    0.2632,
    0.2528,
    0.218,
    0.1808,
    0.1564,
    0.1216,
    0.144,
    0.1372,
    0.14,
    0.1344,
    0.1716,
    0.1664,
    0.1592,
    0.1448,
    0.1664,
    0.1428,
    0.1488,
    0.1412,
    0.138,
    0.1604,
    0.186,
    0.1932,
    0.212,
    0.2284,
    0.2328,
    0.2616,
    0.2644,
    0.2884,
    0.2656,
    0.2652,
    0.2576,
    0.2672,
    0.2152,
    0.1968,
    0.1812,
    0.174,
    0.1944,
    0.1944,
    0.1628,
    0.1988,
    0.1788,
    0.1728,
    0.1548,
    0.156,
    0.1472,
    0.172,
    0.1712,
    0.1992,
    0.1996,
    0.21,
    0.198,
    0.1884,
    0.178,
    0.1716,
    0.1824,
    0.1928,
    0.1924,
    0.1648,
    0.1504,
    0.1548,
    0.1464,
    0.0952,
    0.0536,
    0.0604,
    0.0304,
    0.0184,
    -0.0252,
    -0.0596,
    -0.0684,
    -0.0856,
    -0.1104,
    -0.0892,
    -0.08,
    -0.0356,
    -0.0188,
    0.006,
    -0.0076,
    0.0068,
    0.0072,
    0.0204,
    0.022,
    0.0316,
    0.0404,
    0.0908,
    0.1424,
    0.1956,
    0.2244,
    0.2348,
    0.2048,
    0.1904,
    0.1652,
    0.0976,
    0.068,
    0.0332,
    -0.012,
    0.0228,
    0.0404,
    0.0812,
    0.1092,
    0.2152
  ],
  "smoothed": [
    0.22869412502395442,
    0.2390683937659351,
    0.227627713240681,
    0.20053068869762578,
    0.16759496676154118,
    0.13911874903831098,
    0.12269062834628063,
    0.12105859902935037,
    0.13174742945377502,
    0.14847661781287097,
    0.1637794762697715,
    0.17180843017539973,
    0.1702917246599445,
    0.1609838445349823,
    0.1485679822493712,
    0.13857123099896707,
    0.13519971802878447,
    0.13996059915334053,
    0.1515440158296877,
    0.16687143302101987,
    0.1827254838002147,
    0.19716854129301348,
    0.21011144165558293,
    0.2228279693904729,
    0.2367211339479022,
    0.2520007285087469,
    0.2669696727433176,
    0.27832529953126833,
    0.28239664663272046,
    0.27678314710073376,
    0.2616438478703481,
    0.2400115857732523,
    0.21692161950903185,
    0.1976661240882792,
    0.18588213925489702,
    0.18227259257560108,
    0.18450332173803533,
    0.18832312108351612,
    0.18943416170896096,
    0.18532295653785347,
    0.17628484033750802,
    0.16522630420367146,
    0.15635499839805192,
    0.15333799352964836,
    0.15772261357917458,
    0.16828301430890652,
    0.18154312427638186,
    0.1932171017644852,
    0.19992480459456613,
    0.20044467103285754,
    0.1959927235869538,
    0.1894557563730396,
    0.183960673487041,
    0.18143153912617546,
    0.1817596367815062,
    0.1829123602970399,
    0.18187700580176294,
    0.1759716403850707,
    0.16391744370248915,
    0.14620884099736828,
    0.12466511292767346,
    0.10143467737980126,
    0.07797152450210783,
    0.05450059083660118,
    0.03024052747734846,
    0.00427644374411789,
    -0.023352609853098408,
    -0.050913667766158785,
    -0.07501485464681115,
    -0.09150382722479523,
    -0.09692437777894508,
    -0.08995183768041586,
    -0.072195667398411,
    -0.047984501315141904,
    -0.023141500147779617,
    -0.0031541947883579804,
    0.008617138077808608,
    0.012056851226170338,
    0.010346351097158238,
    0.008938498182481887,
    0.01380301071367361,
    0.02950923859296989,
    0.057724201591976,
    0.09653227575320622,
    0.1407137634252204,
    0.18285640145782736,
    0.21499370109612756,
    0.23039282750085427,
    0.22513161649659277,
    0.19916787468997652,
    0.15668338750699268,
    0.10557686560623221,
    0.05610290130925051,
    0.018823308875806993,
    0.002237764457971938,
    0.010635043600690902,
    0.04277034426170267,
    0.09185649713685058,
    0.14704255161321186,
    0.19611076006246905
  ],
  "shape_matches": [
    {
      "shape": "Tragedy",
      "correlation": 0.5228
    },
    {
      "shape": "Oedipus",
      "correlation": 0.2817
    },
    {
      "shape": "Icarus",
      "correlation": 0.0186
    },
    {
      "shape": "Cinderella",
      "correlation": -0.3005
    },
    {
      "shape": "Man in a Hole",
      "correlation": -0.5072
    },
    {
      "shape": "Rags to Riches",
      "correlation": -0.5228
    }
  ],
  "best_shape": "Tragedy",
  "best_shape_correlation": 0.5228,
  "peaks": [
    {
      "sample": 1,
      "position": 0.010101010101010102,
      "smoothed": 0.2390683937659351,
      "word_offset": 6418,
      "read_time_min": 25.7,
      "driving_words": [
        {
          "word": "winning",
          "score": 4.0
        },
        {
          "word": "win",
          "score": 4.0
        },
        {
          "word": "wins",
          "score": 4.0
        },
        {
          "word": "amazing",
          "score": 4.0
        },
        {
          "word": "triumph",
          "score": 4.0
        },
        {
          "word": "wonderful",
          "score": 4.0
        }
      ]
    },
    {
      "sample": 28,
      "position": 0.2828282828282828,
      "smoothed": 0.28239664663272046,
      "word_offset": 44718,
      "read_time_min": 178.9,
      "driving_words": [
        {
          "word": "wonderful",
          "score": 4.0
        },
        {
          "word": "wonderfully",
          "score": 4.0
        },
        {
          "word": "perfect",
          "score": 3.0
        },
        {
          "word": "great",
          "score": 3.0
        },
        {
          "word": "grateful",
          "score": 3.0
        },
        {
          "word": "good",
          "score": 3.0
        }
      ]
    },
    {
      "sample": 87,
      "position": 0.8787878787878788,
      "smoothed": 0.23039282750085427,
      "word_offset": 128408,
      "read_time_min": 513.6,
      "driving_words": [
        {
          "word": "thrilled",
          "score": 5.0
        },
        {
          "word": "supreme",
          "score": 4.0
        },
        {
          "word": "triumph",
          "score": 4.0
        },
        {
          "word": "win",
          "score": 4.0
        },
        {
          "word": "brilliant",
          "score": 4.0
        },
        {
          "word": "wonderful",
          "score": 4.0
        }
      ]
    }
  ],
  "valleys": [
    {
      "sample": 70,
      "position": 0.7070707070707071,
      "smoothed": -0.09692437777894508,
      "word_offset": 104294,
      "read_time_min": 417.2,
      "driving_words": [
        {
          "word": "tortured",
          "score": -4.0
        },
        {
          "word": "anger",
          "score": -3.0
        },
        {
          "word": "angry",
          "score": -3.0
        },
        {
          "word": "murdering",
          "score": -3.0
        },
        {
          "word": "illegal",
          "score": -3.0
        },
        {
          "word": "criminal",
          "score": -3.0
        }
      ]
    },
    {
      "sample": 79,
      "position": 0.797979797979798,
      "smoothed": 0.008938498182481887,
      "word_offset": 117060,
      "read_time_min": 468.2,
      "driving_words": [
        {
          "word": "tortured",
          "score": -4.0
        },
        {
          "word": "torture",
          "score": -4.0
        },
        {
          "word": "hated",
          "score": -3.0
        },
        {
          "word": "anguish",
          "score": -3.0
        },
        {
          "word": "awful",
          "score": -3.0
        },
        {
          "word": "worse",
          "score": -3.0
        }
      ]
    },
    {
      "sample": 94,
      "position": 0.9494949494949495,
      "smoothed": 0.002237764457971938,
      "word_offset": 138338,
      "read_time_min": 553.4,
      "driving_words": [
        {
          "word": "torture",
          "score": -4.0
        },
        {
          "word": "awful",
          "score": -3.0
        },
        {
          "word": "deadly",
          "score": -3.0
        },
        {
          "word": "killed",