{
  "status": "ok",
  "n_words": 360136,
  "window_size": 10000,
  "reliability": "high",
  "raw": [
    -0.0048,
    0.0044,
    0.0144,
    0.0468,
    0.0888,
    0.0372,
    0.0088,
    -0.0644,
    -0.0108,
    0.0012,
    -0.0192,
    0.0084,
    0.0192,
    0.0368,
    0.0192,
    -0.0164,
    0.0164,
    0.078,
    0.1312,
    0.0872,
    0.0408,
    0.026,
    0.0032,
    0.026,
    -0.0196,
    0.0232,
    0.066,
    0.1296,
    0.0808,
    0.0724,
    0.0136,
    0.0688,
    0.0308,
    0.0032,
    -0.0036,
    0.1216,
    0.1724,
    0.17,
    0.0264,
    0.0412,
    0.0708,
    0.1004,
    0.022,
    0.0188,
    0.0168,
    0.0088,
    -0.0156,
    -0.014,
    -0.0068,
    -0.0364,
    -0.0152,
    -0.0376,
    -0.0096,
    0.0292,
    0.0372,
    0.0576,
    0.0416,
    0.014,
    -0.058,
    -0.0584,
    -0.0484,
    -0.038,
    -0.08,
    -0.0776,
    -0.0704,
    -0.0056,
    0.0152,
    0.0356,
    0.02,
    0.0324,
    0.0528,
    -0.004,
    -0.0496,
    -0.0416,
    0.0304,
    0.0436,
    -0.0148,
    -0.07,
    -0.102,
    -0.1128,
    -0.1428,
    -0.0764,
    -0.0084,
    0.0252,
    -0.03,
    -0.0296,
    -0.0368,
    -0.0592,
    -0.1236,
    -0.118,
    -0.1776,
    -0.2332,
    -0.2688,
    -0.1984,
    -0.174,
    -0.1532,
    -0.1172,
    -0.1052,
    -0.1112,
    -0.0632
  ],
  "smoothed": [
    -0.014289677096408857,
    0.011879205592269118,
    0.02961000955504459,
    0.03741420744357841,
    0.03585444399877062,
    0.027320430125811913,
    0.01519471113989888,
    0.0028222539334594467,
    -0.007256867503054805,
    -0.013544456741328342,
    -0.015338186199694483,
    -0.012311202761378297,
    -0.004290697777163084,
    0.008557587359571848,
    0.025235875881833722,
    0.04347621563637562,
    0.05978963229822045,
    0.07023931470644887,
    0.07179430687479367,
    0.06374271532768414,
    0.04847656484647738,
    0.03112502570678749,
    0.017972251410330917,
    0.014160093875612846,
    0.021580851572848395,
    0.03789713157526545,
    0.05722905707565659,
    0.07236561363730215,
    0.07767538372551251,
    0.07152265807694913,
    0.057127597535913094,
    0.04141763886327213,
    0.032259092061540116,
    0.03517240851539142,
    0.05090079901165603,
    0.07488428121138027,
    0.09890822138274236,
    0.11427544908555785,
    0.11519278088321017,
    0.10095965347090903,
    0.07605328852303549,
    0.04810778174543657,
    0.024691436407831075,
    0.010298052036344289,
    0.004854968469157104,
    0.004360030527347885,
    0.003296188170914105,
    -0.0023336174879773886,
    -0.012793012161360338,
    -0.024290610218597165,
    -0.030753378061453604,
    -0.026920405837416804,
    -0.011336521492440249,
    0.012188989010350416,
    0.03545393677714996,
    0.04883882417278836,
    0.045204116810948616,
    0.02306366598313181,
    -0.012364616050149815,
    -0.050766210818069216,
    -0.080416186649229,
    -0.09247909249844442,
    -0.08418629784679858,
    -0.059618591054979984,
    -0.02782364288910375,
    0.0008929890030490073,
    0.018924076344355764,
    0.02392681064158893,
    0.01900210770492164,
    0.010543605655975999,
    0.004816592231921737,
    0.004846987276736359,
    0.00901842939843961,
    0.01198228460906015,
    0.007437237307046694,
    -0.008505234585595716,
    -0.03491985494301906,
    -0.06576339737101827,
    -0.09188573437974323,
    -0.104565697354737,
    -0.09911431897535383,
    -0.07704467545864922,
    -0.04589702429854821,
    -0.016769097375858175,
    -0.0005221061268773974,
    -0.004131018661209094,
    -0.028532788327567112,
    -0.06867382215661719,
    -0.11556525371801346,
    -0.15940312146604937,
    -0.19249911722144908,
    -0.21098929142525208,
    -0.21490363030508086,
    -0.20689286677806984,
    -0.19040755120503583,
    -0.1682168279389741,
    -0.14184533115551826,
    -0.1119793180850403,
    -0.07941216301711816,
    -0.04588334873018825
  ],
  "shape_matches": [
    {
      "shape": "Tragedy",
      "correlation": 0.6713
    },
    {
      "shape": "Icarus",
      "correlation": 0.427
    },
    {
      "shape": "Oedipus",
      "correlation": 0.1174
    },
    {
      "shape": "Cinderella",
      "correlation": -0.1505
    },
    {
      "shape": "Man in a Hole",
      "correlation": -0.4353
    },
    {
      "shape": "Rags to Riches",
      "correlation": -0.6713
    }
  ],
  "best_shape": "Tragedy",
  "best_shape_correlation": 0.6713,
  "peaks": [
    {
      "sample": 18,
      "position": 0.18181818181818182,
      "smoothed": 0.07179430687479367,
      "word_offset": 68661,
      "read_time_min": 274.6,
      "driving_words": [
        {
          "word": "fantastic",
          "score": 4.0
        },
        {
          "word": "fun",
          "score": 4.0
        },
        {
          "word": "win",
          "score": 4.0
        },
        {
          "word": "miracle",
          "score": 4.0
        },
        {
          "word": "good",
          "score": 3.0
        },
        {
          "word": "perfectly",
          "score": 3.0
        }
      ]
    },
    {
      "sample": 28,
      "position": 0.2828282828282828,
      "smoothed": 0.07767538372551251,
      "word_offset": 104028,
      "read_time_min": 416.1,
      "driving_words": [
        {
          "word": "triumph",
          "score": 4.0
        },
        {
          "word": "funny",
          "score": 4.0
        },
        {
          "word": "miracle",
          "score": 4.0
        },
        {
          "word": "wonderful",
          "score": 4.0
        },
        {
          "word": "best",
          "score": 3.0
        },
        {
          "word": "happy",
          "score": 3.0
        }
      ]
    },
    {
      "sample": 38,
      "position": 0.3838383838383838,
      "smoothed": 0.11519278088321017,
      "word_offset": 139396,
      "read_time_min": 557.6,
      "driving_words": [
        {
          "word": "rejoicing",
          "score": 4.0
        },
        {
          "word": "wonderful",
          "score": 4.0
        },
        {
          "word": "rejoiced",
          "score": 4.0
        },
        {
          "word": "rejoices",
          "score": 4.0
        },
        {
          "word": "great",
          "score": 3.0
        },
        {
          "word": "love",
          "score": 3.0
        }
      ]
    }
  ],
  "valleys": [
    {
      "sample": 61,
      "position": 0.6161616161616161,
      "smoothed": -0.09247909249844442,
      "word_offset": 220740,
      "read_time_min": 883.0,
      "driving_words": [
        {
          "word": "tortured",
          "score": -4.0
        },
        {
          "word": "criminal",
          "score": -3.0
        },
        {
          "word": "loss",
          "score": -3.0
        },
        {
          "word": "miserable",
          "score": -3.0
        },
        {
          "word": "angry",
          "score": -3.0
        },
        {
          "word": "inexcusable",
          "score": -3.0
        }
      ]
    },
    {
      "sample": 79,
      "position": 0.797979797979798,
      "smoothed": -0.104565697354737,
      "word_offset": 284401,
      "read_time_min": 1137.6,
      "driving_words": [
        {
          "word": "mad",
          "score": -3.0
        },
        {
          "word": "dying",
          "score": -3.0
        },
        {
          "word": "dumb",
          "score": -3.0
        },
        {
          "word": "angry",
          "score": -3.0
        },
        {
          "word": "terrible",
          "score": -3.0
        },
        {
          "word": "losing",
          "score": -3.0
        }
      ]
    },
    {
      "sample": 92,
      "position": 0.9292929292929293,
      "smoothed": -0.21490363030508086,
      "word_offset": 330379,
      "read_time_min": 1321.5,
      "driving_words": [
        {
          "word": "tortured",
          "score": -4.0
        },
        {
          "word": "violent",