{
  "status": "ok",
  "n_words": 82734,
  "window_size": 10000,
  "reliability": "high",
  "raw": [
    0.056,
    0.0364,
    0.0372,
    0.0056,
    -0.0036,
    -0.0108,
    -0.002,
    0.0172,
    0.0164,
    0.0076,
    -0.0044,
    -0.0156,
    -0.0204,
    -0.0416,
    -0.0392,
    -0.0384,
    -0.0264,
    0.0024,
    0.006,
    0.0176,
    0.0132,
    0.0176,
    0.0172,
    0.0196,
    0.034,
    0.04,
    0.0444,
    0.0768,
    0.0672,
    0.0872,
    0.0848,
    0.0852,
    0.1024,
    0.0936,
    0.1028,
    0.0892,
    0.0964,
    0.0804,
    0.074,
    0.0728,
    0.0592,
    0.0584,
    0.0488,
    0.0416,
    0.0668,
    0.052,
    0.0328,
    0.0236,
    0.0116,
    -0.0024,
    0.006,
    0.0036,
    0.01,
    0.008,
    0.0056,
    0.0152,
    0.0256,
    0.0268,
    0.0112,
    -0.0076,
    -0.0128,
    0.0028,
    0.0024,
    -0.0068,
    -0.0052,
    -0.0088,
    0.0048,
    0.0068,
    0.0152,
    0.0104,
    -0.0056,
    -0.0096,
    -0.0068,
    -0.01,
    -0.0076,
    -0.0156,
    -0.0084,
    0.0004,
    0.0136,
    0.0072,
    -0.0032,
    0.01,
    0.0064,
    -0.004,
    0.008,
    0.0268,
    0.026,
    0.02,
    0.0224,
    0.0252,
    0.0448,
    0.0328,
    0.0276,
    0.0108,
    0.0032,
    -0.0116,
    -0.0068,
    -0.0152,
    -0.034,
    -0.05
  ],
  "smoothed": [
    0.01158495587388832,
    0.017056941182384214,
    0.017685548948529164,
    0.014651734700521788,
    0.01029256966378629,
    0.00687926398547728,
    0.005520690451058446,
    0.005681590618950718,
    0.0055210584730994924,
    0.002885102296703212,
    -0.0035082440255211535,
    -0.013241267609054507,
    -0.024119409908496522,
    -0.03290514527889982,
    -0.036562755892088926,
    -0.03348410599685269,
    -0.02416755433239984,
    -0.011054324888984177,
    0.0024136224900941227,
    0.013120425590111574,
    0.019436857914289892,
    0.021744181773729724,
    0.022129865253199713,
    0.02341597186040129,
    0.027952717117562937,
    0.03668628867361906,
    0.04886578820143503,
    0.062460923410321584,
    0.07505456585062913,
    0.08478821859194538,
    0.09094995590986794,
    0.09398796571624479,
    0.09501139741199137,
    0.09507209278464629,
    0.09460096635788759,
    0.09327054815660095,
    0.09032615896558721,
    0.0851863215533897,
    0.07797590669849452,
    0.06968883604755012,
    0.06186410552213035,
    0.05590859854547673,
    0.05239095116898417,
    0.05066781113851639,
    0.04906449028976937,
    0.04557724720120617,
    0.038811487100165,
    0.0287385005829603,
    0.016909076171337217,
    0.005986578022927754,
    -0.0012416919109777996,
    -0.002979258439861532,
    0.0008043931009228089,
    0.008273336644358824,
    0.01635721190942744,
    0.02186917754884398,
    0.022662908502996106,
    0.01837053958023559,
    0.010443543057498719,
    0.0015092601889289613,
    -0.00566925798735436,
    -0.009199090264053142,
    -0.008640938928951417,
    -0.0049834270858330225,
    -8.5334678784319e-05,
    0.004127822307518427,
    0.006358318005582134,
    0.006258527065547175,
    0.004313904649082514,
    0.0014225656985679925,
    -0.0015768154457314987,
    -0.004194820996159758,
    -0.006295332947235841,
    -0.007879005137069175,
    -0.008828948281630855,
    -0.008808668523052166,
    -0.007399146518826978,
    -0.004406568368664052,
    -0.00015093513195659546,
    0.004471487901571809,
    0.00825547021570575,
    0.010210489208504661,
    0.010106594243693978,
    0.008751903813066205,
    0.007800871547815245,
    0.00909885352670853,
    0.013800734079552252,
    0.021647352306911883,
    0.03076308106889173,
    0.03814394135709364,
    0.04071248052905123,
    0.036549867680537224,
    0.025800445286512003,
    0.01084212649299038,
    -0.0044021115277926145,
    -0.015784243475417216,
    -0.02038299125289985,
    -0.017516375489819273,
    -0.008911223259869734,
    0.002033907798644017
  ],
  "shape_matches": [
    {
      "shape": "Icarus",
      "correlation": 0.3706
    },
    {
      "shape": "Tragedy",
      "correlation": 0.1886
    },
    {
      "shape": "Cinderella",
      "correlation": 0.1572
    },
    {
      "shape": "Man in a Hole",
      "correlation": -0.0594
    },
    {
      "shape": "Oedipus",
      "correlation": -0.1739
    },
    {
      "shape": "Rags to Riches",
      "correlation": -0.1886
    }
  ],
  "best_shape": "Icarus",
  "best_shape_correlation": 0.3706,
  "peaks": [
    {
      "sample": 33,
      "position": 0.3333333333333333,
      "smoothed": 0.09507209278464629,
      "word_offset": 29245,
      "read_time_min": 117.0,
      "driving_words": [
        {
          "word": "amazing",
          "score": 4.0
        },
        {
          "word": "funny",
          "score": 4.0
        },
        {
          "word": "won't",
          "score": 3.0
        },
        {
          "word": "affection",
          "score": 3.0
        },
        {
          "word": "delighted",
          "score": 3.0
        },
        {
          "word": "magnificent",
          "score": 3.0
        }
      ]
    },
    {
      "sample": 56,
      "position": 0.5656565656565656,
      "smoothed": 0.022662908502996106,
      "word_offset": 46142,
      "read_time_min": 184.6,
      "driving_words": [
        {
          "word": "fun",
          "score": 4.0
        },
        {
          "word": "brilliant",
          "score": 4.0
        },
        {
          "word": "wonderful",
          "score": 4.0
        },
        {
          "word": "won't",
          "score": 3.0
        },
        {
          "word": "happiness",
          "score": 3.0
        },
        {
          "word": "wealth",
          "score": 3.0
        }
      ]
    },
    {
      "sample": 90,
      "position": 0.9090909090909091,
      "smoothed": 0.04071248052905123,
      "word_offset": 71122,
      "read_time_min": 284.5,
      "driving_words": [
        {
          "word": "winner",
          "score": 4.0
        },
        {
          "word": "brilliant",
          "score": 4.0
        },
        {
          "word": "win",
          "score": 4.0
        },
        {
          "word": "miracle",
          "score": 4.0
        },
        {
          "word": "happy",
          "score": 3.0
        },
        {
          "word": "good",
          "score": 3.0
        }
      ]
    }
  ],
  "valleys": [
    {
      "sample": 14,
      "position": 0.1414141414141414,
      "smoothed": -0.036562755892088926,
      "word_offset": 15286,
      "read_time_min": 61.1,
      "driving_words": [
        {
          "word": "dick",
          "score": -4.0
        },
        {
          "word": "lost",
          "score": -3.0
        },
        {
          "word": "criminals",
          "score": -3.0
        },
        {
          "word": "terror",
          "score": -3.0
        },
        {
          "word": "mad",
          "score": -3.0
        },
        {
          "word": "cheat",
          "score": -3.0
        }
      ]
    },
    {
      "sample": 61,
      "position": 0.6161616161616161,
      "smoothed": -0.009199090264053142,
      "word_offset": 49816,
      "read_time_min": 199.3,
      "driving_words": [
        {
          "word": "dick",
          "score": -4.0
        },
        {
          "word": "violently",
          "score": -3.0
        },
        {
          "word": "awful",
          "score": -3.0
        },
        {
          "word": "horrible",
          "score": -3.0
        },
        {
          "word": "miserable",
          "score": -3.0
        },
        {
          "word": "terrible",
          "score": -3.0
        }
      ]
    },
    {
      "sample": 96,
      "position": 0.9696969696969697,
      "smoothed": -0.02038299125289985,
      "word_offset": 75530,
      "read_time_min": 302.1,
      "driving_words": [
        {
          "word": "nigger",
          "score": -5.0
        },
        {
          "word": "foul",