{
  "status": "ok",
  "n_words": 41320,
  "window_size": 10000,
  "reliability": "high",
  "raw": [
    -0.152,
    -0.1632,
    -0.1844,
    -0.1856,
    -0.214,
    -0.23,
    -0.2384,
    -0.23,
    -0.2124,
    -0.1844,
    -0.1616,
    -0.156,
    -0.1488,
    -0.1528,
    -0.1548,
    -0.16,
    -0.1596,
    -0.1568,
    -0.148,
    -0.1496,
    -0.1428,
    -0.1496,
    -0.1416,
    -0.1272,
    -0.13,
    -0.1264,
    -0.1416,
    -0.142,
    -0.154,
    -0.1472,
    -0.15,
    -0.148,
    -0.1544,
    -0.1472,
    -0.1444,
    -0.1288,
    -0.1184,
    -0.1008,
    -0.096,
    -0.104,
    -0.1144,
    -0.124,
    -0.1316,
    -0.1412,
    -0.1328,
    -0.1308,
    -0.1172,
    -0.1132,
    -0.116,
    -0.1116,
    -0.1028,
    -0.0976,
    -0.0936,
    -0.108,
    -0.1312,
    -0.1216,
    -0.136,
    -0.1368,
    -0.12,
    -0.1036,
    -0.0924,
    -0.0952,
    -0.0992,
    -0.0916,
    -0.0928,
    -0.0816,
    -0.0728,
    -0.0748,
    -0.0704,
    -0.0636,
    -0.0692,
    -0.0664,
    -0.0664,
    -0.0784,
    -0.0696,
    -0.0736,
    -0.076,
    -0.068,
    -0.0748,
    -0.0692,
    -0.0716,
    -0.0852,
    -0.0828,
    -0.0836,
    -0.076,
    -0.0744,
    -0.0532,
    -0.0444,
    -0.0276,
    -0.026,
    -0.014,
    -0.0192,
    -0.0304,
    -0.0316,
    -0.0332,
    -0.032,
    -0.0324,
    -0.0356,
    -0.0336,
    -0.0192
  ],
  "smoothed": [
    -0.10298641995510523,
    -0.14049598785682008,
    -0.1775102006287371,
    -0.20836963862021501,
    -0.22870701499292853,
    -0.23652069368756615,
    -0.23251289553541976,
    -0.21964850107710254,
    -0.2021470401901243,
    -0.18427818094251266,
    -0.16934433795619103,
    -0.15911575625280072,
    -0.15379365917529847,
    -0.1523945609959852,
    -0.15333833370361852,
    -0.15501133994576333,
    -0.1561483179669444,
    -0.15598705353828926,
    -0.15424586292682055,
    -0.15101948348781263,
    -0.14667704885820151,
    -0.141796573510516,
    -0.1371175900615734,
    -0.13346684656981528,
    -0.1316231021006881,
    -0.13212664313410988,
    -0.1350835394581255,
    -0.14003903559053169,
    -0.14598507452858353,
    -0.15152684879015454,
    -0.1551795921085732,
    -0.15572166104911592,
    -0.15251004563305665,
    -0.1456746479380521,
    -0.13614086062679004,
    -0.12547249186816667,
    -0.11556600878752299,
    -0.10825532579211675,
    -0.10490312840264988,
    -0.10606183612209531,
    -0.11128466042236104,
    -0.11915074767049236,
    -0.12753261916942113,
    -0.13407805367165213,
    -0.1368114333600008,
    -0.13470196065918644,
    -0.1280241403393944,
    -0.11836968904272364,
    -0.10826173090125778,
    -0.10044948959361281,
    -0.09708203386185947,
    -0.09902460011423489,
    -0.10555672529045712,
    -0.11457561326876091,
    -0.12325576194223117,
    -0.12894891823598317,
    -0.13001283635184213,
    -0.12627557445314222,
    -0.1189733827549379,
    -0.11019764106722231,
    -0.10207332292494548,
    -0.09599251576622855,
    -0.09219871485397814,
    -0.0898701807692142,
    -0.08764303421659721,
    -0.08433299771786937,
    -0.07953555139752876,
    -0.07384214746234836,
    -0.06858122752618599,
    -0.06520404909819981,
    -0.06459501716192526,
    -0.0666234589279166,
    -0.07015001250904242,
    -0.0734991408838438,
    -0.0751970936263162,
    -0.07464621379514923,
    -0.07242169775612023,
    -0.0700338628016061,
    -0.0692330202362524,
    -0.07114434110110857,
    -0.07561273227400342,
    -0.0810670912148782,
    -0.08500348747386978,
    -0.08492337544853054,
    -0.07935769049702807,
    -0.0685512327206564,
    -0.05450394512006577,
    -0.040321148278870796,
    -0.02911019374000735,
    -0.022857459415552887,
    -0.021742437140184458,
    -0.02418057158104876,
    -0.027596866698713623,
    -0.029634008080727234,
    -0.02931318096715179,
    -0.02766990557219522,
    -0.027582103342981945,
    -0.03281774046911951,
    -0.04663327254638772,
    -0.07043316434837502
  ],
  "shape_matches": [
    {
      "shape": "Rags to Riches",
      "correlation": 0.9139
    },
    {
      "shape": "Man in a Hole",
      "correlation": 0.8107
    },
    {
      "shape": "Cinderella",
      "correlation": 0.5906
    },
    {
      "shape": "Icarus",
      "correlation": -0.021
    },
    {
      "shape": "Oedipus",
      "correlation": -0.56
    },
    {
      "shape": "Tragedy",
      "correlation": -0.9139
    }
  ],
  "best_shape": "Rags to Riches",
  "best_shape_correlation": 0.9139,
  "peaks": [
    {
      "sample": 70,
      "position": 0.7070707070707071,
      "smoothed": -0.06459501716192526,
      "word_offset": 27145,
      "read_time_min": 108.6,
      "driving_words": [
        {
          "word": "triumph",
          "score": 4.0
        },
        {
          "word": "wonderful",
          "score": 4.0
        },
        {
          "word": "heavenly",
          "score": 4.0
        },
        {
          "word": "devoted",
          "score": 3.0
        },
        {
          "word": "pleased",
          "score": 3.0
        },
        {
          "word": "joy",
          "score": 3.0
        }
      ]
    },
    {
      "sample": 90,
      "position": 0.9090909090909091,
      "smoothed": -0.021742437140184458,
      "word_offset": 33473,
      "read_time_min": 133.9,
      "driving_words": [
        {
          "word": "heavenly",
          "score": 4.0
        },
        {
          "word": "pleasure",
          "score": 3.0
        },
        {
          "word": "great",
          "score": 3.0
        },
        {
          "word": "sweetest",
          "score": 3.0
        },
        {
          "word": "loved",
          "score": 3.0
        },
        {
          "word": "popular",
          "score": 3.0
        }
      ]
    },
    {
      "sample": 96,
      "position": 0.9696969696969697,
      "smoothed": -0.027582103342981945,
      "word_offset": 35371,
      "read_time_min": 141.5,
      "driving_words": [
        {
          "word": "heavenly",
          "score": 4.0
        },
        {
          "word": "succeeded",
          "score": 3.0
        },
        {
          "word": "joy",
          "score": 3.0
        },
        {
          "word": "great",
          "score": 3.0
        },
        {
          "word": "excitement",
          "score": 3.0
        },
        {
          "word": "won",
          "score": 3.0
        }
      ]
    }
  ],
  "valleys": [
    {
      "sample": 5,
      "position": 0.050505050505050504,
      "smoothed": -0.23652069368756615,
      "word_offset": 6582,
      "read_time_min": 26.3,
      "driving_words": [
        {
          "word": "hell",
          "score": -4.0
        },
        {
          "word": "torture",
          "score": -4.0
        },
        {
          "word": "slavery",
          "score": -3.0
        },
        {
          "word": "lost",
          "score": -3.0
        },
        {
          "word": "slave",
          "score": -3.0
        },
        {
          "word": "slaves",
          "score": -3.0
        }
      ]
    },
    {
      "sample": 16,
      "position": 0.16161616161616163,
      "smoothed": -0.1561483179669444,
      "word_offset": 10062,
      "read_time_min": 40.2,
      "driving_words": [
        {
          "word": "nigger",
          "score": -5.0
        },
        {
          "word": "hell",
          "score": -4.0
        },
        {
          "word": "torture",
          "score": -4.0
        },
        {
          "word": "slave",
          "score": -3.0
        },
        {
          "word": "died",
          "score": -3.0
        },
        {
          "word": "slaves",
          "score": -3.0
        }
      ]
    },
    {
      "sample": 31,
      "position": 0.31313131313131315,
      "smoothed": -0.15572166104911592,
      "word_offset": 14807,
      "read_time_min": 59.2,
      "driving_words": [
        {
          "word": "nigger",