{
  "status": "ok",
  "n_words": 988542,
  "window_size": 10000,
  "reliability": "high",
  "raw": [
    0.2708,
    0.1392,
    0.218,
    0.0932,
    0.1376,
    0.1648,
    0.0724,
    0.1316,
    0.1204,
    0.1332,
    -0.068,
    0.0536,
    0.0976,
    0.0576,
    0.112,
    0.0856,
    -0.0248,
    0.028,
    0.0652,
    0.0264,
    -0.0308,
    0.014,
    0.0832,
    0.0524,
    0.1024,
    0.1588,
    0.0592,
    -0.0292,
    0.1508,
    -0.01,
    -0.0656,
    0.1588,
    -0.0392,
    -0.1316,
    -0.0708,
    0.0224,
    0.0596,
    0.176,
    0.1716,
    0.1952,
    -0.04,
    -0.1584,
    0.0224,
    -0.02,
    0.0464,
    -0.1208,
    -0.0468,
    0.2068,
    0.1892,
    0.09,
    -0.0316,
    0.0676,
    0.0356,
    0.0868,
    0.1712,
    0.1184,
    0.1996,
    0.1036,
    0.1484,
    0.0672,
    0.184,
    0.1412,
    0.0416,
    0.1664,
    0.0536,
    -0.0256,
    0.174,
    0.0852,
    -0.0276,
    0.036,
    -0.1596,
    0.1384,
    -0.072,
    0.1348,
    0.0996,
    -0.0504,
    0.2132,
    0.1196,
    0.03,
    0.0476,
    0.224,
    0.0268,
    0.0976,
    -0.0744,
    0.0188,
    0.1552,
    0.1404,
    0.0608,
    0.0948,
    0.1172,
    0.1952,
    0.1468,
    0.19,
    0.2388,
    0.0964,
    0.0672,
    0.1092,
    0.0448,
    -0.3028,
    -0.012
  ],
  "smoothed": [
    0.06832941319025534,
    0.1260509556963822,
    0.17002824913668366,
    0.18882695587527049,
    0.1803313142207339,
    0.15147450424048484,
    0.11467181637598796,
    0.0826187509627092,
    0.06363868441780345,
    0.059347538200192375,
    0.06528329116712431,
    0.07385451791895366,
    0.07806624619441506,
    0.07434205367120644,
    0.06337493770193092,
    0.04896251579762848,
    0.03570810024270158,
    0.02687337490857222,
    0.023403290695504148,
    0.024395399255672523,
    0.02846806911372427,
    0.035023958633616535,
    0.04453613219999581,
    0.0576215103495223,
    0.07345921314465907,
    0.08862005865188495,
    0.09729525159933054,
    0.0932429230889815,
    0.07282063521738538,
    0.0377223240057215,
    -0.004091300962832154,
    -0.04014838700087557,
    -0.05762253794722099,
    -0.048419315340920255,
    -0.01308201058581346,
    0.0383306865379728,
    0.08911462165977174,
    0.12170548559876833,
    0.1242361934627592,
    0.09524982859216184,
    0.04457252652821346,
    -0.010149940110935125,
    -0.04998072476672232,
    -0.0617281512277434,
    -0.04268883341799993,
    -0.0012201663177818212,
    0.04702272006822342,
    0.08557003924966608,
    0.10363211927830357,
    0.09995352329930697,
    0.08254505590535248,
    0.0645841720577906,
    0.058379389717882896,
    0.07004660589603358,
    0.09713928514355231,
    0.1301140933688215,
    0.15681501032309572,
    0.16787371476746593,
    0.16060517569686292,
    0.13973877781567873,
    0.11479947620642847,
    0.09546432722656106,
    0.08709020675442729,
    0.08846347730356506,
    0.09275112090457828,
    0.09114028618704874,
    0.0774245559941166,
    0.05138346894852924,
    0.01937971324862852,
    -0.008113252441022224,
    -0.02093864586988998,
    -0.013647743191307887,
    0.01209832865034897,
    0.0481513121654209,
    0.08319176759358925,
    0.1072221774369369,
    0.1152516043240004,
    0.10862785531162869,
    0.09359956411336366,
    0.0779652075180978,
    0.06749476662705249,
    0.06381778285725856,
    0.06467520663105815,
    0.06622693586203629,
    0.06607751754063965,
    0.06532720119758387,
    0.06844948730955214,
    0.08090732250401221,
    0.10561560280159726,
    0.14005380636549372,
    0.17567013796047165,
    0.20023718563230605,
    0.20244789542953132,
    0.1769073326707602,
    0.12732005283273673,
    0.06629585303352115,
    0.011560002383472878,
    -0.020121327340732142,
    -0.01896969615736034,
    0.014212482310093573
  ],
  "shape_matches": [
    {
      "shape": "Oedipus",
      "correlation": 0.1239
    },
    {
      "shape": "Rags to Riches",
      "correlation": 0.0541
    },
    {
      "shape": "Man in a Hole",
      "correlation": -0.0066
    },
    {
      "shape": "Tragedy",
      "correlation": -0.0541
    },
    {
      "shape": "Cinderella",
      "correlation": -0.1164
    },
    {
      "shape": "Icarus",
      "correlation": -0.2326
    }
  ],
  "best_shape": "Oedipus",
  "best_shape_correlation": 0.1239,
  "peaks": [
    {
      "sample": 3,
      "position": 0.030303030303030304,
      "smoothed": 0.18882695587527049,
      "word_offset": 34653,
      "read_time_min": 138.6,
      "driving_words": [
        {
          "word": "win",
          "score": 4.0
        },
        {
          "word": "wins",
          "score": 4.0
        },
        {
          "word": "rejoices",
          "score": 4.0
        },
        {
          "word": "marvel",
          "score": 3.0
        },
        {
          "word": "good",
          "score": 3.0
        },
        {
          "word": "great",
          "score": 3.0
        }
      ]
    },
    {
      "sample": 57,
      "position": 0.5757575757575758,
      "smoothed": 0.16787371476746593,
      "word_offset": 568403,
      "read_time_min": 2273.6,
      "driving_words": [
        {
          "word": "wonderful",
          "score": 4.0
        },
        {
          "word": "heavenly",
          "score": 4.0
        },
        {
          "word": "miracle",
          "score": 4.0
        },
        {
          "word": "love",
          "score": 3.0
        },
        {
          "word": "good",
          "score": 3.0
        },
        {
          "word": "glad",
          "score": 3.0
        }
      ]
    },
    {
      "sample": 92,
      "position": 0.9292929292929293,
      "smoothed": 0.20244789542953132,
      "word_offset": 914352,
      "read_time_min": 3657.4,
      "driving_words": [
        {
          "word": "heavenly",
          "score": 4.0
        },
        {
          "word": "win",
          "score": 4.0
        },
        {
          "word": "woo",
          "score": 3.0
        },
        {
          "word": "blessing",
          "score": 3.0
        },
        {
          "word": "love",
          "score": 3.0
        },
        {
          "word": "great",
          "score": 3.0
        }
      ]
    }
  ],
  "valleys": [
    {
      "sample": 32,
      "position": 0.32323232323232326,
      "smoothed": -0.05762253794722099,
      "word_offset": 321296,
      "read_time_min": 1285.2,
      "driving_words": [
        {
          "word": "torture",
          "score": -4.0
        },
        {
          "word": "hell",
          "score": -4.0
        },
        {
          "word": "tortures",
          "score": -4.0
        },
        {
          "word": "tortured",
          "score": -4.0
        },
        {
          "word": "terribly",
          "score": -3.0
        },
        {
          "word": "die",
          "score": -3.0
        }
      ]
    },
    {
      "sample": 43,
      "position": 0.43434343434343436,
      "smoothed": -0.0617281512277434,
      "word_offset": 430023,
      "read_time_min": 1720.1,
      "driving_words": [
        {
          "word": "prick",
          "score": -5.0
        },
        {
          "word": "bastard",
          "score": -5.0
        },
        {
          "word": "hell",
          "score": -4.0
        },
        {
          "word": "ass",
          "score": -4.0
        },
        {
          "word": "damned",
          "score": -4.0
        },
        {
          "word": "die",
          "score": -3.0
        }
      ]
    },
    {
      "sample": 70,
      "position": 0.7070707070707071,
      "smoothed": -0.02093864586988998,
      "word_offset": 696898,
      "read_time_min": 2787.6,
      "driving_words": [
        {
          "word": "hell",
          "score": -4.0
        },
        {
          "word": "damned",
          "score": -4.0
        },
        {
          "word": "treason",
          "score": -3.0
        },
        {
          "word": "betray",