{
  "status": "ok",
  "n_words": 47740,
  "window_size": 10000,
  "reliability": "high",
  "raw": [
    0.0088,
    0.002,
    -0.0012,
    -0.0084,
    -0.0076,
    -0.0072,
    -0.022,
    -0.0528,
    -0.0656,
    -0.078,
    -0.0704,
    -0.082,
    -0.0848,
    -0.0836,
    -0.0856,
    -0.1024,
    -0.1,
    -0.1016,
    -0.1104,
    -0.1116,
    -0.1004,
    -0.1072,
    -0.0956,
    -0.086,
    -0.0756,
    -0.0696,
    -0.0824,
    -0.088,
    -0.0824,
    -0.08,
    -0.0848,
    -0.0844,
    -0.0872,
    -0.0816,
    -0.0772,
    -0.0676,
    -0.0688,
    -0.0592,
    -0.066,
    -0.078,
    -0.0848,
    -0.0792,
    -0.0816,
    -0.0856,
    -0.0724,
    -0.0688,
    -0.076,
    -0.0728,
    -0.0856,
    -0.0936,
    -0.098,
    -0.0968,
    -0.0904,
    -0.0712,
    -0.0696,
    -0.0596,
    -0.0528,
    -0.0536,
    -0.0428,
    -0.048,
    -0.0448,
    -0.0444,
    -0.044,
    -0.0532,
    -0.0556,
    -0.0428,
    -0.028,
    -0.0248,
    -0.0196,
    -0.0196,
    -0.0216,
    -0.0224,
    -0.0292,
    -0.0316,
    -0.0312,
    -0.0236,
    -0.0136,
    -0.0124,
    -0.0004,
    -0.0124,
    -0.0096,
    -0.0224,
    -0.0152,
    -0.014,
    -0.0188,
    -0.0128,
    -0.0108,
    -0.014,
    -0.02,
    -0.0248,
    -0.0124,
    -0.0156,
    -0.0164,
    -0.0316,
    -0.0352,
    -0.036,
    -0.0252,
    -0.0324,
    -0.0204,
    -0.016
  ],
  "smoothed": [
    -0.004262018657469673,
    0.0016613329802252419,
    0.003950779787523069,
    0.0015123796990812145,
    -0.005892996659565107,
    -0.01753097284969684,
    -0.031824283461694164,
    -0.04671993043017057,
    -0.06020248692109283,
    -0.0708072472058816,
    -0.07797555055486859,
    -0.08213629563661205,
    -0.08448198273210483,
    -0.08650764710809938,
    -0.08946235338803075,
    -0.09389597109863308,
    -0.09945522665630514,
    -0.10500059679154745,
    -0.10900687623287607,
    -0.11011254641084377,
    -0.10763046361751133,
    -0.10184354639789246,
    -0.09398066255280352,
    -0.08587547424988505,
    -0.07941790032580111,
    -0.07597780852835152,
    -0.07599012840915499,
    -0.07883701468611597,
    -0.08306448127659706,
    -0.08686119465024511,
    -0.08864227283034551,
    -0.08754855002550717,
    -0.083701693684365,
    -0.07813712748307394,
    -0.07244263023728963,
    -0.0682259917701775,
    -0.06658930048467697,
    -0.06778308725810611,
    -0.07115245763571121,
    -0.07538961797026994,
    -0.07900478424069017,
    -0.08085394377609971,
    -0.08054179423774423,
    -0.0785587677980183,
    -0.07609990187470085,
    -0.07462175670540779,
    -0.07528564816383121,
    -0.07847958483194069,
    -0.08359095632317878,
    -0.08912190256691799,
    -0.09312459342853323,
    -0.09382237192282464,
    -0.09021322245343742,
    -0.08244981789994787,
    -0.07185871195023136,
    -0.06057897364246169,
    -0.050928661348222555,
    -0.044702033925416704,
    -0.04262772566139529,
    -0.04416729682657477,
    -0.047720781029131104,
    -0.05116932761452204,
    -0.052571948538892105,
    -0.05078313650928603,
    -0.0457882002769194,
    -0.03865267574355371,
    -0.031115684881731255,
    -0.024977423599682178,
    -0.02149615695506734,
    -0.020998629257596057,
    -0.022825915632147524,
    -0.02561568069648134,
    -0.0278058111936639,
    -0.0281742462694423,
    -0.026228174609973884,
    -0.02231956838347986,
    -0.017466861966677922,
    -0.012965503454602439,
    -0.0099365789005485,
    -0.008971861063460373,
    -0.009986837428331565,
    -0.012311969171504726,
    -0.014968601849743557,
    -0.017019371485139365,
    -0.017870422315484077,
    -0.017433247939616932,
    -0.01611109784410115,
    -0.01463499357688761,
    -0.013816456059583425,
    -0.014297254299330478,
    -0.016362664221268943,
    -0.01985520415432945,
    -0.02419484515136811,
    -0.02848974724443952,
    -0.03171155687890418,
    -0.03290715169832215,
    -0.03141755036805498,
    -0.02707004883893113,
    -0.020302867685701827,
    -0.012179601231976691
  ],
  "shape_matches": [
    {
      "shape": "Rags to Riches",
      "correlation": 0.5409
    },
    {
      "shape": "Man in a Hole",
      "correlation": 0.3543
    },
    {
      "shape": "Cinderella",
      "correlation": 0.0314
    },
    {
      "shape": "Oedipus",
      "correlation": -0.0013
    },
    {
      "shape": "Icarus",
      "correlation": -0.4792
    },
    {
      "shape": "Tragedy",
      "correlation": -0.5409
    }
  ],
  "best_shape": "Rags to Riches",
  "best_shape_correlation": 0.5409,
  "peaks": [
    {
      "sample": 2,
      "position": 0.020202020202020204,
      "smoothed": 0.003950779787523069,
      "word_offset": 5762,
      "read_time_min": 23.0,
      "driving_words": [
        {
          "word": "brilliant",
          "score": 4.0
        },
        {
          "word": "wonderful",
          "score": 4.0
        },
        {
          "word": "triumph",
          "score": 4.0
        },
        {
          "word": "pleased",
          "score": 3.0
        },
        {
          "word": "greater",
          "score": 3.0
        },
        {
          "word": "pleasure",
          "score": 3.0
        }
      ]
    },
    {
      "sample": 79,
      "position": 0.797979797979798,
      "smoothed": -0.008971861063460373,
      "word_offset": 35116,
      "read_time_min": 140.5,
      "driving_words": [
        {
          "word": "succeeds",
          "score": 3.0
        },
        {
          "word": "good",
          "score": 3.0
        },
        {
          "word": "loved",
          "score": 3.0
        },
        {
          "word": "great",
          "score": 3.0
        },
        {
          "word": "glad",
          "score": 3.0
        },
        {
          "word": "love",
          "score": 3.0
        }
      ]
    },
    {
      "sample": 88,
      "position": 0.8888888888888888,
      "smoothed": -0.013816456059583425,
      "word_offset": 38547,
      "read_time_min": 154.2,
      "driving_words": [
        {
          "word": "great",
          "score": 3.0
        },
        {
          "word": "pleasure",
          "score": 3.0
        },
        {
          "word": "best",
          "score": 3.0
        },
        {
          "word": "pleasant",
          "score": 3.0
        },
        {
          "word": "glad",
          "score": 3.0
        },
        {
          "word": "love",
          "score": 3.0
        }
      ]
    }
  ],
  "valleys": [
    {
      "sample": 19,
      "position": 0.1919191919191919,
      "smoothed": -0.11011254641084377,
      "word_offset": 12243,
      "read_time_min": 49.0,
      "driving_words": [
        {
          "word": "torture",
          "score": -4.0
        },
        {
          "word": "dead",
          "score": -3.0
        },
        {
          "word": "slave",
          "score": -3.0
        },
        {
          "word": "cruel",
          "score": -3.0
        },
        {
          "word": "despair",
          "score": -3.0
        },
        {
          "word": "betrayed",
          "score": -3.0
        }
      ]
    },
    {
      "sample": 30,
      "position": 0.30303030303030304,
      "smoothed": -0.08864227283034551,
      "word_offset": 16436,
      "read_time_min": 65.7,
      "driving_words": [
        {
          "word": "torture",
          "score": -4.0
        },
        {
          "word": "loose",
          "score": -3.0
        },
        {
          "word": "dying",
          "score": -3.0
        },
        {
          "word": "cheated",
          "score": -3.0
        },
        {
          "word": "charged",
          "score": -3.0
        },
        {
          "word": "hideous",
          "score": -3.0
        }
      ]
    },
    {
      "sample": 51,
      "position": 0.5151515151515151,
      "smoothed": -0.09382237192282464,
      "word_offset": 24442,
      "read_time_min": 97.8,
      "driving_words": [
        {
          "word": "tortured",