{
  "status": "ok",
  "n_words": 189683,
  "window_size": 10000,
  "reliability": "high",
  "raw": [
    0.1244,
    0.1108,
    0.1232,
    0.1332,
    0.1356,
    0.118,
    0.118,
    0.0888,
    0.0704,
    0.0868,
    0.094,
    0.084,
    0.116,
    0.1284,
    0.1308,
    0.114,
    0.1244,
    0.1028,
    0.1216,
    0.1228,
    0.0912,
    0.1012,
    0.1184,
    0.116,
    0.0832,
    0.0812,
    0.1036,
    0.0972,
    0.0796,
    0.1176,
    0.1108,
    0.1184,
    0.1004,
    0.074,
    0.0568,
    0.0476,
    0.0328,
    0.0264,
    0.0228,
    -0.0052,
    0.0028,
    -0.0308,
    -0.048,
    -0.0276,
    0.0076,
    0.0392,
    0.0256,
    0.0356,
    0.0424,
    0.0148,
    -0.008,
    0.0024,
    -0.0052,
    0.018,
    0.0196,
    0.0188,
    0.0348,
    0.0252,
    0.0232,
    0.0188,
    0.0536,
    0.0808,
    0.0716,
    0.0652,
    0.0788,
    0.074,
    0.0356,
    0.0144,
    0.0316,
    0.0188,
    0.0188,
    0.0328,
    0.036,
    0.0064,
    0.0,
    -0.046,
    -0.0368,
    -0.0544,
    -0.0356,
    -0.014,
    0.0044,
    0.0104,
    0.0012,
    -0.0316,
    -0.008,
    -0.006,
    -0.0168,
    -0.012,
    -0.0044,
    -0.0168,
    -0.0348,
    -0.04,
    -0.0328,
    -0.03,
    -0.0188,
    -0.0388,
    -0.0228,
    -0.0504,
    -0.022,
    -0.0296
  ],
  "smoothed": [
    0.06876617843889976,
    0.10524040186255944,
    0.13006664432558412,
    0.1397857209691032,
    0.13526828836364288,
    0.12109274613871428,
    0.1037601991860028,
    0.08946727394977508,
    0.08225701567355381,
    0.0831480779793584,
    0.0904148436711011,
    0.1007427853798003,
    0.11069394509658344,
    0.11788574621746677,
    0.1214960044446235,
    0.12204305905382107,
    0.12069653764712909,
    0.11852508650576776,
    0.11603755377793412,
    0.11317193891779677,
    0.10964297012034219,
    0.10539216156125214,
    0.10086361863683867,
    0.096948870453606,
    0.09463227045927497,
    0.09452597089693932,
    0.0965340328745448,
    0.09981105112384579,
    0.10302717973743437,
    0.1048011421557359,
    0.10409213067434218,
    0.10038257978387365,
    0.09360980768177139,
    0.08394517639984019,
    0.0715981914204956,
    0.0567969671001042,
    0.03997896546921198,
    0.022079961698721215,
    0.004715751464692148,
    -0.009932825033689436,
    -0.01959315276626208,
    -0.022610862146656672,
    -0.01862608807491824,
    -0.008910033879841683,
    0.003836913475373813,
    0.016212916156860747,
    0.025131070163703206,
    0.02875187154102859,
    0.026978939433842112,
    0.021336986942364078,
    0.01430212989422097,
    0.008374515737891141,
    0.005274228991283998,
    0.005564047387093574,
    0.008794650016676276,
    0.014027243003431878,
    0.02042778382623748,
    0.027620147980343214,
    0.03563294993017568,
    0.04450203468411706,
    0.053784096504359856,
    0.062297794266608426,
    0.06830216465569754,
    0.07009582244042549,
    0.0667842249289779,
    0.05883660770084614,
    0.04811139049603797,
    0.03725512668809687,
    0.028677398864956807,
    0.023532696661338254,
    0.02118355598572278,
    0.019440751027221984,
    0.015542484456825241,
    0.007489580834543191,
    -0.00484288454503206,
    -0.019343834959630653,
    -0.03228437358965896,
    -0.03972486073441847,
    -0.03915572673637848,
    -0.03067609183610591,
    -0.017172070016374996,
    -0.0033589789644550283,
    0.005966467007559331,
    0.007764001932446165,
    0.0019116014646235202,
    -0.008813174475120391,
    -0.019948792458174644,
    -0.0272681188382978,
    -0.028591533476214695,
    -0.024710733344954123,
    -0.019000094169253048,
    -0.01584466386794654,
    -0.018526402530630127,
    -0.02746422951929052,
    -0.03958553073680437,
    -0.04915908895306844,
    -0.049823298255183265,
    -0.03704441016145631,
    -0.010044231905387337,
    0.027573043582186568
  ],
  "shape_matches": [
    {
      "shape": "Tragedy",
      "correlation": 0.8454
    },
    {
      "shape": "Oedipus",
      "correlation": 0.6359
    },
    {
      "shape": "Icarus",
      "correlation": -0.0969
    },
    {
      "shape": "Cinderella",
      "correlation": -0.6599
    },
    {
      "shape": "Man in a Hole",
      "correlation": -0.8088
    },
    {
      "shape": "Rags to Riches",
      "correlation": -0.8454
    }
  ],
  "best_shape": "Tragedy",
  "best_shape_correlation": 0.8454,
  "peaks": [
    {
      "sample": 3,
      "position": 0.030303030303030304,
      "smoothed": 0.1397857209691032,
      "word_offset": 10445,
      "read_time_min": 41.8,
      "driving_words": [
        {
          "word": "terrific",
          "score": 4.0
        },
        {
          "word": "brilliant",
          "score": 4.0
        },
        {
          "word": "wonderfully",
          "score": 4.0
        },
        {
          "word": "wonderful",
          "score": 4.0
        },
        {
          "word": "successfully",
          "score": 3.0
        },
        {
          "word": "good",
          "score": 3.0
        }
      ]
    },
    {
      "sample": 15,
      "position": 0.15151515151515152,
      "smoothed": 0.12204305905382107,
      "word_offset": 32225,
      "read_time_min": 128.9,
      "driving_words": [
        {
          "word": "superb",
          "score": 5.0
        },
        {
          "word": "wonderful",
          "score": 4.0
        },
        {
          "word": "triumph",
          "score": 4.0
        },
        {
          "word": "brilliant",
          "score": 4.0
        },
        {
          "word": "wonderfully",
          "score": 4.0
        },
        {
          "word": "winning",
          "score": 4.0
        }
      ]
    },
    {
      "sample": 29,
      "position": 0.29292929292929293,
      "smoothed": 0.1048011421557359,
      "word_offset": 57634,
      "read_time_min": 230.5,
      "driving_words": [
        {
          "word": "superb",
          "score": 5.0
        },
        {
          "word": "wonderful",
          "score": 4.0
        },
        {
          "word": "funny",
          "score": 4.0
        },
        {
          "word": "handsome",
          "score": 3.0
        },
        {
          "word": "pleasant",
          "score": 3.0
        },
        {
          "word": "pleasure",
          "score": 3.0
        }
      ]
    }
  ],
  "valleys": [
    {
      "sample": 77,
      "position": 0.7777777777777778,
      "smoothed": -0.03972486073441847,
      "word_offset": 144753,
      "read_time_min": 579.0,
      "driving_words": [
        {
          "word": "damned",
          "score": -4.0
        },
        {
          "word": "torture",
          "score": -4.0
        },
        {
          "word": "hell",
          "score": -4.0
        },
        {
          "word": "tortured",
          "score": -4.0
        },
        {
          "word": "dreadful",
          "score": -3.0
        },
        {
          "word": "violence",
          "score": -3.0
        }
      ]
    },
    {
      "sample": 88,
      "position": 0.8888888888888888,
      "smoothed": -0.028591533476214695,
      "word_offset": 164718,
      "read_time_min": 658.9,
      "driving_words": [
        {
          "word": "prick",
          "score": -5.0
        },
        {
          "word": "tortured",
          "score": -4.0
        },
        {
          "word": "loose",
          "score": -3.0
        },
        {
          "word": "whitewash",
          "score": -3.0
        },
        {
          "word": "jerk",
          "score": -3.0
        },
        {
          "word": "terror",
          "score": -3.0
        }
      ]
    },
    {
      "sample": 96,
      "position": 0.9696969696969697,
      "smoothed": -0.049823298255183265,
      "word_offset": 179238,
      "read_time_min": 717.0,
      "driving_words": [
        {
          "word": "tortured",
          "score": -4.0
        },
        {
          "word": "torture",