{
  "status": "ok",
  "n_words": 66249,
  "window_size": 10000,
  "reliability": "high",
  "raw": [
    -0.0276,
    -0.0344,
    -0.0476,
    -0.0508,
    -0.0664,
    -0.0652,
    -0.0648,
    -0.05,
    -0.0612,
    -0.0656,
    -0.0708,
    -0.0832,
    -0.0916,
    -0.094,
    -0.088,
    -0.0848,
    -0.0912,
    -0.0892,
    -0.0916,
    -0.074,
    -0.0708,
    -0.0576,
    -0.0496,
    -0.0432,
    -0.04,
    -0.0408,
    -0.044,
    -0.0292,
    -0.0292,
    -0.022,
    -0.0244,
    -0.018,
    -0.0292,
    -0.0416,
    -0.042,
    -0.0424,
    -0.0476,
    -0.0704,
    -0.076,
    -0.078,
    -0.0988,
    -0.112,
    -0.1068,
    -0.0996,
    -0.0972,
    -0.0996,
    -0.112,
    -0.1244,
    -0.1208,
    -0.1236,
    -0.1104,
    -0.1028,
    -0.1028,
    -0.1184,
    -0.0964,
    -0.0848,
    -0.096,
    -0.0924,
    -0.09,
    -0.1036,
    -0.1092,
    -0.1068,
    -0.1096,
    -0.0976,
    -0.0748,
    -0.0832,
    -0.0832,
    -0.0772,
    -0.096,
    -0.0892,
    -0.1096,
    -0.0988,
    -0.0896,
    -0.0984,
    -0.086,
    -0.0792,
    -0.0704,
    -0.068,
    -0.0692,
    -0.0692,
    -0.0872,
    -0.094,
    -0.09,
    -0.0872,
    -0.0848,
    -0.0912,
    -0.0876,
    -0.0792,
    -0.0592,
    -0.0736,
    -0.072,
    -0.0628,
    -0.0516,
    -0.0372,
    -0.02,
    -0.01,
    -0.0084,
    -0.0004,
    0.0072,
    0.0228
  ],
  "smoothed": [
    -0.01575582204937958,
    -0.030948895070351742,
    -0.04501480641476153,
    -0.0555451998218653,
    -0.06146821276615784,
    -0.06322033743444536,
    -0.06243625697844385,
    -0.061289762204495286,
    -0.06172696618353077,
    -0.06485132212891609,
    -0.07064722905870145,
    -0.0780972013356316,
    -0.08560817577905364,
    -0.0915662913007129,
    -0.09481742675911636,
    -0.09492381834349331,
    -0.09214778872902347,
    -0.08721899404442464,
    -0.08101098996744074,
    -0.07426386079652222,
    -0.06744524397049684,
    -0.06076750448675466,
    -0.05430905057386633,
    -0.048152119304446454,
    -0.042459370565010195,
    -0.03745751776435693,
    -0.0333526805290043,
    -0.030240690941242487,
    -0.028077775985971325,
    -0.026742650689760616,
    -0.026167769025173444,
    -0.026472376295907835,
    -0.02801681011853027,
    -0.031325303180273094,
    -0.03688311525392785,
    -0.044877622432089766,
    -0.054992244098517155,
    -0.06635612992964562,
    -0.07769958542322995,
    -0.08768423725896764,
    -0.09530048996725608,
    -0.10018579670025783,
    -0.10273492520573305,
    -0.1039446040225285,
    -0.1050343498328703,
    -0.106974742335779,
    -0.11009784614395239,
    -0.1139424174344496,
    -0.11740445132148676,
    -0.11915060577071836,
    -0.11815015288154322,
    -0.11412954373718327,
    -0.10777367063413454,
    -0.10058432718080478,
    -0.09442910284999245,
    -0.09092875068237284,
    -0.09089568475899229,
    -0.09402597313401378,
    -0.09896397936596345,
    -0.10373090003194606,
    -0.10638041109557031,
    -0.1056616420213807,
    -0.10146158660457567,
    -0.09486982643738419,
    -0.08783473208714022,
    -0.08251938309984429,
    -0.08056980613262377,
    -0.08254171623703961,
    -0.08768247602809431,
    -0.09414823985123776,
    -0.09959091306753948,
    -0.10192435816596356,
    -0.10001667368499231,
    -0.09407719165019515,
    -0.08560670540983263,
    -0.07692453733254132,
    -0.07042782660997325,
    -0.06782875435042375,
    -0.06962303643880975,
    -0.07496443560425227,
    -0.08198137234422806,
    -0.08842023085536493,
    -0.09238817238992128,
    -0.09293570116721409,
    -0.09027820232848999,
    -0.08558630557298934,
    -0.0804314157816001,
    -0.07609911241510503,
    -0.07303309448724918,
    -0.07062639286626153,
    -0.06744965192206008,
    -0.06184330104995116,
    -0.05266055405472551,
    -0.0398834447322245,
    -0.02487015982161375,
    -0.010117929620139687,
    0.0014023994808776742,
    0.00712797615113703,
    0.00570636399942527,
    -0.0025559773272677056
  ],
  "shape_matches": [
    {
      "shape": "Oedipus",
      "correlation": 0.4323
    },
    {
      "shape": "Tragedy",
      "correlation": 0.0312
    },
    {
      "shape": "Rags to Riches",
      "correlation": -0.0312
    },
    {
      "shape": "Man in a Hole",
      "correlation": -0.3129
    },
    {
      "shape": "Cinderella",
      "correlation": -0.4184
    },
    {
      "shape": "Icarus",
      "correlation": -0.5732
    }
  ],
  "best_shape": "Oedipus",
  "best_shape_correlation": 0.4323,
  "peaks": [
    {
      "sample": 7,
      "position": 0.0707070707070707,
      "smoothed": -0.061289762204495286,
      "word_offset": 8977,
      "read_time_min": 35.9,
      "driving_words": [
        {
          "word": "wonderful",
          "score": 4.0
        },
        {
          "word": "funny",
          "score": 4.0
        },
        {
          "word": "beauty",
          "score": 3.0
        },
        {
          "word": "love",
          "score": 3.0
        },
        {
          "word": "joy",
          "score": 3.0
        },
        {
          "word": "beautiful",
          "score": 3.0
        }
      ]
    },
    {
      "sample": 30,
      "position": 0.30303030303030304,
      "smoothed": -0.026167769025173444,
      "word_offset": 22045,
      "read_time_min": 88.2,
      "driving_words": [
        {
          "word": "wonderful",
          "score": 4.0
        },
        {
          "word": "funny",
          "score": 4.0
        },
        {
          "word": "excitement",
          "score": 3.0
        },
        {
          "word": "great",
          "score": 3.0
        },
        {
          "word": "happy",
          "score": 3.0
        },
        {
          "word": "dazzling",
          "score": 3.0
        }
      ]
    },
    {
      "sample": 97,
      "position": 0.9797979797979798,
      "smoothed": 0.00712797615113703,
      "word_offset": 60113,
      "read_time_min": 240.5,
      "driving_words": [
        {
          "word": "terrific",
          "score": 4.0
        },
        {
          "word": "miracle",
          "score": 4.0
        },
        {
          "word": "great",
          "score": 3.0
        },
        {
          "word": "beautiful",
          "score": 3.0
        },
        {
          "word": "charm",
          "score": 3.0
        },
        {
          "word": "excited",
          "score": 3.0
        }
      ]
    }
  ],
  "valleys": [
    {
      "sample": 49,
      "position": 0.494949494949495,
      "smoothed": -0.11915060577071836,
      "word_offset": 32840,
      "read_time_min": 131.4,
      "driving_words": [
        {
          "word": "dick",
          "score": -4.0
        },
        {
          "word": "torture",
          "score": -4.0
        },
        {
          "word": "nuts",
          "score": -3.0
        },
        {
          "word": "bad",
          "score": -3.0
        },
        {
          "word": "betrayed",
          "score": -3.0
        },
        {
          "word": "kill",
          "score": -3.0
        }
      ]
    },
    {
      "sample": 60,
      "position": 0.6060606060606061,
      "smoothed": -0.10638041109557031,
      "word_offset": 39090,
      "read_time_min": 156.4,
      "driving_words": [
        {
          "word": "dick",
          "score": -4.0
        },
        {
          "word": "hell",
          "score": -4.0
        },
        {
          "word": "dead",
          "score": -3.0
        },
        {
          "word": "rotten",
          "score": -3.0
        },
        {
          "word": "lost",
          "score": -3.0
        },
        {
          "word": "terror",
          "score": -3.0
        }
      ]
    },
    {
      "sample": 71,
      "position": 0.7171717171717171,
      "smoothed": -0.10192435816596356,
      "word_offset": 45340,
      "read_time_min": 181.4,
      "driving_words": [
        {
          "word": "dick",
          "score": -4.0
        },
        {
          "word": "hell",