{
  "status": "ok",
  "n_words": 47576,
  "window_size": 10000,
  "reliability": "high",
  "raw": [
    0.0108,
    0.0084,
    0.02,
    0.0208,
    0.0304,
    0.0312,
    0.0384,
    0.0252,
    0.0288,
    0.026,
    0.032,
    0.0304,
    0.038,
    0.034,
    0.0384,
    0.0276,
    0.0216,
    0.0248,
    0.0376,
    0.046,
    0.0648,
    0.0656,
    0.0748,
    0.0876,
    0.1088,
    0.1056,
    0.1084,
    0.0964,
    0.0852,
    0.0848,
    0.0844,
    0.0836,
    0.0732,
    0.0856,
    0.0928,
    0.092,
    0.0828,
    0.0832,
    0.0908,
    0.084,
    0.0696,
    0.076,
    0.0832,
    0.08,
    0.0848,
    0.0768,
    0.0864,
    0.0848,
    0.0856,
    0.0808,
    0.0744,
    0.0736,
    0.0796,
    0.0828,
    0.0912,
    0.0836,
    0.096,
    0.0852,
    0.0792,
    0.0748,
    0.074,
    0.064,
    0.0588,
    0.0648,
    0.0688,
    0.0644,
    0.0824,
    0.0864,
    0.078,
    0.0732,
    0.0696,
    0.0704,
    0.0564,
    0.056,
    0.0724,
    0.0704,
    0.0584,
    0.0556,
    0.0388,
    0.036,
    0.03,
    0.0272,
    0.028,
    0.046,
    0.064,
    0.0656,
    0.0736,
    0.072,
    0.068,
    0.0716,
    0.0768,
    0.0708,
    0.0732,
    0.0568,
    0.0616,
    0.0628,
    0.072,
    0.0672,
    0.068,
    0.0648
  ],
  "smoothed": [
    0.031820041759954225,
    0.023754553347376604,
    0.01989348898417621,
    0.02005930157241181,
    0.02296500297602835,
    0.026835291937069725,
    0.030115479651213157,
    0.031975354389327845,
    0.03243066347548303,
    0.03208631539367548,
    0.031670411843001,
    0.03160599295109054,
    0.031828665360070466,
    0.03192629821133956,
    0.03151514252077077,
    0.030649418930389524,
    0.03004093111960765,
    0.030949555493254115,
    0.034755867960227775,
    0.04237645590439259,
    0.05376470345873419,
    0.06771887113988484,
    0.08210355327241312,
    0.09442847334038187,
    0.10258698746054687,
    0.10549263363735378,
    0.1033895650118766,
    0.09773424194547943,
    0.09070140223918724,
    0.08449646549611124,
    0.08071251734793197,
    0.07993745751011705,
    0.08171500562992573,
    0.08483525357520709,
    0.08782453261494612,
    0.08945491640998428,
    0.08911022737070534,
    0.0869127309587511,
    0.08360244238724587,
    0.08023738051728273,
    0.07782657322255097,
    0.07701180572549689,
    0.07788601055890344,
    0.07998982726889495,
    0.08247751100411549,
    0.08439975669503039,
    0.08502099871155691,
    0.08407712758744214,
    0.08189018510409607,
    0.07929114313775382,
    0.07735661053451677,
    0.0770282351473445,
    0.07873492591976372,
    0.08215588512126075,
    0.08623205267764314,
    0.08945645392968495,
    0.09037178882650633,
    0.08811336341112641,
    0.08279613202341121,
    0.07558027668441533,
    0.0683563748629542,
    0.06313404001534119,
    0.06134228566248278,
    0.06330236488058935,
    0.0680856276606727,
    0.07383083677801618,
    0.07841715628366416,
    0.08024157746305573,
    0.07879628970165158,
    0.07481062229147833,
    0.06989202207942044,
    0.065805495115382,
    0.0636867533485924,
    0.06352290199931565,
    0.06413396648856837,
    0.06368488961197033,
    0.060532262784457204,
    0.05405731605531274,
    0.045124274677816704,
    0.035942319181788376,
    0.029347842142017626,
    0.02776554936269229,
    0.032251509694397974,
    0.042005233261538384,
    0.054562976638176705,
    0.06661839735370097,
    0.07516626779820777,
    0.07853258336668835,
    0.07689543482172248,
    0.07210037643917763,
    0.06685182097401965,
    0.06360615962952601,
    0.0636046606145267,
    0.06642074613996286,
    0.07018486800333114,
    0.07237848649169888,
    0.0708671624979516,
    0.06475929028430928,
    0.05476102223825523,
    0.04290997690912479
  ],
  "shape_matches": [
    {
      "shape": "Cinderella",
      "correlation": 0.667
    },
    {
      "shape": "Icarus",
      "correlation": 0.6658
    },
    {
      "shape": "Man in a Hole",
      "correlation": 0.4575
    },
    {
      "shape": "Rags to Riches",
      "correlation": 0.2445
    },
    {
      "shape": "Tragedy",
      "correlation": -0.2445
    },
    {
      "shape": "Oedipus",
      "correlation": -0.6779
    }
  ],
  "best_shape": "Cinderella",
  "best_shape_correlation": 0.667,
  "peaks": [
    {
      "sample": 25,
      "position": 0.25252525252525254,
      "smoothed": 0.10549263363735378,
      "word_offset": 14489,
      "read_time_min": 58.0,
      "driving_words": [
        {
          "word": "rejoice",
          "score": 4.0
        },
        {
          "word": "exuberant",
          "score": 4.0
        },
        {
          "word": "masterpiece",
          "score": 4.0
        },
        {
          "word": "amazing",
          "score": 4.0
        },
        {
          "word": "triumph",
          "score": 4.0
        },
        {
          "word": "supreme",
          "score": 4.0
        }
      ]
    },
    {
      "sample": 35,
      "position": 0.35353535353535354,
      "smoothed": 0.08945491640998428,
      "word_offset": 18284,
      "read_time_min": 73.1,
      "driving_words": [
        {
          "word": "exuberant",
          "score": 4.0
        },
        {
          "word": "masterpiece",
          "score": 4.0
        },
        {
          "word": "amazing",
          "score": 4.0
        },
        {
          "word": "triumph",
          "score": 4.0
        },
        {
          "word": "rejoice",
          "score": 4.0
        },
        {
          "word": "supreme",
          "score": 4.0
        }
      ]
    },
    {
      "sample": 56,
      "position": 0.5656565656565656,
      "smoothed": 0.09037178882650633,
      "word_offset": 26255,
      "read_time_min": 105.0,
      "driving_words": [
        {
          "word": "brilliant",
          "score": 4.0
        },
        {
          "word": "triumph",
          "score": 4.0
        },
        {
          "word": "triumphant",
          "score": 4.0
        },
        {
          "word": "rejoiced",
          "score": 4.0
        },
        {
          "word": "supreme",
          "score": 4.0
        },
        {
          "word": "wonderful",
          "score": 4.0
        }
      ]
    }
  ],
  "valleys": [
    {
      "sample": 2,
      "position": 0.020202020202020204,
      "smoothed": 0.01989348898417621,
      "word_offset": 5759,
      "read_time_min": 23.0,
      "driving_words": [
        {
          "word": "prick",
          "score": -5.0
        },
        {
          "word": "die",
          "score": -3.0
        },
        {
          "word": "catastrophe",
          "score": -3.0
        },
        {
          "word": "evil",
          "score": -3.0
        },
        {
          "word": "lost",
          "score": -3.0
        },
        {
          "word": "losing",
          "score": -3.0
        }
      ]
    },
    {
      "sample": 16,
      "position": 0.16161616161616163,
      "smoothed": 0.03004093111960765,
      "word_offset": 11073,
      "read_time_min": 44.3,
      "driving_words": [
        {
          "word": "prick",
          "score": -5.0
        },
        {
          "word": "hell",
          "score": -4.0
        },
        {
          "word": "victim",
          "score": -3.0
        },
        {
          "word": "bad",
          "score": -3.0
        },
        {
          "word": "destructive",
          "score": -3.0
        },
        {
          "word": "guilt",
          "score": -3.0
        }
      ]
    },
    {
      "sample": 81,
      "position": 0.8181818181818182,
      "smoothed": 0.02776554936269229,
      "word_offset": 35744,
      "read_time_min": 143.0,
      "driving_words": [
        {
          "word": "fraud",
          "score": -4.0
        },
        {
          "word": "torture",
          "score": -4.0
        },
        {
          "word": "fatality",
          "score": -3.0
        },
        {
          "word": "terrible",