{
  "status": "ok",
  "n_words": 36944,
  "window_size": 10000,
  "reliability": "high",
  "raw": [
    -0.0328,
    -0.0316,
    -0.0272,
    -0.032,
    -0.0288,
    -0.028,
    -0.0312,
    -0.036,
    -0.0348,
    -0.0352,
    -0.0364,
    -0.0348,
    -0.0348,
    -0.0384,
    -0.0388,
    -0.0384,
    -0.04,
    -0.0384,
    -0.0404,
    -0.0408,
    -0.0364,
    -0.0364,
    -0.0376,
    -0.0368,
    -0.0352,
    -0.0316,
    -0.0272,
    -0.0312,
    -0.0268,
    -0.0256,
    -0.0228,
    -0.0236,
    -0.0208,
    -0.0188,
    -0.0228,
    -0.022,
    -0.024,
    -0.0228,
    -0.024,
    -0.0288,
    -0.0232,
    -0.0236,
    -0.0228,
    -0.0184,
    -0.0156,
    -0.0192,
    -0.0188,
    -0.0276,
    -0.032,
    -0.0344,
    -0.0332,
    -0.032,
    -0.0312,
    -0.0292,
    -0.0268,
    -0.0256,
    -0.0268,
    -0.0276,
    -0.0248,
    -0.0232,
    -0.0244,
    -0.0212,
    -0.0256,
    -0.0308,
    -0.028,
    -0.0292,
    -0.0316,
    -0.0284,
    -0.0284,
    -0.0284,
    -0.028,
    -0.024,
    -0.0228,
    -0.0196,
    -0.0232,
    -0.026,
    -0.0292,
    -0.0292,
    -0.0296,
    -0.0328,
    -0.0336,
    -0.0348,
    -0.0336,
    -0.032,
    -0.0248,
    -0.0236,
    -0.0244,
    -0.0264,
    -0.0256,
    -0.0264,
    -0.0256,
    -0.0264,
    -0.0292,
    -0.0324,
    -0.0332,
    -0.0328,
    -0.0356,
    -0.0396,
    -0.0404,
    -0.0412
  ],
  "smoothed": [
    -0.03497939765317463,
    -0.03256004815943652,
    -0.030465041479183656,
    -0.029180453743904634,
    -0.028950331022587716,
    -0.02972605055041723,
    -0.0312081615927061,
    -0.03296184972244575,
    -0.03456353995326661,
    -0.035728394868182856,
    -0.03637833892384701,
    -0.0366332286951341,
    -0.0367351152829945,
    -0.036937545221192435,
    -0.03740136752535225,
    -0.038133170015958326,
    -0.038985083123428146,
    -0.039711965694792684,
    -0.040061995021763115,
    -0.03986610330707849,
    -0.03909371642204393,
    -0.037855679947718074,
    -0.03635512675308236,
    -0.03480630800058636,
    -0.03335330157468674,
    -0.03202075236902488,
    -0.03071706748165491,
    -0.029290647230192972,
    -0.02761868783409484,
    -0.02569357572344097,
    -0.023669792627783428,
    -0.021846347909465026,
    -0.020582719568565368,
    -0.020172415133683702,
    -0.020717915006944226,
    -0.022055773044705695,
    -0.02376758496053121,
    -0.025284478177781643,
    -0.02605882256069166,
    -0.025749237889543038,
    -0.024354657816079785,
    -0.022245602613504768,
    -0.020073181389398884,
    -0.01857820134417975,
    -0.01835929107966877,
    -0.019676368665703506,
    -0.022356697434306762,
    -0.025837333005898192,
    -0.02933135290149461,
    -0.032062522541987805,
    -0.033489725639320664,
    -0.033447339044928415,
    -0.03215902158972644,
    -0.030128349188885583,
    -0.027953007013776225,
    -0.026133604204936926,
    -0.024944840717854286,
    -0.02440787679941086,
    -0.02436049330448217,
    -0.024583229466246234,
    -0.024920481275685545,
    -0.025342754856378456,
    -0.02592610329922139,
    -0.02676407631584702,
    -0.027859276893014734,
    -0.02905211904725749,
    -0.030028932841568597,
    -0.03041654111646013,
    -0.029930658328930836,
    -0.02851803577107935,
    -0.026429404783818437,
    -0.024184070056158583,
    -0.022428480581637832,
    -0.021733721942452815,
    -0.022403292002018516,
    -0.024361709602869392,
    -0.027166287072164036,
    -0.03013957659723328,
    -0.032576011266331015,
    -0.033950141913668734,
    -0.034055450789065425,
    -0.033030794418909507,
    -0.031274516552097335,
    -0.029287067678736185,
    -0.027505878162835395,
    -0.02619319794391485,
    -0.025411184526526097,
    -0.025080459978322655,
    -0.025084588777865652,
    -0.02536694749101718,
    -0.025973956428680136,
    -0.027025480916316246,
    -0.028627442987293125,
    -0.03076870408233312,
    -0.033252857146166666,
    -0.03570233219571268,
    -0.03764281363131059,
    -0.03864252219426155,
    -0.03845700739927835,
    -0.03712529360070425
  ],
  "shape_matches": [
    {
      "shape": "Cinderella",
      "correlation": 0.5583
    },
    {
      "shape": "Icarus",
      "correlation": 0.5462
    },
    {
      "shape": "Man in a Hole",
      "correlation": 0.4312
    },
    {
      "shape": "Rags to Riches",
      "correlation": 0.2028
    },
    {
      "shape": "Tragedy",
      "correlation": -0.2028
    },
    {
      "shape": "Oedipus",
      "correlation": -0.5676
    }
  ],
  "best_shape": "Cinderella",
  "best_shape_correlation": 0.5583,
  "peaks": [
    {
      "sample": 33,
      "position": 0.3333333333333333,
      "smoothed": -0.020172415133683702,
      "word_offset": 13981,
      "read_time_min": 55.9,
      "driving_words": [
        {
          "word": "grand'mères",
          "score": 3.0
        },
        {
          "word": "grand",
          "score": 3.0
        },
        {
          "word": "good",
          "score": 3.0
        },
        {
          "word": "excellent",
          "score": 3.0
        },
        {
          "word": "affection",
          "score": 3.0
        },
        {
          "word": "great",
          "score": 3.0
        }
      ]
    },
    {
      "sample": 44,
      "position": 0.4444444444444444,
      "smoothed": -0.01835929107966877,
      "word_offset": 16975,
      "read_time_min": 67.9,
      "driving_words": [
        {
          "word": "grand",
          "score": 3.0
        },
        {
          "word": "excellent",
          "score": 3.0
        },
        {
          "word": "affection",
          "score": 3.0
        },
        {
          "word": "good",
          "score": 3.0
        },
        {
          "word": "great",
          "score": 3.0
        },
        {
          "word": "l'affection",
          "score": 3.0
        }
      ]
    },
    {
      "sample": 73,
      "position": 0.7373737373737373,
      "smoothed": -0.021733721942452815,
      "word_offset": 24868,
      "read_time_min": 99.5,
      "driving_words": [
        {
          "word": "affection",
          "score": 3.0
        },
        {
          "word": "l'affection",
          "score": 3.0
        },
        {
          "word": "grand",
          "score": 3.0
        },
        {
          "word": "love",
          "score": 3.0
        },
        {
          "word": "woo",
          "score": 3.0
        },
        {
          "word": "d'affection",
          "score": 3.0
        }
      ]
    }
  ],
  "valleys": [
    {
      "sample": 18,
      "position": 0.18181818181818182,
      "smoothed": -0.040061995021763115,
      "word_offset": 9899,
      "read_time_min": 39.6,
      "driving_words": [
        {
          "word": "cock",
          "score": -5.0
        },
        {
          "word": "torture",
          "score": -4.0
        },
        {
          "word": "dire",
          "score": -3.0
        },
        {
          "word": "terrible",
          "score": -3.0
        },
        {
          "word": "cruel",
          "score": -3.0
        },
        {
          "word": "foul",
          "score": -3.0
        }
      ]
    },
    {
      "sample": 80,
      "position": 0.8080808080808081,
      "smoothed": -0.034055450789065425,
      "word_offset": 26773,
      "read_time_min": 107.1,
      "driving_words": [
        {
          "word": "torture",
          "score": -4.0
        },
        {
          "word": "cruel",
          "score": -3.0
        },
        {
          "word": "l'horrible",
          "score": -3.0
        },
        {
          "word": "vile",
          "score": -3.0
        },
        {
          "word": "bankrupt",
          "score": -3.0
        },
        {
          "word": "terrible",
          "score": -3.0
        }
      ]
    },
    {
      "sample": 97,
      "position": 0.9797979797979798,
      "smoothed": -0.03864252219426155,
      "word_offset": 31400,
      "read_time_min": 125.6,