{
  "status": "ok",
  "n_words": 609946,
  "window_size": 10000,
  "reliability": "high",
  "raw": [
    -0.0032,
    -0.0048,
    -0.0112,
    -0.0108,
    -0.006,
    -0.0024,
    -0.0504,
    0.0064,
    0.004,
    -0.0212,
    0.002,
    -0.0036,
    -0.0188,
    0.0044,
    0.0432,
    0.0196,
    -0.0216,
    -0.034,
    -0.0444,
    -0.012,
    -0.0052,
    0.004,
    -0.0244,
    -0.0204,
    -0.0232,
    -0.0276,
    -0.0124,
    0.0216,
    0.02,
    0.0048,
    -0.0212,
    -0.0132,
    0.006,
    -0.0144,
    -0.0268,
    -0.028,
    -0.0144,
    -0.0308,
    -0.0296,
    -0.0052,
    0.0212,
    0.0152,
    0.0228,
    -0.0136,
    -0.0092,
    0.0068,
    0.0036,
    -0.0092,
    -0.0244,
    -0.0264,
    -0.0192,
    0.008,
    0.008,
    -0.0164,
    -0.0188,
    0.008,
    -0.0156,
    -0.0232,
    -0.034,
    -0.0124,
    -0.0048,
    -0.0108,
    -0.0308,
    -0.0172,
    -0.0208,
    0.0112,
    0.0172,
    -0.0076,
    -0.0436,
    -0.0088,
    0.024,
    -0.0056,
    -0.0324,
    -0.0276,
    -0.0268,
    0.016,
    0.0204,
    0.0152,
    0.0128,
    -0.008,
    -0.0016,
    0.0024,
    -0.0168,
    0.0,
    0.0176,
    -0.0072,
    -0.002,
    0.0052,
    -0.0116,
    -0.002,
    0.0216,
    -0.0132,
    -0.0352,
    -0.008,
    0.0068,
    -0.0044,
    -0.0236,
    -0.0136,
    -0.0212,
    -0.0112
  ],
  "smoothed": [
    -0.010960903428037391,
    -0.008981654195924624,
    -0.00750843560397902,
    -0.007370318762110176,
    -0.008887682695197758,
    -0.011600074292687635,
    -0.014334474632362771,
    -0.0156245309612,
    -0.014325499230230892,
    -0.010165084931913796,
    -0.003979080249743272,
    0.0024958337872670036,
    0.007212808264731854,
    0.00856132465826091,
    0.005967751353177382,
    0.00010391533020327249,
    -0.007379368175137139,
    -0.014477273084657715,
    -0.01954950064916773,
    -0.021835654631304643,
    -0.021569014686019346,
    -0.019673671893957835,
    -0.017215291081515413,
    -0.014879085617111185,
    -0.01272354512571874,
    -0.010317455016494462,
    -0.0071766185554494365,
    -0.0032648639259219253,
    0.0007164648102900343,
    0.0034338072562985268,
    0.0034191534898052596,
    -0.00023679291358963018,
    -0.007306574557794733,
    -0.016249833691692604,
    -0.02456962196873306,
    -0.029607575376171962,
    -0.029488895001614862,
    -0.02384769884237766,
    -0.014035969952303289,
    -0.002717355854693955,
    0.007011214048923564,
    0.01264224400955717,
    0.01304490073914844,
    0.008737230581509102,
    0.0015716805886323403,
    -0.006010725189589786,
    -0.011849169767225363,
    -0.014725639328700302,
    -0.014603653884973328,
    -0.012413593241665629,
    -0.00953558708870856,
    -0.007228913495227219,
    -0.006238885867524389,
    -0.006698401138305914,
    -0.008292660641385338,
    -0.010543496851206549,
    -0.013042535113883313,
    -0.015524120358216369,
    -0.01778002498616767,
    -0.019516779450460767,
    -0.02029058376515949,
    -0.019606893034853017,
    -0.01716801593548442,
    -0.0131485166530241,
    -0.008332647146307236,
    -0.003990438370334499,
    -0.0014853766959482429,
    -0.0017437865167618872,
    -0.004806661974091687,
    -0.009679246382843973,
    -0.01458568254052835,
    -0.01756757419675444,
    -0.017209488479909375,
    -0.013202963363888766,
    -0.006510446288834248,
    0.000954235390375513,
    0.007015403445895953,
    0.010027072851837307,
    0.009453820997178336,
    0.006014038026176614,
    0.0013389361841260315,
    -0.0027013955149093184,
    -0.004722462694086909,
    -0.0043082436685795205,
    -0.0020733989323516713,
    0.0006904680375811678,
    0.002606698059486242,
    0.002777828867915009,
    0.0010880721926011783,
    -0.0018584897954977326,
    -0.005098296683657134,
    -0.0077741699560570175,
    -0.009482565311937693,
    -0.010352926300158006,
    -0.010850295255481314,
    -0.011429008942676329,
    -0.012232676159311963,
    -0.013002978173565691,
    -0.013245313368034868,
    -0.012560774881895206
  ],
  "shape_matches": [
    {
      "shape": "Rags to Riches",
      "correlation": 0.1164
    },
    {
      "shape": "Man in a Hole",
      "correlation": 0.0853
    },
    {
      "shape": "Oedipus",
      "correlation": 0.0095
    },
    {
      "shape": "Cinderella",
      "correlation": -0.0027
    },
    {
      "shape": "Icarus",
      "correlation": -0.0589
    },
    {
      "shape": "Tragedy",
      "correlation": -0.1164
    }
  ],
  "best_shape": "Rags to Riches",
  "best_shape_correlation": 0.1164,
  "peaks": [
    {
      "sample": 13,
      "position": 0.13131313131313133,
      "smoothed": 0.00856132465826091,
      "word_offset": 83781,
      "read_time_min": 335.1,
      "driving_words": [
        {
          "word": "fun",
          "score": 4.0
        },
        {
          "word": "succeeded",
          "score": 3.0
        },
        {
          "word": "great",
          "score": 3.0
        },
        {
          "word": "successful",
          "score": 3.0
        },
        {
          "word": "perfect",
          "score": 3.0
        },
        {
          "word": "beauty",
          "score": 3.0
        }
      ]
    },
    {
      "sample": 42,
      "position": 0.42424242424242425,
      "smoothed": 0.01304490073914844,
      "word_offset": 259523,
      "read_time_min": 1038.1,
      "driving_words": [
        {
          "word": "winning",
          "score": 4.0
        },
        {
          "word": "brilliant",
          "score": 4.0
        },
        {
          "word": "supreme",
          "score": 4.0
        },
        {
          "word": "excellent",
          "score": 3.0
        },
        {
          "word": "succeeded",
          "score": 3.0
        },
        {
          "word": "grand",
          "score": 3.0
        }
      ]
    },
    {
      "sample": 77,
      "position": 0.7777777777777778,
      "smoothed": 0.010027072851837307,
      "word_offset": 471625,
      "read_time_min": 1886.5,
      "driving_words": [
        {
          "word": "winning",
          "score": 4.0
        },
        {
          "word": "good",
          "score": 3.0
        },
        {
          "word": "great",
          "score": 3.0
        },
        {
          "word": "best",
          "score": 3.0
        },
        {
          "word": "popular",
          "score": 3.0
        },
        {
          "word": "benevolent",
          "score": 3.0
        }
      ]
    }
  ],
  "valleys": [
    {
      "sample": 19,
      "position": 0.1919191919191919,
      "smoothed": -0.021835654631304643,
      "word_offset": 120141,
      "read_time_min": 480.6,
      "driving_words": [
        {
          "word": "dick",
          "score": -4.0
        },
        {
          "word": "criminals",
          "score": -3.0
        },
        {
          "word": "killed",
          "score": -3.0
        },
        {
          "word": "lost",
          "score": -3.0
        },
        {
          "word": "died",
          "score": -3.0
        },
        {
          "word": "bankrupt",
          "score": -3.0
        }
      ]
    },
    {
      "sample": 35,
      "position": 0.35353535353535354,
      "smoothed": -0.029607575376171962,
      "word_offset": 217102,
      "read_time_min": 868.4,
      "driving_words": [
        {
          "word": "dick",
          "score": -4.0
        },
        {
          "word": "fraudulent",
          "score": -4.0
        },
        {
          "word": "crisis",
          "score": -3.0
        },
        {
          "word": "angers",
          "score": -3.0
        },
        {
          "word": "lost",
          "score": -3.0
        },
        {
          "word": "destruction",
          "score": -3.0
        }
      ]
    },
    {
      "sample": 60,
      "position": 0.6060606060606061,
      "smoothed": -0.02029058376515949,
      "word_offset": 368604,
      "read_time_min": 1474.4,