{
  "status": "ok",
  "n_words": 219035,
  "window_size": 10000,
  "reliability": "high",
  "raw": [
    0.0216,
    0.022,
    0.0372,
    0.0392,
    0.0508,
    0.0484,
    0.036,
    0.0744,
    0.064,
    0.052,
    0.0812,
    0.0772,
    0.0388,
    0.0208,
    0.01,
    0.0108,
    0.0212,
    0.0772,
    0.1116,
    0.12,
    0.1128,
    0.0868,
    0.0664,
    0.0928,
    0.096,
    0.1048,
    0.0916,
    0.0572,
    0.0156,
    -0.0232,
    -0.0624,
    -0.0688,
    -0.0632,
    -0.0852,
    -0.0712,
    -0.0408,
    -0.0372,
    0.0104,
    0.0184,
    0.0532,
    0.0612,
    0.0596,
    0.0468,
    0.0224,
    -0.0076,
    0.0136,
    0.0264,
    0.0376,
    0.0656,
    0.0852,
    0.0352,
    0.0208,
    0.0188,
    0.026,
    0.01,
    -0.0044,
    -0.0244,
    -0.0224,
    -0.0144,
    0.0352,
    0.0572,
    0.0552,
    0.0372,
    0.0448,
    0.0516,
    0.078,
    0.0936,
    0.0812,
    0.0524,
    0.0224,
    0.008,
    0.0044,
    0.0156,
    0.03,
    0.0344,
    0.0408,
    0.0444,
    0.056,
    0.086,
    0.0928,
    0.082,
    0.0876,
    0.0408,
    -0.0128,
    -0.0456,
    -0.0272,
    -0.0448,
    -0.0492,
    -0.0312,
    -0.022,
    -0.0648,
    -0.0552,
    -0.0632,
    -0.048,
    -0.0296,
    -0.0296,
    -0.018,
    -0.0128,
    -0.016,
    -0.0376
  ],
  "smoothed": [
    0.012204857435076212,
    0.01871263461202554,
    0.02433089151239338,
    0.030761836259995557,
    0.039231269729681724,
    0.0497154798660543,
    0.06067759788394276,
    0.0694779810030393,
    0.07334466345035938,
    0.07054325140710732,
    0.06127573650060089,
    0.04791694937762099,
    0.03444166593167321,
    0.025211220547043958,
    0.02354931057343706,
    0.030634224020322075,
    0.045124435060852335,
    0.0636558725134512,
    0.08201167539834353,
    0.09650494791576984,
    0.10503890347572639,
    0.10744993293964634,
    0.10504155676579234,
    0.09955732989589673,
    0.09207733496181618,
    0.08235534505016741,
    0.06892468365210826,
    0.04996496282228243,
    0.024576966937250627,
    -0.006095938227059599,
    -0.038441623735349414,
    -0.06694032372528687,
    -0.08561880815337115,
    -0.08993183803030345,
    -0.07839836701274328,
    -0.053366050692485525,
    -0.02056691992096626,
    0.012445350303526212,
    0.03848022556945808,
    0.052789616657347604,
    0.05434493959696848,
    0.045896216785025964,
    0.03282378207312102,
    0.021207438710985273,
    0.01579103232334353,
    0.01852670166566209,
    0.028150130690702015,
    0.040860176100242875,
    0.051795380611879945,
    0.05675126005051029,
    0.053544847612479414,
    0.042604206758140334,
    0.02666294619851856,
    0.009754695291439179,
    -0.004082739264194331,
    -0.0119354005574951,
    -0.012632668872521196,
    -0.006739929568278624,
    0.003959151886189809,
    0.017214544170740115,
    0.030984667856617954,
    0.0438100515527801,
    0.05482299359541976,
    0.06349428355711874,
    0.06931939507912196,
    0.07165049415530042,
    0.06979308352978643,
    0.06334841808927959,
    0.05265350977793567,
    0.03910241161360621,
    0.02515340392607718,
    0.013930521382484977,
    0.008477628466593088,
    0.010864995214612864,
    0.021429922019807358,
    0.038421905335144946,
    0.05821731342349862,
    0.0760986094686461,
    0.08741177610220877,
    0.08878218095377133,
    0.07903047752737015,
    0.05950447706011636,
    0.033712227768025134,
    0.006355220948759306,
    -0.017949621353236758,
    -0.03586885990055934,
    -0.04610608524297561,
    -0.04948991660505188,
    -0.04839805666519711,
    -0.04574141021888325,
    -0.043876940881625866,
    -0.04383174145050418,
    -0.04509681738251414,
    -0.046031433248841375,
    -0.04468819870787652,
    -0.039713108256056485,
    -0.030954495496478933,
    -0.019539590902789287,
    -0.007399042215131364,
    0.0035497973279334807
  ],
  "shape_matches": [
    {
      "shape": "Tragedy",
      "correlation": 0.3669
    },
    {
      "shape": "Oedipus",
      "correlation": 0.1776
    },
    {
      "shape": "Icarus",
      "correlation": 0.1296
    },
    {
      "shape": "Cinderella",
      "correlation": -0.1916
    },
    {
      "shape": "Man in a Hole",
      "correlation": -0.2574
    },
    {
      "shape": "Rags to Riches",
      "correlation": -0.3669
    }
  ],
  "best_shape": "Tragedy",
  "best_shape_correlation": 0.3669,
  "peaks": [
    {
      "sample": 8,
      "position": 0.08080808080808081,
      "smoothed": 0.07334466345035938,
      "word_offset": 21892,
      "read_time_min": 87.6,
      "driving_words": [
        {
          "word": "brilliant",
          "score": 4.0
        },
        {
          "word": "heavenly",
          "score": 4.0
        },
        {
          "word": "funny",
          "score": 4.0
        },
        {
          "word": "beautiful",
          "score": 3.0
        },
        {
          "word": "beloved",
          "score": 3.0
        },
        {
          "word": "bliss",
          "score": 3.0
        }
      ]
    },
    {
      "sample": 21,
      "position": 0.21212121212121213,
      "smoothed": 0.10744993293964634,
      "word_offset": 49341,
      "read_time_min": 197.4,
      "driving_words": [
        {
          "word": "terrific",
          "score": 4.0
        },
        {
          "word": "fun",
          "score": 4.0
        },
        {
          "word": "supreme",
          "score": 4.0
        },
        {
          "word": "fabulous",
          "score": 4.0
        },
        {
          "word": "best",
          "score": 3.0
        },
        {
          "word": "delights",
          "score": 3.0
        }
      ]
    },
    {
      "sample": 79,
      "position": 0.797979797979798,
      "smoothed": 0.08878218095377133,
      "word_offset": 171806,
      "read_time_min": 687.2,
      "driving_words": [
        {
          "word": "wonderful",
          "score": 4.0
        },
        {
          "word": "funny",
          "score": 4.0
        },
        {
          "word": "amazing",
          "score": 4.0
        },
        {
          "word": "terrific",
          "score": 4.0
        },
        {
          "word": "grand",
          "score": 3.0
        },
        {
          "word": "great",
          "score": 3.0
        }
      ]
    }
  ],
  "valleys": [
    {
      "sample": 33,
      "position": 0.3333333333333333,
      "smoothed": -0.08993183803030345,
      "word_offset": 74678,
      "read_time_min": 298.7,
      "driving_words": [
        {
          "word": "dick",
          "score": -4.0
        },
        {
          "word": "damned",
          "score": -4.0
        },
        {
          "word": "hell",
          "score": -4.0
        },
        {
          "word": "mad",
          "score": -3.0
        },
        {
          "word": "worse",
          "score": -3.0
        },
        {
          "word": "murderous",
          "score": -3.0
        }
      ]
    },
    {
      "sample": 87,
      "position": 0.8787878787878788,
      "smoothed": -0.04948991660505188,
      "word_offset": 188697,
      "read_time_min": 754.8,
      "driving_words": [
        {
          "word": "cock",
          "score": -5.0
        },
        {
          "word": "damned",
          "score": -4.0
        },
        {
          "word": "dick",
          "score": -4.0
        },
        {
          "word": "dead",
          "score": -3.0
        },
        {
          "word": "terrible",
          "score": -3.0
        },
        {
          "word": "die",
          "score": -3.0
        }
      ]
    },
    {
      "sample": 93,
      "position": 0.9393939393939394,
      "smoothed": -0.046031433248841375,
      "word_offset": 201366,
      "read_time_min": 805.5,
      "driving_words": [
        {
          "word": "dick",
          "score": -4.0
        },
        {
          "word": "dumb",
          "score": -3.0
        },
        {
          "word": "violent",