{
  "status": "ok",
  "n_words": 31382,
  "window_size": 10000,
  "reliability": "high",
  "raw": [
    -0.468,
    -0.4684,
    -0.4644,
    -0.4668,
    -0.4596,
    -0.452,
    -0.4564,
    -0.454,
    -0.4504,
    -0.4468,
    -0.4468,
    -0.4476,
    -0.444,
    -0.4396,
    -0.4416,
    -0.438,
    -0.4408,
    -0.4428,
    -0.4452,
    -0.444,
    -0.4436,
    -0.442,
    -0.4348,
    -0.43,
    -0.4296,
    -0.4308,
    -0.424,
    -0.4244,
    -0.4208,
    -0.4152,
    -0.4188,
    -0.4184,
    -0.4188,
    -0.422,
    -0.4248,
    -0.4264,
    -0.432,
    -0.4248,
    -0.4276,
    -0.4288,
    -0.436,
    -0.436,
    -0.43,
    -0.4372,
    -0.4424,
    -0.4368,
    -0.4336,
    -0.4436,
    -0.4428,
    -0.438,
    -0.45,
    -0.4576,
    -0.4624,
    -0.452,
    -0.4568,
    -0.4544,
    -0.4544,
    -0.4484,
    -0.456,
    -0.458,
    -0.4572,
    -0.4556,
    -0.4544,
    -0.4548,
    -0.4556,
    -0.456,
    -0.4536,
    -0.4596,
    -0.4648,
    -0.4684,
    -0.4692,
    -0.4664,
    -0.4628,
    -0.4556,
    -0.4624,
    -0.4716,
    -0.4608,
    -0.4556,
    -0.4596,
    -0.4632,
    -0.4596,
    -0.4564,
    -0.4416,
    -0.4448,
    -0.4532,
    -0.4516,
    -0.45,
    -0.4468,
    -0.448,
    -0.4532,
    -0.4432,
    -0.4444,
    -0.4408,
    -0.434,
    -0.4324,
    -0.4344,
    -0.4304,
    -0.4196,
    -0.4092,
    -0.4144
  ],
  "smoothed": [
    -0.4465021033950395,
    -0.4556325925809194,
    -0.4622777787360194,
    -0.4654109340807018,
    -0.46495461926743625,
    -0.4616987690455116,
    -0.4569647840358666,
    -0.4521457963133761,
    -0.44828712662593084,
    -0.44584403941068135,
    -0.4446788472433228,
    -0.4442666789060234,
    -0.44400482774858235,
    -0.4434919343806869,
    -0.44266867726018105,
    -0.44177787739677543,
    -0.4411802039789037,
    -0.4411198494971156,
    -0.4415501441730496,
    -0.4420979505343187,
    -0.4421829101316928,
    -0.44124057654859966,
    -0.43895510576934177,
    -0.43540451676551334,
    -0.4310591448505215,
    -0.42663477747310774,
    -0.422860190181679,
    -0.4202506473969303,
    -0.41897250395969265,
    -0.41884368059525967,
    -0.41945855381052966,
    -0.4203774100415992,
    -0.4212993813976478,
    -0.4221508740234587,
    -0.42306158843532354,
    -0.42424925197889546,
    -0.42587136630115924,
    -0.4279128679530459,
    -0.43015965428415637,
    -0.4322688624355845,
    -0.4339048361045745,
    -0.43488237397355195,
    -0.43525668820940494,
    -0.43532221110830416,
    -0.4355195821819677,
    -0.4362861918478968,
    -0.4379063265716709,
    -0.44041505124471797,
    -0.44358765837100583,
    -0.44701378276980125,
    -0.4502253212627365,
    -0.45283108981283127,
    -0.4546134144168748,
    -0.45555986548683114,
    -0.455828797899829,
    -0.4556701501603,
    -0.4553352130688778,
    -0.45500779211519693,
    -0.4547766452696101,
    -0.4546512560915668,
    -0.4546068690750287,
    -0.45463563662935824,
    -0.454780913063311,
    -0.455140041840917,
    -0.45583385918235364,
    -0.456954051851829,
    -0.4585083565189924,
    -0.46038568656357337,
    -0.4623578758311693,
    -0.4641231710313315,
    -0.4653820922161277,
    -0.4659232980567803,
    -0.46569032796864485,
    -0.4648029598424098,
    -0.4635200344549345,
    -0.4621508328643199,
    -0.4609428916567761,
    -0.45998734506784816,
    -0.4591817592581816,
    -0.4582728237982444,
    -0.4569715176967498,
    -0.45510174168628115,
    -0.4527228570642647,
    -0.45016765820045956,
    -0.4479632439891256,
    -0.4466462745521224,
    -0.4465307099828661,
    -0.4475163224997197,
    -0.449025030280224,
    -0.4501152458718073,
    -0.4497618403674889,
    -0.44722264161789965,
    -0.44236757467065496,
    -0.43584383346162126,
    -0.428995561175037,
    -0.42353693152595034,
    -0.42106591784936453,
    -0.4225697723037282,
    -0.42808677275607593,
    -0.4366440787646977
  ],
  "shape_matches": [
    {
      "shape": "Tragedy",
      "correlation": 0.1598
    },
    {
      "shape": "Oedipus",
      "correlation": 0.0707
    },
    {
      "shape": "Icarus",
      "correlation": 0.0253
    },
    {
      "shape": "Cinderella",
      "correlation": -0.077
    },
    {
      "shape": "Rags to Riches",
      "correlation": -0.1598
    },
    {
      "shape": "Man in a Hole",
      "correlation": -0.2302
    }
  ],
  "best_shape": "Tragedy",
  "best_shape_correlation": 0.1598,
  "peaks": [
    {
      "sample": 17,
      "position": 0.1717171717171717,
      "smoothed": -0.4411198494971156,
      "word_offset": 8672,
      "read_time_min": 34.7,
      "driving_words": [
        {
          "word": "best",
          "score": 3.0
        },
        {
          "word": "gold",
          "score": 2.0
        },
        {
          "word": "kinder",
          "score": 2.0
        },
        {
          "word": "courage",
          "score": 2.0
        },
        {
          "word": "rose",
          "score": 1.0
        }
      ]
    },
    {
      "sample": 29,
      "position": 0.29292929292929293,
      "smoothed": -0.41884368059525967,
      "word_offset": 11263,
      "read_time_min": 45.1,
      "driving_words": [
        {
          "word": "best",
          "score": 3.0
        },
        {
          "word": "kinder",
          "score": 2.0
        },
        {
          "word": "courage",
          "score": 2.0
        },
        {
          "word": "rose",
          "score": 1.0
        },
        {
          "word": "warm",
          "score": 1.0
        }
      ]
    },
    {
      "sample": 96,
      "position": 0.9696969696969697,
      "smoothed": -0.42106591784936453,
      "word_offset": 25734,
      "read_time_min": 102.9,
      "driving_words": [
        {
          "word": "kinder",
          "score": 2.0
        },
        {
          "word": "courage",
          "score": 2.0
        },
        {
          "word": "devotion",
          "score": 2.0
        }
      ]
    }
  ],
  "valleys": [
    {
      "sample": 3,
      "position": 0.030303030303030304,
      "smoothed": -0.4654109340807018,
      "word_offset": 5648,
      "read_time_min": 22.6,
      "driving_words": [
        {
          "word": "dick",
          "score": -4.0
        },
        {
          "word": "hell",
          "score": -4.0
        },
        {
          "word": "die",
          "score": -3.0
        },
        {
          "word": "war",
          "score": -2.0
        },
        {
          "word": "lied",
          "score": -2.0
        },
        {
          "word": "rage",
          "score": -2.0
        }
      ]
    },
    {
      "sample": 54,
      "position": 0.5454545454545454,
      "smoothed": -0.455828797899829,
      "word_offset": 16663,
      "read_time_min": 66.7,
      "driving_words": [
        {
          "word": "hell",
          "score": -4.0
        },
        {
          "word": "die",
          "score": -3.0
        },
        {
          "word": "war",
          "score": -2.0
        },
        {
          "word": "lied",
          "score": -2.0
        },
        {
          "word": "fallen",
          "score": -2.0
        },
        {
          "word": "stab",
          "score": -2.0
        }
      ]
    },
    {
      "sample": 71,
      "position": 0.7171717171717171,
      "smoothed": -0.4659232980567803,
      "word_offset": 20335,
      "read_time_min": 81.3,
      "driving_words": [
        {
          "word": "hell",
          "score": -4.0
        },
        {
          "word": "die",
          "score": -3.0
        },
        {
          "word": "desperate",
          "score": -3.0
        },
        {
          "word": "war",
          "score": -2.0
        },
        {
          "word": "lied",
          "score": -2.0
        },
        {
          "word": "fallen",
          "score": -2.0
        }
      ]
    }
  ],
  "volatility": 0.0019,
  "slug": "Aus_dem_Leben_eines_Taugenichts_Novelle_Joseph_Eichendorff",
  "language": "de"
}