{
  "status": "ok",
  "n_words": 64288,
  "window_size": 10000,
  "reliability": "high",
  "raw": [
    0.0996,
    0.0832,
    0.0792,
    0.082,
    0.0864,
    0.092,
    0.09,
    0.0848,
    0.0776,
    0.0724,
    0.064,
    0.0552,
    0.0616,
    0.0652,
    0.06,
    0.0452,
    0.0504,
    0.04,
    0.0272,
    0.0196,
    0.02,
    0.0388,
    0.0316,
    0.0192,
    0.0072,
    -0.0096,
    -0.0208,
    -0.0072,
    -0.0056,
    -0.0092,
    -0.0068,
    0.002,
    -0.0028,
    -0.0068,
    -0.0088,
    0.0052,
    0.016,
    0.032,
    0.0304,
    0.0012,
    -0.006,
    -0.0024,
    0.0084,
    0.032,
    0.054,
    0.0536,
    0.0484,
    0.0488,
    0.0412,
    0.0324,
    0.0472,
    0.064,
    0.0704,
    0.0768,
    0.0736,
    0.0748,
    0.0824,
    0.0904,
    0.0928,
    0.0888,
    0.096,
    0.0916,
    0.0928,
    0.0924,
    0.1048,
    0.1064,
    0.11,
    0.1192,
    0.1092,
    0.0992,
    0.0916,
    0.072,
    0.0656,
    0.0704,
    0.0692,
    0.0644,
    0.0552,
    0.042,
    0.018,
    0.002,
    -0.012,
    -0.0124,
    -0.016,
    -0.0044,
    -0.004,
    -0.0108,
    -0.0216,
    -0.0104,
    -0.008,
    -0.0208,
    -0.014,
    -0.0316,
    -0.0456,
    -0.0432,
    -0.0524,
    -0.0452,
    -0.0316,
    -0.0276,
    -0.004,
    0.0084
  ],
  "smoothed": [
    0.05583912569062587,
    0.07637741514649894,
    0.08987118686343214,
    0.09567802094462831,
    0.09489913548457767,
    0.08986583183890304,
    0.08329059946166698,
    0.07739504043466554,
    0.07331906820622525,
    0.07099176942472969,
    0.06945732416690162,
    0.06747704877227559,
    0.06413947030873345,
    0.05923530635693698,
    0.053275195943180045,
    0.047187861070170076,
    0.04186532966271485,
    0.0377682302996067,
    0.03475554878644308,
    0.03218925363580286,
    0.029240581528988386,
    0.025246696304218413,
    0.019963779717667274,
    0.013628347429920673,
    0.006834901244682459,
    0.0003164630579951,
    -0.005260122948364061,
    -0.009405821082301036,
    -0.011817767266109454,
    -0.012336311337897641,
    -0.0109241669912469,
    -0.007711207197146266,
    -0.0030859955768173975,
    0.0022415677901156594,
    0.007295907927898564,
    0.011054714983619372,
    0.012790048456946708,
    0.012405152579565423,
    0.010603888240819011,
    0.008770522788143704,
    0.008548482093679297,
    0.011243598107734681,
    0.017277778632496625,
    0.02593025711193754,
    0.03550928343657363,
    0.04392838879889004,
    0.04948650098430862,
    0.051547356265982336,
    0.05083241354903534,
    0.0491837474324199,
    0.0488657770895612,
    0.05166993639530222,
    0.05818004770581163,
    0.06750365100810413,
    0.07759227546017702,
    0.08603420463775445,
    0.09100595045042681,
    0.09199743723268458,
    0.09001320416748905,
    0.08716367227952919,
    0.08580962061900857,
    0.08760585248558084,
    0.09283030213684766,
    0.100265992807166,
    0.10767552768103414,
    0.11266668077902324,
    0.11359327603275399,
    0.11013033746681408,
    0.10330543006658643,
    0.09499627685399759,
    0.08712120532750874,
    0.08086452835908517,
    0.07624949255152723,
    0.07221506455968839,
    0.0671400158937993,
    0.05957936584393276,
    0.04890614759934531,
    0.03560904270109165,
    0.021151174730026603,
    0.007475994704071552,
    -0.003624309924561162,
    -0.011033274441378667,
    -0.014555970784626778,
    -0.014847494958804039,
    -0.013113468472391752,
    -0.010739500165462728,
    -0.008991911119848997,
    -0.0088545892710013,
    -0.010974863410716606,
    -0.01563607930489371,
    -0.022684350431665643,
    -0.03140303871846973,
    -0.04041027789227709,
    -0.047701007218245293,
    -0.050930616385977186,
    -0.047943300013629835,
    -0.0374233737936547,
    -0.019452000289905527,
    0.004262197098752703,
    0.03062299531054752
  ],
  "shape_matches": [
    {
      "shape": "Tragedy",
      "correlation": 0.3247
    },
    {
      "shape": "Icarus",
      "correlation": 0.2508
    },
    {
      "shape": "Cinderella",
      "correlation": 0.0006
    },
    {
      "shape": "Oedipus",
      "correlation": -0.0194
    },
    {
      "shape": "Man in a Hole",
      "correlation": -0.1073
    },
    {
      "shape": "Rags to Riches",
      "correlation": -0.3247
    }
  ],
  "best_shape": "Tragedy",
  "best_shape_correlation": 0.3247,
  "peaks": [
    {
      "sample": 3,
      "position": 0.030303030303030304,
      "smoothed": 0.09567802094462831,
      "word_offset": 6645,
      "read_time_min": 26.6,
      "driving_words": [
        {
          "word": "win",
          "score": 4.0
        },
        {
          "word": "fantastic",
          "score": 4.0
        },
        {
          "word": "good",
          "score": 3.0
        },
        {
          "word": "handsome",
          "score": 3.0
        },
        {
          "word": "magnificent",
          "score": 3.0
        },
        {
          "word": "perfect",
          "score": 3.0
        }
      ]
    },
    {
      "sample": 57,
      "position": 0.5757575757575758,
      "smoothed": 0.09199743723268458,
      "word_offset": 36257,
      "read_time_min": 145.0,
      "driving_words": [
        {
          "word": "miracle",
          "score": 4.0
        },
        {
          "word": "terrific",
          "score": 4.0
        },
        {
          "word": "wonderful",
          "score": 4.0
        },
        {
          "word": "winning",
          "score": 4.0
        },
        {
          "word": "fantastic",
          "score": 4.0
        },
        {
          "word": "triumph",
          "score": 4.0
        }
      ]
    },
    {
      "sample": 66,
      "position": 0.6666666666666666,
      "smoothed": 0.11359327603275399,
      "word_offset": 41192,
      "read_time_min": 164.8,
      "driving_words": [
        {
          "word": "hurrah",
          "score": 5.0
        },
        {
          "word": "wonderful",
          "score": 4.0
        },
        {
          "word": "winning",
          "score": 4.0
        },
        {
          "word": "fantastic",
          "score": 4.0
        },
        {
          "word": "triumph",
          "score": 4.0
        },
        {
          "word": "terrific",
          "score": 4.0
        }
      ]
    }
  ],
  "valleys": [
    {
      "sample": 29,
      "position": 0.29292929292929293,
      "smoothed": -0.012336311337897641,
      "word_offset": 20903,
      "read_time_min": 83.6,
      "driving_words": [
        {
          "word": "tortures",
          "score": -4.0
        },
        {
          "word": "betrayed",
          "score": -3.0
        },
        {
          "word": "horrible",
          "score": -3.0
        },
        {
          "word": "angry",
          "score": -3.0
        },
        {
          "word": "worrying",
          "score": -3.0
        },
        {
          "word": "hideous",
          "score": -3.0
        }
      ]
    },
    {
      "sample": 83,
      "position": 0.8383838383838383,
      "smoothed": -0.014847494958804039,
      "word_offset": 50514,
      "read_time_min": 202.1,
      "driving_words": [
        {
          "word": "ass",
          "score": -4.0
        },
        {
          "word": "irritated",
          "score": -3.0
        },
        {
          "word": "anger",
          "score": -3.0
        },
        {
          "word": "bankruptcy",
          "score": -3.0
        },
        {
          "word": "outraged",
          "score": -3.0
        },
        {
          "word": "assassination",
          "score": -3.0
        }
      ]
    },
    {
      "sample": 94,
      "position": 0.9494949494949495,
      "smoothed": -0.050930616385977186,
      "word_offset": 56546,
      "read_time_min": 226.2,
      "driving_words": [
        {
          "word": "ass",
          "score": -4.0
        },
        {
          "word": "tortured",