{
  "status": "ok",
  "n_words": 86749,
  "window_size": 10000,
  "reliability": "high",
  "raw": [
    0.2072,
    0.2104,
    0.222,
    0.2324,
    0.2432,
    0.2628,
    0.2468,
    0.2524,
    0.2556,
    0.266,
    0.254,
    0.2416,
    0.2184,
    0.192,
    0.184,
    0.178,
    0.1868,
    0.1956,
    0.1856,
    0.2304,
    0.2364,
    0.2492,
    0.2552,
    0.2732,
    0.286,
    0.2812,
    0.3104,
    0.3056,
    0.294,
    0.2844,
    0.2932,
    0.2664,
    0.2576,
    0.2636,
    0.2636,
    0.254,
    0.2456,
    0.2236,
    0.2128,
    0.2084,
    0.2288,
    0.2424,
    0.2344,
    0.2384,
    0.2392,
    0.2388,
    0.2196,
    0.2272,
    0.2372,
    0.2364,
    0.2428,
    0.2528,
    0.23,
    0.1836,
    0.1924,
    0.1816,
    0.16,
    0.1584,
    0.1468,
    0.144,
    0.1356,
    0.1196,
    0.1088,
    0.122,
    0.1264,
    0.1496,
    0.1636,
    0.1564,
    0.1668,
    0.1436,
    0.1508,
    0.1428,
    0.1084,
    0.0876,
    0.086,
    0.0856,
    0.0672,
    0.0688,
    0.0704,
    0.0764,
    0.0892,
    0.0788,
    0.0988,
    0.0776,
    0.1084,
    0.1476,
    0.1892,
    0.1892,
    0.2052,
    0.2136,
    0.2244,
    0.2116,
    0.2132,
    0.1996,
    0.1912,
    0.1972,
    0.2316,
    0.246,
    0.2636,
    0.266
  ],
  "smoothed": [
    0.23734756499932338,
    0.228917995079012,
    0.2233612134840804,
    0.2239091037668484,
    0.2313069508605012,
    0.2435372869143979,
    0.2565988226336343,
    0.26598506501271535,
    0.2682627264189851,
    0.2621610839394384,
    0.24882512221421135,
    0.23123950156751566,
    0.21314246274252996,
    0.19789576661662062,
    0.1877171674398205,
    0.1834663032270822,
    0.18491544677126143,
    0.19125189334946227,
    0.20152032775316933,
    0.2148178041569961,
    0.2302312783961389,
    0.24666087805501646,
    0.26272566083085047,
    0.2768835108156485,
    0.2877562676369871,
    0.2945153793336758,
    0.29712717094354985,
    0.2963116218494425,
    0.2932070268844159,
    0.28888363173765363,
    0.2839333723232753,
    0.27833411882190057,
    0.2716559123555395,
    0.2635064392119931,
    0.25398794225146903,
    0.24392228575194602,
    0.2347066233929536,
    0.22784091104003473,
    0.2243345996826098,
    0.22427103847980648,
    0.2267461166851198,
    0.23022796462417502,
    0.23318573716468843,
    0.23470270354737657,
    0.23478810457259144,
    0.23423790048979937,
    0.23410563222863523,
    0.2350323709751406,
    0.2367589150852837,
    0.23806570641989255,
    0.23718955084897378,
    0.23254165826708245,
    0.22340480752326516,
    0.2102899497901213,
    0.19478612427967024,
    0.17897198069957918,
    0.16466208216364364,
    0.1528377204129816,
    0.14352070594453373,
    0.13612990053737814,
    0.13011744310545462,
    0.12553320961415396,
    0.12318918595789878,
    0.12428700351100845,
    0.12964651943666536,
    0.13890060689456968,
    0.15008612846213112,
    0.15991940398257773,
    0.16474832639316553,
    0.16185139447845828,
    0.1505557392805967,
    0.1326732226002558,
    0.11200974498949244,
    0.09308715768772885,
    0.0795646789653812,
    0.07300017660693454,
    0.07247288800506631,
    0.07523769481692817,
    0.07814161173332228,
    0.07919516961064657,
    0.07860677781836835,
    0.07880281081953605,
    0.08338626133072097,
    0.09545171000032968,
    0.11597299351914804,
    0.14297798474169437,
    0.1719147915329779,
    0.19712070284576427,
    0.21383588226231612,
    0.21995835643492181,
    0.21682319374392925,
    0.20867532792214988,
    0.2010334114864414,
    0.19859205964827817,
    0.20349478572362137,
    0.21465393592492604,
    0.22836372649534784,
    0.23992821784945126,
    0.24562447324624967,
    0.24420437951894702
  ],
  "shape_matches": [
    {
      "shape": "Tragedy",
      "correlation": 0.5509
    },
    {
      "shape": "Oedipus",
      "correlation": 0.3803
    },
    {
      "shape": "Icarus",
      "correlation": -0.1109
    },
    {
      "shape": "Cinderella",
      "correlation": -0.3971
    },
    {
      "shape": "Rags to Riches",
      "correlation": -0.5509
    },
    {
      "shape": "Man in a Hole",
      "correlation": -0.6025
    }
  ],
  "best_shape": "Tragedy",
  "best_shape_correlation": 0.5509,
  "peaks": [
    {
      "sample": 8,
      "position": 0.08080808080808081,
      "smoothed": 0.2682627264189851,
      "word_offset": 11202,
      "read_time_min": 44.8,
      "driving_words": [
        {
          "word": "triumph",
          "score": 4.0
        },
        {
          "word": "winning",
          "score": 4.0
        },
        {
          "word": "supreme",
          "score": 4.0
        },
        {
          "word": "win",
          "score": 4.0
        },
        {
          "word": "pleasant",
          "score": 3.0
        },
        {
          "word": "amused",
          "score": 3.0
        }
      ]
    },
    {
      "sample": 26,
      "position": 0.26262626262626265,
      "smoothed": 0.29712717094354985,
      "word_offset": 25156,
      "read_time_min": 100.6,
      "driving_words": [
        {
          "word": "rejoiced",
          "score": 4.0
        },
        {
          "word": "triumphant",
          "score": 4.0
        },
        {
          "word": "overjoyed",
          "score": 4.0
        },
        {
          "word": "fun",
          "score": 4.0
        },
        {
          "word": "winning",
          "score": 4.0
        },
        {
          "word": "brilliant",
          "score": 4.0
        }
      ]
    },
    {
      "sample": 98,
      "position": 0.98989898989899,
      "smoothed": 0.24562447324624967,
      "word_offset": 80974,
      "read_time_min": 323.9,
      "driving_words": [
        {
          "word": "thrilled",
          "score": 5.0
        },
        {
          "word": "wonderful",
          "score": 4.0
        },
        {
          "word": "rejoicing",
          "score": 4.0
        },
        {
          "word": "supreme",
          "score": 4.0
        },
        {
          "word": "winning",
          "score": 4.0
        },
        {
          "word": "best",
          "score": 3.0
        }
      ]
    }
  ],
  "valleys": [
    {
      "sample": 15,
      "position": 0.15151515151515152,
      "smoothed": 0.1834663032270822,
      "word_offset": 16629,
      "read_time_min": 66.5,
      "driving_words": [
        {
          "word": "betrayed",
          "score": -3.0
        },
        {
          "word": "violently",
          "score": -3.0
        },
        {
          "word": "hates",
          "score": -3.0
        },
        {
          "word": "terror",
          "score": -3.0
        },
        {
          "word": "idiot",
          "score": -3.0
        },
        {
          "word": "hysterical",
          "score": -3.0
        }
      ]
    },
    {
      "sample": 62,
      "position": 0.6262626262626263,
      "smoothed": 0.12318918595789878,
      "word_offset": 53065,
      "read_time_min": 212.3,
      "driving_words": [
        {
          "word": "hell",
          "score": -4.0
        },
        {
          "word": "selfish",
          "score": -3.0
        },
        {
          "word": "lost",
          "score": -3.0
        },
        {
          "word": "despair",
          "score": -3.0
        },
        {
          "word": "arrested",
          "score": -3.0
        },
        {
          "word": "tyrannical",
          "score": -3.0
        }
      ]
    },
    {
      "sample": 76,
      "position": 0.7676767676767676,
      "smoothed": 0.07247288800506631,
      "word_offset": 63918,
      "read_time_min": 255.7,
      "driving_words": [
        {
          "word": "torture",
          "score": -4.0
        },
        {
          "word": "terrible",
          "score": -3.0
        },
        {
          "word": "betrayal",
          "score": -3.0
        },
        {
          "word": "panic",