{
  "status": "ok",
  "n_words": 230301,
  "window_size": 10000,
  "reliability": "high",
  "raw": [
    0.0652,
    -0.0124,
    -0.1372,
    -0.188,
    -0.2132,
    -0.194,
    -0.2232,
    -0.1268,
    -0.0964,
    -0.022,
    0.0036,
    0.0176,
    0.0004,
    -0.0208,
    -0.052,
    -0.074,
    -0.066,
    -0.0904,
    -0.1364,
    -0.1096,
    -0.1656,
    -0.1876,
    -0.1636,
    -0.0996,
    -0.0512,
    0.0384,
    0.1456,
    0.1512,
    0.15,
    0.1732,
    0.1292,
    0.0872,
    0.088,
    0.0964,
    0.148,
    0.2772,
    0.2864,
    0.3648,
    0.3612,
    0.268,
    0.2212,
    0.15,
    0.1328,
    0.0976,
    0.1,
    0.1084,
    0.1204,
    0.1168,
    0.1312,
    0.1248,
    0.0972,
    0.0728,
    0.068,
    0.068,
    0.11,
    0.1812,
    0.1844,
    0.206,
    0.1676,
    0.1536,
    0.0992,
    0.0604,
    0.0388,
    0.0388,
    0.0288,
    0.0156,
    0.0572,
    0.1492,
    0.2236,
    0.2044,
    0.2204,
    0.218,
    0.1632,
    0.1696,
    0.2076,
    0.1472,
    0.1164,
    0.1236,
    0.1592,
    0.172,
    0.1732,
    0.1764,
    0.2132,
    0.226,
    0.264,
    0.248,
    0.1748,
    0.1496,
    0.0904,
    0.068,
    0.0336,
    0.0652,
    0.0392,
    -0.0244,
    -0.1784,
    -0.2252,
    -0.2292,
    -0.2112,
    -0.0944,
    0.0408
  ],
  "smoothed": [
    -0.0157044431191929,
    -0.030617603032452843,
    -0.07762471602790197,
    -0.13988506683447152,
    -0.19444555026840996,
    -0.2209987442258028,
    -0.2094771565866387,
    -0.16347994153792195,
    -0.09829712819275863,
    -0.0345525993753221,
    0.009743678280764254,
    0.02541370746593187,
    0.014188925083496376,
    -0.013850243860756999,
    -0.04592405702340503,
    -0.07247885960097179,
    -0.09063673147135771,
    -0.103742245233875,
    -0.11752665632359474,
    -0.13506231477732533,
    -0.15326297594891092,
    -0.16292435519660917,
    -0.1525470477276167,
    -0.11426235226473423,
    -0.04900421543557608,
    0.03177896238512035,
    0.10912265435351909,
    0.16337229088674593,
    0.18210741583871845,
    0.165732884519907,
    0.12811746029805104,
    0.09167958408631162,
    0.07869319437247559,
    0.1022792864625352,
    0.16080331325272146,
    0.2380712359222059,
    0.3093504686647406,
    0.35083424913543854,
    0.34874203309901314,
    0.304409396901354,
    0.23339525620602147,
    0.15910501763766507,
    0.10364817129018786,
    0.0796925309555917,
    0.08653531304395312,
    0.11175443552797834,
    0.13745157486682497,
    0.14825552730639444,
    0.13767405541104022,
    0.11025467377554085,
    0.07890548870236291,
    0.05878860852118999,
    0.06055096291566729,
    0.08576790723609225,
    0.12637016948410476,
    0.16804922034032965,
    0.19598847030551284,
    0.20043874139085213,
    0.1799356999483146,
    0.14113261373901645,
    0.09570918021409201,
    0.05594473463652997,
    0.030859670344139084,
    0.02428550196480096,
    0.03516808205529779,
    0.059386950827697335,
    0.09186092919018261,
    0.12788719392282388,
    0.16335119783532406,
    0.19422583456701872,
    0.21621178854642964,
    0.22522945764260918,
    0.21885191240863125,
    0.1980309923958145,
    0.16805075139049216,
    0.13781979528782246,
    0.11734874804995729,
    0.11420542243591797,
    0.1304103421520944,
    0.16124502832106133,
    0.19671970716309106,
    0.22527846830001885,
    0.23824633485175156,
    0.2330758366361459,
    0.2138933740167006,
    0.18902674639262385,
    0.1665977629087912,
    0.15023287311406608,
    0.13699325213688837,
    0.11867622859982646,
    0.08608327406038739,
    0.034385537287000806,
    -0.03295859365567812,
    -0.1038028200261543,
    -0.16101967876106302,
    -0.1890481572600814,
    -0.1806098776297334,
    -0.14063292527560875,
    -0.08544178456991094,
    -0.03720924802589421
  ],
  "shape_matches": [
    {
      "shape": "Cinderella",
      "correlation": 0.646
    },
    {
      "shape": "Icarus",
      "correlation": 0.6204
    },
    {
      "shape": "Man in a Hole",
      "correlation": 0.5622
    },
    {
      "shape": "Rags to Riches",
      "correlation": 0.3222
    },
    {
      "shape": "Tragedy",
      "correlation": -0.3222
    },
    {
      "shape": "Oedipus",
      "correlation": -0.6516
    }
  ],
  "best_shape": "Cinderella",
  "best_shape_correlation": 0.646,
  "peaks": [
    {
      "sample": 37,
      "position": 0.37373737373737376,
      "smoothed": 0.35083424913543854,
      "word_offset": 87335,
      "read_time_min": 349.3,
      "driving_words": [
        {
          "word": "supreme",
          "score": 4.0
        },
        {
          "word": "amazing",
          "score": 4.0
        },
        {
          "word": "wonderful",
          "score": 4.0
        },
        {
          "word": "win",
          "score": 4.0
        },
        {
          "word": "heavenly",
          "score": 4.0
        },
        {
          "word": "praises",
          "score": 3.0
        }
      ]
    },
    {
      "sample": 71,
      "position": 0.7171717171717171,
      "smoothed": 0.22522945764260918,
      "word_offset": 162994,
      "read_time_min": 652.0,
      "driving_words": [
        {
          "word": "heavenly",
          "score": 4.0
        },
        {
          "word": "supreme",
          "score": 4.0
        },
        {
          "word": "rejoice",
          "score": 4.0
        },
        {
          "word": "wonderful",
          "score": 4.0
        },
        {
          "word": "wonderfully",
          "score": 4.0
        },
        {
          "word": "miracle",
          "score": 4.0
        }
      ]
    },
    {
      "sample": 82,
      "position": 0.8282828282828283,
      "smoothed": 0.23824633485175156,
      "word_offset": 187472,
      "read_time_min": 749.9,
      "driving_words": [
        {
          "word": "rejoice",
          "score": 4.0
        },
        {
          "word": "heavenly",
          "score": 4.0
        },
        {
          "word": "brilliant",
          "score": 4.0
        },
        {
          "word": "rejoicing",
          "score": 4.0
        },
        {
          "word": "supreme",
          "score": 4.0
        },
        {
          "word": "joy",
          "score": 3.0
        }
      ]
    }
  ],
  "valleys": [
    {
      "sample": 5,
      "position": 0.050505050505050504,
      "smoothed": -0.2209987442258028,
      "word_offset": 16126,
      "read_time_min": 64.5,
      "driving_words": [
        {
          "word": "tortures",
          "score": -4.0
        },
        {
          "word": "tortured",
          "score": -4.0
        },
        {
          "word": "torture",
          "score": -4.0
        },
        {
          "word": "dead",
          "score": -3.0
        },
        {
          "word": "cruelty",
          "score": -3.0
        },
        {
          "word": "loss",
          "score": -3.0
        }
      ]
    },
    {
      "sample": 21,
      "position": 0.21212121212121213,
      "smoothed": -0.16292435519660917,
      "word_offset": 51731,
      "read_time_min": 206.9,
      "driving_words": [
        {
          "word": "hell",
          "score": -4.0
        },
        {
          "word": "rape",
          "score": -4.0
        },
        {
          "word": "torture",
          "score": -4.0
        },
        {
          "word": "destroyed",
          "score": -3.0
        },
        {
          "word": "crime",
          "score": -3.0
        },
        {
          "word": "deprivation",
          "score": -3.0
        }
      ]
    },
    {
      "sample": 95,
      "position": 0.9595959595959596,
      "smoothed": -0.1890481572600814,
      "word_offset": 216400,
      "read_time_min": 865.6,
      "driving_words": [
        {
          "word": "hell",
          "score": -4.0
        },
        {
          "word": "die",
          "score": -3.0
        },
        {
          "word": "destroyed",