{
  "status": "ok",
  "n_words": 172433,
  "window_size": 10000,
  "reliability": "high",
  "raw": [
    0.186,
    0.1812,
    0.1708,
    0.1856,
    0.1856,
    0.158,
    0.1052,
    0.0904,
    0.09,
    0.054,
    0.0352,
    0.0456,
    0.0352,
    0.0556,
    0.0396,
    0.0288,
    0.0788,
    0.0972,
    0.1416,
    0.1312,
    0.1612,
    0.2008,
    0.1612,
    0.1576,
    0.1296,
    0.11,
    0.0748,
    0.0388,
    0.04,
    0.06,
    0.07,
    0.1136,
    0.1228,
    0.1472,
    0.1544,
    0.1452,
    0.1552,
    0.1396,
    0.1356,
    0.1324,
    0.1052,
    0.0996,
    0.072,
    0.0448,
    0.032,
    0.028,
    0.03,
    0.0264,
    0.06,
    0.0824,
    0.1208,
    0.1188,
    0.1032,
    0.1188,
    0.1028,
    0.104,
    0.0564,
    0.0472,
    0.0804,
    0.0656,
    0.06,
    0.0556,
    0.0596,
    0.0816,
    0.0448,
    0.058,
    0.0636,
    0.0624,
    0.0808,
    0.0872,
    0.0992,
    0.1016,
    0.0948,
    0.1284,
    0.1356,
    0.1504,
    0.1728,
    0.1388,
    0.1248,
    0.1208,
    0.0772,
    0.0256,
    0.0072,
    0.0196,
    0.0188,
    -0.0092,
    0.0212,
    0.0376,
    0.0356,
    0.0372,
    0.0636,
    0.0948,
    0.1016,
    0.1236,
    0.1648,
    0.1796,
    0.1824,
    0.184,
    0.1732,
    0.1848
  ],
  "smoothed": [
    0.1815978349173968,
    0.1820744136441418,
    0.1821349278423044,
    0.17873305716842974,
    0.16899661870526725,
    0.15166925332730571,
    0.12789640076867706,
    0.10100031500757928,
    0.0753484400432598,
    0.054829896561241966,
    0.04162486026833508,
    0.03580110737989749,
    0.03587065723014371,
    0.03997590385577975,
    0.04706949657065452,
    0.057454689947807475,
    0.07236894013983385,
    0.09277985811056416,
    0.11799021801609476,
    0.14480806201110544,
    0.16783796022250216,
    0.18096412131647202,
    0.1795358379719268,
    0.1623856171948691,
    0.13279438987070535,
    0.09789352756680947,
    0.06661283278338315,
    0.04688657229735161,
    0.04315495861557857,
    0.05510023856071751,
    0.07806989955751352,
    0.10496764497838841,
    0.128819493129053,
    0.14498857336742105,
    0.15221120124471396,
    0.1521643204192034,
    0.1479112245015092,
    0.14203068486832585,
    0.13531984965952565,
    0.12664701613392373,
    0.11396708361292447,
    0.09595832668677184,
    0.07344371742118513,
    0.04985351133492214,
    0.030422458378946495,
    0.02039583274426266,
    0.022981876999648074,
    0.03792725933922562,
    0.061345781098788875,
    0.08690896301269835,
    0.10794016272853335,
    0.119587595745432,
    0.12023954208594152,
    0.11168265989944548,
    0.09803543847905351,
    0.08397863545830815,
    0.07304575083466684,
    0.06663975682690934,
    0.06407061515063114,
    0.06344256720536615,
    0.0628731055069226,
    0.06144332454144787,
    0.05947907667443295,
    0.058130156277506874,
    0.058564741813403765,
    0.061261021983273496,
    0.06578685140581934,
    0.07116847144018629,
    0.07661428057247034,
    0.08215254734485763,
    0.08877056793114228,
    0.09789653512286861,
    0.11042012730847114,
    0.1257255644015854,
    0.1412662923857134,
    0.15300270953831124,
    0.1566397462435966,
    0.14921521877317745,
    0.1303862161876671,
    0.10284400029898538,
    0.07163231206540262,
    0.042602184829798294,
    0.020604861896085784,
    0.008136382310252115,
    0.004949879823414926,
    0.00873116386327394,
    0.016477414275520817,
    0.025931597863138114,
    0.03643341190455034,
    0.04884321655363271,
    0.06463952581852066,
    0.08467722159727721,
    0.1082447751704024,
    0.13290649861648934,
    0.15523355363817656,
    0.1720955325222461,
    0.18190648620484776,
    0.18522724874359522,
    0.18441830432473505,
    0.18247942140742074
  ],
  "shape_matches": [
    {
      "shape": "Oedipus",
      "correlation": 0.2455
    },
    {
      "shape": "Tragedy",
      "correlation": 0.1226
    },
    {
      "shape": "Rags to Riches",
      "correlation": -0.1226
    },
    {
      "shape": "Man in a Hole",
      "correlation": -0.2385
    },
    {
      "shape": "Cinderella",
      "correlation": -0.2434
    },
    {
      "shape": "Icarus",
      "correlation": -0.2932
    }
  ],
  "best_shape": "Oedipus",
  "best_shape_correlation": 0.2455,
  "peaks": [
    {
      "sample": 2,
      "position": 0.020202020202020204,
      "smoothed": 0.1821349278423044,
      "word_offset": 8281,
      "read_time_min": 33.1,
      "driving_words": [
        {
          "word": "triumph",
          "score": 4.0
        },
        {
          "word": "win",
          "score": 4.0
        },
        {
          "word": "wonderful",
          "score": 4.0
        },
        {
          "word": "wins",
          "score": 4.0
        },
        {
          "word": "'good",
          "score": 3.0
        },
        {
          "word": "good",
          "score": 3.0
        }
      ]
    },
    {
      "sample": 21,
      "position": 0.21212121212121213,
      "smoothed": 0.18096412131647202,
      "word_offset": 39455,
      "read_time_min": 157.8,
      "driving_words": [
        {
          "word": "wins",
          "score": 4.0
        },
        {
          "word": "winning",
          "score": 4.0
        },
        {
          "word": "brilliant",
          "score": 4.0
        },
        {
          "word": "overjoyed",
          "score": 4.0
        },
        {
          "word": "amazing",
          "score": 4.0
        },
        {
          "word": "wonderful",
          "score": 4.0
        }
      ]
    },
    {
      "sample": 97,
      "position": 0.9797979797979798,
      "smoothed": 0.18522724874359522,
      "word_offset": 164152,
      "read_time_min": 656.6,
      "driving_words": [
        {
          "word": "brilliant",
          "score": 4.0
        },
        {
          "word": "win",
          "score": 4.0
        },
        {
          "word": "wins",
          "score": 4.0
        },
        {
          "word": "rejoicing",
          "score": 4.0
        },
        {
          "word": "fun",
          "score": 4.0
        },
        {
          "word": "heavenly",
          "score": 4.0
        }
      ]
    }
  ],
  "valleys": [
    {
      "sample": 11,
      "position": 0.1111111111111111,
      "smoothed": 0.03580110737989749,
      "word_offset": 23048,
      "read_time_min": 92.2,
      "driving_words": [
        {
          "word": "prick",
          "score": -5.0
        },
        {
          "word": "hell's",
          "score": -4.0
        },
        {
          "word": "hell",
          "score": -4.0
        },
        {
          "word": "ungrateful",
          "score": -3.0
        },
        {
          "word": "worse",
          "score": -3.0
        },
        {
          "word": "harassed",
          "score": -3.0
        }
      ]
    },
    {
      "sample": 45,
      "position": 0.45454545454545453,
      "smoothed": 0.02039583274426266,
      "word_offset": 78833,
      "read_time_min": 315.3,
      "driving_words": [
        {
          "word": "deception",
          "score": -3.0
        },
        {
          "word": "deceived",
          "score": -3.0
        },
        {
          "word": "cheat",
          "score": -3.0
        },
        {
          "word": "terrible",
          "score": -3.0
        },
        {
          "word": "'terrible",
          "score": -3.0
        },
        {
          "word": "destruction",
          "score": -3.0
        }
      ]
    },
    {
      "sample": 84,
      "position": 0.8484848484848485,
      "smoothed": 0.004949879823414926,
      "word_offset": 142822,
      "read_time_min": 571.3,
      "driving_words": [
        {
          "word": "cruelty",
          "score": -3.0
        },
        {
          "word": "dumb",
          "score": -3.0
        },
        {
          "word": "bloody",
          "score": -3.0
        },
        {
          "word": "terrible",