{
  "status": "ok",
  "n_words": 92279,
  "window_size": 10000,
  "reliability": "high",
  "raw": [
    0.1672,
    0.1668,
    0.1652,
    0.1644,
    0.1792,
    0.1732,
    0.1688,
    0.1564,
    0.1232,
    0.1136,
    0.112,
    0.1076,
    0.0996,
    0.0984,
    0.0932,
    0.094,
    0.0848,
    0.0872,
    0.0852,
    0.0864,
    0.1028,
    0.1408,
    0.1384,
    0.1404,
    0.144,
    0.1448,
    0.1532,
    0.1452,
    0.1504,
    0.1384,
    0.1424,
    0.1404,
    0.1264,
    0.0976,
    0.082,
    0.0708,
    0.078,
    0.0736,
    0.0784,
    0.0708,
    0.0796,
    0.0852,
    0.0856,
    0.0896,
    0.1156,
    0.1304,
    0.1488,
    0.1452,
    0.1536,
    0.152,
    0.154,
    0.1444,
    0.1252,
    0.1316,
    0.138,
    0.1356,
    0.1048,
    0.096,
    0.0896,
    0.092,
    0.084,
    0.0912,
    0.0804,
    0.086,
    0.0928,
    0.086,
    0.0796,
    0.0816,
    0.0992,
    0.1036,
    0.1072,
    0.1352,
    0.136,
    0.1324,
    0.1276,
    0.1372,
    0.1376,
    0.1264,
    0.1344,
    0.1344,
    0.1356,
    0.1176,
    0.118,
    0.1012,
    0.0908,
    0.0868,
    0.0996,
    0.092,
    0.086,
    0.0988,
    0.09,
    0.0916,
    0.1032,
    0.1064,
    0.0964,
    0.094,
    0.0904,
    0.0972,
    0.1,
    0.0992
  ],
  "smoothed": [
    0.14021419486911166,
    0.15892759112552132,
    0.17315735751266356,
    0.18020817027363684,
    0.17921108594899823,
    0.1712309540436943,
    0.15875278929368258,
    0.1447678071231807,
    0.13181180526700095,
    0.12130099976924198,
    0.11337242391966078,
    0.1072277897314617,
    0.10178663562872782,
    0.0963517720388369,
    0.09101251958121749,
    0.0866416535246801,
    0.08452031928291472,
    0.08577567856620082,
    0.09087917920726574,
    0.09940953856531025,
    0.11015985825667367,
    0.12152071701708476,
    0.13196410237592976,
    0.14042846472326406,
    0.14646684135212548,
    0.15013464321116032,
    0.1517077496638569,
    0.15138563589928994,
    0.14912433656458415,
    0.14467024049142635,
    0.13776555289975165,
    0.12841635109826702,
    0.11708892264167262,
    0.10473723938372494,
    0.09264327853422195,
    0.08213439534263692,
    0.07429088415158792,
    0.0697526260113514,
    0.06868205992844428,
    0.07086852279079892,
    0.075900700168553,
    0.08331518846119115,
    0.0926555902167957,
    0.10343227112339612,
    0.1150291840944053,
    0.12663363486740536,
    0.13725431325079004,
    0.145848854733698,
    0.15152687846943402,
    0.15375465009529085,
    0.15248172009751365,
    0.14813993636173348,
    0.14151623905577942,
    0.13354880689610873,
    0.12512032759299452,
    0.11691372813570038,
    0.10936161599487344,
    0.10267915729799297,
    0.09694095447464002,
    0.09215729085585625,
    0.08832221086183648,
    0.08543232088249691,
    0.08349437512495975,
    0.08254082145325381,
    0.08265631901950067,
    0.08399659965213119,
    0.08676987941959384,
    0.09116098533169918,
    0.09720785226795409,
    0.10467477988129514,
    0.11298657198705106,
    0.12127702294993897,
    0.12856303297730784,
    0.1339978412980417,
    0.1371104519331819,
    0.13792881097846313,
    0.13692238648346922,
    0.13477397909536054,
    0.13206996333478993,
    0.12904527402620825,
    0.12550776121670087,
    0.12099447201687612,
    0.11510695098256746,
    0.10787961557509607,
    0.09999978881305335,
    0.09274332854620825,
    0.08760438875420698,
    0.08573709517786787,
    0.08743036766126558,
    0.09185429165670961,
    0.09723032128489148,
    0.1014151113890276,
    0.10271160628104252,
    0.10060511972874184,
    0.09612069829880351,
    0.09162093613617302,
    0.09006917267142658,
    0.09399336796591026,
    0.10451648033052355,
    0.12081391669936091
  ],
  "shape_matches": [
    {
      "shape": "Tragedy",
      "correlation": 0.3457
    },
    {
      "shape": "Oedipus",
      "correlation": 0.3103
    },
    {
      "shape": "Icarus",
      "correlation": -0.1496
    },
    {
      "shape": "Cinderella",
      "correlation": -0.3183
    },
    {
      "shape": "Man in a Hole",
      "correlation": -0.3414
    },
    {
      "shape": "Rags to Riches",
      "correlation": -0.3457
    }
  ],
  "best_shape": "Tragedy",
  "best_shape_correlation": 0.3457,
  "peaks": [
    {
      "sample": 3,
      "position": 0.030303030303030304,
      "smoothed": 0.18020817027363684,
      "word_offset": 7493,
      "read_time_min": 30.0,
      "driving_words": [
        {
          "word": "thrilled",
          "score": 5.0
        },
        {
          "word": "miracle",
          "score": 4.0
        },
        {
          "word": "supreme",
          "score": 4.0
        },
        {
          "word": "fun",
          "score": 4.0
        },
        {
          "word": "fantastic",
          "score": 4.0
        },
        {
          "word": "wonderful",
          "score": 4.0
        }
      ]
    },
    {
      "sample": 26,
      "position": 0.26262626262626265,
      "smoothed": 0.1517077496638569,
      "word_offset": 26609,
      "read_time_min": 106.4,
      "driving_words": [
        {
          "word": "thrilled",
          "score": 5.0
        },
        {
          "word": "winning",
          "score": 4.0
        },
        {
          "word": "funny",
          "score": 4.0
        },
        {
          "word": "brilliant",
          "score": 4.0
        },
        {
          "word": "loved",
          "score": 3.0
        },
        {
          "word": "love",
          "score": 3.0
        }
      ]
    },
    {
      "sample": 49,
      "position": 0.494949494949495,
      "smoothed": 0.15375465009529085,
      "word_offset": 45724,
      "read_time_min": 182.9,
      "driving_words": [
        {
          "word": "win",
          "score": 4.0
        },
        {
          "word": "fun",
          "score": 4.0
        },
        {
          "word": "wonderful",
          "score": 4.0
        },
        {
          "word": "brilliant",
          "score": 4.0
        },
        {
          "word": "triumphant",
          "score": 4.0
        },
        {
          "word": "funny",
          "score": 4.0
        }
      ]
    }
  ],
  "valleys": [
    {
      "sample": 16,
      "position": 0.16161616161616163,
      "smoothed": 0.08452031928291472,
      "word_offset": 18298,
      "read_time_min": 73.2,
      "driving_words": [
        {
          "word": "loose",
          "score": -3.0
        },
        {
          "word": "dead",
          "score": -3.0
        },
        {
          "word": "lost",
          "score": -3.0
        },
        {
          "word": "dying",
          "score": -3.0
        },
        {
          "word": "irritating",
          "score": -3.0
        },
        {
          "word": "irritated",
          "score": -3.0
        }
      ]
    },
    {
      "sample": 38,
      "position": 0.3838383838383838,
      "smoothed": 0.06868205992844428,
      "word_offset": 36582,
      "read_time_min": 146.3,
      "driving_words": [
        {
          "word": "ass",
          "score": -4.0
        },
        {
          "word": "dead",
          "score": -3.0
        },
        {
          "word": "bad",
          "score": -3.0
        },
        {
          "word": "fatal",
          "score": -3.0
        },
        {
          "word": "idiotic",
          "score": -3.0
        },
        {
          "word": "rotten",
          "score": -3.0
        }
      ]
    },
    {
      "sample": 63,
      "position": 0.6363636363636364,
      "smoothed": 0.08254082145325381,
      "word_offset": 57359,
      "read_time_min": 229.4,
      "driving_words": [
        {
          "word": "dreadful",
          "score": -3.0
        },
        {
          "word": "horrible",
          "score": -3.0
        },
        {
          "word": "badly",
          "score": -3.0
        },
        {
          "word": "fatality",