{
  "status": "ok",
  "n_words": 143908,
  "window_size": 10000,
  "reliability": "high",
  "raw": [
    0.2584,
    0.2764,
    0.316,
    0.314,
    0.2948,
    0.3052,
    0.3008,
    0.338,
    0.3308,
    0.3456,
    0.3872,
    0.3832,
    0.3756,
    0.3516,
    0.32,
    0.3384,
    0.3248,
    0.26,
    0.232,
    0.1856,
    0.18,
    0.1896,
    0.1928,
    0.2096,
    0.204,
    0.2236,
    0.2356,
    0.2756,
    0.3004,
    0.3176,
    0.3252,
    0.3356,
    0.3132,
    0.33,
    0.3384,
    0.2924,
    0.2288,
    0.1896,
    0.1436,
    0.1488,
    0.1236,
    0.1288,
    0.1588,
    0.2068,
    0.2832,
    0.3224,
    0.3908,
    0.3728,
    0.3288,
    0.2708,
    0.2392,
    0.1916,
    0.1544,
    0.1236,
    0.0996,
    0.0824,
    0.1096,
    0.1268,
    0.1732,
    0.164,
    0.1808,
    0.24,
    0.2924,
    0.2996,
    0.2764,
    0.2736,
    0.2384,
    0.218,
    0.1832,
    0.1456,
    0.1196,
    0.1276,
    0.1032,
    0.0832,
    0.0748,
    0.0764,
    0.094,
    0.0796,
    0.1036,
    0.1592,
    0.2424,
    0.2512,
    0.2796,
    0.2872,
    0.2868,
    0.286,
    0.23,
    0.1808,
    0.1492,
    0.1384,
    0.0952,
    0.0852,
    0.0784,
    0.1128,
    0.1264,
    0.1572,
    0.1768,
    0.2076,
    0.2364,
    0.2704
  ],
  "smoothed": [
    0.2790200922533832,
    0.2916591656737527,
    0.29799029972011765,
    0.30014384644632464,
    0.3013112396173929,
    0.30470223798728197,
    0.3124573142716929,
    0.32492499559130017,
    0.34055938985701856,
    0.35643772494246634,
    0.3691598205123375,
    0.37577448101849314,
    0.37442276217393067,
    0.3645575972649482,
    0.3468004666920659,
    0.32262878287360136,
    0.29409547630166144,
    0.2636772311232109,
    0.23420182486403326,
    0.20870929457291199,
    0.19011684575891352,
    0.18067992813497824,
    0.18140401083851085,
    0.19166625330776818,
    0.2092793948669992,
    0.2310637905792614,
    0.25375663883941113,
    0.2748970751421042,
    0.29329007588160994,
    0.3088127183515533,
    0.3216294121616893,
    0.3311951553168912,
    0.3355928393010013,
    0.3316694304491999,
    0.3161116163859903,
    0.28715637293948065,
    0.2462595560625959,
    0.1989281678732831,
    0.15414506503862227,
    0.12232016156704038,
    0.1123009896742997,
    0.12842202561870558,
    0.16866658557417283,
    0.22469236237684076,
    0.28383672370957336,
    0.33250900497199515,
    0.3598709956256605,
    0.3606049491221371,
    0.3359119820477924,
    0.29253539906660253,
    0.24030394329350846,
    0.1891655324555655,
    0.1467577765870359,
    0.11723151797652202,
    0.10146833603240328,
    0.09826631621285863,
    0.10574637249301681,
    0.12227159695566878,
    0.14652746192246438,
    0.1768968989466949,
    0.21064692165640553,
    0.24354531318306952,
    0.27030596212544283,
    0.28583079291267394,
    0.2867844782772953,
    0.27281530623541694,
    0.24683468523182173,
    0.21415196061542938,
    0.1807597313379115,
    0.15145036329412392,
    0.12853663080582994,
    0.11169821044838908,
    0.09898574542662843,
    0.08849982416886168,
    0.07995283216833603,
    0.0753591488349928,
    0.0784738561257331,
    0.09315340295894205,
    0.12130460471642969,
    0.16130579820703955,
    0.2076282668706398,
    0.2519193219370164,
    0.2852252550754503,
    0.3005754790133044,
    0.29500543124567863,
    0.2703181040704051,
    0.2323721370204562,
    0.18923174278877908,
    0.14889826675122683,
    0.11742134623673955,
    0.09795099610344885,
    0.09086326701119425,
    0.0946652184923674,
    0.10713705843150484,
    0.12618566974516796,
    0.15012701620425203,
    0.1774505672299006,
    0.20638242251449435,
    0.23463743523494615,
    0.2596141060739202
  ],
  "shape_matches": [
    {
      "shape": "Tragedy",
      "correlation": 0.565
    },
    {
      "shape": "Oedipus",
      "correlation": 0.4598
    },
    {
      "shape": "Icarus",
      "correlation": -0.1422
    },
    {
      "shape": "Cinderella",
      "correlation": -0.4746
    },
    {
      "shape": "Rags to Riches",
      "correlation": -0.565
    },
    {
      "shape": "Man in a Hole",
      "correlation": -0.5773
    }
  ],
  "best_shape": "Tragedy",
  "best_shape_correlation": 0.565,
  "peaks": [
    {
      "sample": 11,
      "position": 0.1111111111111111,
      "smoothed": 0.37577448101849314,
      "word_offset": 19879,
      "read_time_min": 79.5,
      "driving_words": [
        {
          "word": "superb",
          "score": 5.0
        },
        {
          "word": "rejoice",
          "score": 4.0
        },
        {
          "word": "triumphant",
          "score": 4.0
        },
        {
          "word": "rejoices",
          "score": 4.0
        },
        {
          "word": "terrific",
          "score": 4.0
        },
        {
          "word": "brilliant",
          "score": 4.0
        }
      ]
    },
    {
      "sample": 32,
      "position": 0.32323232323232326,
      "smoothed": 0.3355928393010013,
      "word_offset": 48283,
      "read_time_min": 193.1,
      "driving_words": [
        {
          "word": "wonderfully",
          "score": 4.0
        },
        {
          "word": "winning",
          "score": 4.0
        },
        {
          "word": "supreme",
          "score": 4.0
        },
        {
          "word": "rapturous",
          "score": 4.0
        },
        {
          "word": "triumphant",
          "score": 4.0
        },
        {
          "word": "ecstatic",
          "score": 4.0
        }
      ]
    },
    {
      "sample": 47,
      "position": 0.47474747474747475,
      "smoothed": 0.3606049491221371,
      "word_offset": 68572,
      "read_time_min": 274.3,
      "driving_words": [
        {
          "word": "brilliant",
          "score": 4.0
        },
        {
          "word": "triumphant",
          "score": 4.0
        },
        {
          "word": "wonderful",
          "score": 4.0
        },
        {
          "word": "happy",
          "score": 3.0
        },
        {
          "word": "happiness",
          "score": 3.0
        },
        {
          "word": "grateful",
          "score": 3.0
        }
      ]
    }
  ],
  "valleys": [
    {
      "sample": 55,
      "position": 0.5555555555555556,
      "smoothed": 0.09826631621285863,
      "word_offset": 79393,
      "read_time_min": 317.6,
      "driving_words": [
        {
          "word": "torture",
          "score": -4.0
        },
        {
          "word": "miserable",
          "score": -3.0
        },
        {
          "word": "betrayed",
          "score": -3.0
        },
        {
          "word": "deceit",
          "score": -3.0
        },
        {
          "word": "lost",
          "score": -3.0
        },
        {
          "word": "victim",
          "score": -3.0
        }
      ]
    },
    {
      "sample": 75,
      "position": 0.7575757575757576,
      "smoothed": 0.0753591488349928,
      "word_offset": 106445,
      "read_time_min": 425.8,
      "driving_words": [
        {
          "word": "damned",
          "score": -4.0
        },
        {
          "word": "miserable",
          "score": -3.0
        },
        {
          "word": "worse",
          "score": -3.0
        },
        {
          "word": "anger",
          "score": -3.0
        },
        {
          "word": "abuse",
          "score": -3.0
        },
        {
          "word": "anguish",
          "score": -3.0
        }
      ]
    },
    {
      "sample": 91,
      "position": 0.9191919191919192,
      "smoothed": 0.09086326701119425,
      "word_offset": 128087,
      "read_time_min": 512.3,
      "driving_words": [
        {
          "word": "damned",
          "score": -4.0
        },
        {
          "word": "hell",
          "score": -4.0
        },
        {
          "word": "losing",
          "score": -3.0
        },
        {
          "word": "worse",