{
  "status": "ok",
  "n_words": 71982,
  "window_size": 10000,
  "reliability": "high",
  "raw": [
    0.172,
    0.1648,
    0.1592,
    0.1608,
    0.1608,
    0.1728,
    0.1736,
    0.1516,
    0.148,
    0.1372,
    0.1248,
    0.1288,
    0.112,
    0.0816,
    0.0772,
    0.074,
    0.0684,
    0.086,
    0.0912,
    0.0972,
    0.0984,
    0.096,
    0.106,
    0.098,
    0.0944,
    0.1044,
    0.1176,
    0.1144,
    0.1152,
    0.1112,
    0.1244,
    0.1464,
    0.148,
    0.1444,
    0.1444,
    0.1392,
    0.1384,
    0.1084,
    0.0932,
    0.0964,
    0.0992,
    0.0916,
    0.0756,
    0.066,
    0.0588,
    0.0708,
    0.0644,
    0.054,
    0.0488,
    0.0452,
    0.0396,
    0.0248,
    0.0184,
    0.0148,
    0.0144,
    0.0076,
    0.0236,
    0.0132,
    0.026,
    0.0204,
    0.0148,
    0.0148,
    0.032,
    0.038,
    0.0404,
    0.0556,
    0.0668,
    0.0904,
    0.0932,
    0.1052,
    0.1056,
    0.114,
    0.1,
    0.1164,
    0.1108,
    0.1168,
    0.1044,
    0.0816,
    0.0608,
    0.0628,
    0.0732,
    0.0564,
    0.0552,
    0.0412,
    0.0492,
    0.0596,
    0.076,
    0.0724,
    0.0948,
    0.0904,
    0.1092,
    0.104,
    0.1268,
    0.154,
    0.1588,
    0.1468,
    0.1328,
    0.1292,
    0.1284,
    0.1216
  ],
  "smoothed": [
    0.14556635182055808,
    0.15373054937947905,
    0.16182137581654019,
    0.16787366650606114,
    0.17055214597730078,
    0.1694353699373365,
    0.16491765700681807,
    0.15783079471088282,
    0.14899994062486877,
    0.1389556422725348,
    0.12792704665909288,
    0.116088853209785,
    0.10389999242939783,
    0.09231973594729975,
    0.08274233392545764,
    0.07662902569426044,
    0.07497199941619373,
    0.0778247141870728,
    0.08412761611501283,
    0.09194587132366096,
    0.0990634539852534,
    0.10372109116277532,
    0.10521405805178416,
    0.10411278467293399,
    0.10201620495021117,
    0.10093278275102495,
    0.10252909158470644,
    0.10753072195041824,
    0.11548905814966454,
    0.1249739153757343,
    0.13408376906932268,
    0.1410532057719018,
    0.1447243667386529,
    0.14473322844411404,
    0.14139813295043532,
    0.13542253812110125,
    0.12758211898983182,
    0.11853814253648098,
    0.108826287339402,
    0.0989640207886508,
    0.08955509206580249,
    0.08127829298383238,
    0.07472290484062534,
    0.07013439235495184,
    0.06720635111083172,
    0.06505741516088193,
    0.06245815336588645,
    0.05825502865219985,
    0.051832560181384525,
    0.04341469345456748,
    0.034057004160704986,
    0.025305555085124515,
    0.018642986873630824,
    0.014942385439732888,
    0.014156906142297046,
    0.015380656028873025,
    0.01726154993574505,
    0.01859647972233927,
    0.01885945496497146,
    0.01844037511914252,
    0.018494892510099944,
    0.02047108870298608,
    0.025514228502546983,
    0.033997832054303435,
    0.04536845122477951,
    0.05835155533350295,
    0.07141024390895787,
    0.08324640828033232,
    0.09312935492963641,
    0.10092878824706267,
    0.10687266382371985,
    0.11117831167527835,
    0.11375851591516806,
    0.1141596607149224,
    0.11176934424982454,
    0.10619376656240112,
    0.09761628084079807,
    0.0869504038820934,
    0.0756930152802177,
    0.0655232429817727,
    0.05781367019841062,
    0.05326517332102102,
    0.051822533661868155,
    0.052898983247353495,
    0.055793798153420386,
    0.06009586765600268,
    0.06587216743099032,
    0.07354272215002274,
    0.08349689315365154,
    0.09563858554856584,
    0.10909667510033252,
    0.12227529330326366,
    0.13327064690008747,
    0.1405114636407749,
    0.14336564980974373,
    0.14245040336131834,
    0.1394933229246242,
    0.13677297419785836,
    0.13634168623874116,
    0.13932554639400432
  ],
  "shape_matches": [
    {
      "shape": "Oedipus",
      "correlation": 0.6595
    },
    {
      "shape": "Tragedy",
      "correlation": 0.2924
    },
    {
      "shape": "Rags to Riches",
      "correlation": -0.2924
    },
    {
      "shape": "Man in a Hole",
      "correlation": -0.5495
    },
    {
      "shape": "Icarus",
      "correlation": -0.6342
    },
    {
      "shape": "Cinderella",
      "correlation": -0.6519
    }
  ],
  "best_shape": "Oedipus",
  "best_shape_correlation": 0.6595,
  "peaks": [
    {
      "sample": 4,
      "position": 0.04040404040404041,
      "smoothed": 0.17055214597730078,
      "word_offset": 7504,
      "read_time_min": 30.0,
      "driving_words": [
        {
          "word": "wonderful",
          "score": 4.0
        },
        {
          "word": "win",
          "score": 4.0
        },
        {
          "word": "rejoice",
          "score": 4.0
        },
        {
          "word": "happy",
          "score": 3.0
        },
        {
          "word": "perfect",
          "score": 3.0
        },
        {
          "word": "affection",
          "score": 3.0
        }
      ]
    },
    {
      "sample": 33,
      "position": 0.3333333333333333,
      "smoothed": 0.14473322844411404,
      "word_offset": 25661,
      "read_time_min": 102.6,
      "driving_words": [
        {
          "word": "rejoice",
          "score": 4.0
        },
        {
          "word": "admire",
          "score": 3.0
        },
        {
          "word": "good",
          "score": 3.0
        },
        {
          "word": "perfect",
          "score": 3.0
        },
        {
          "word": "pleased",
          "score": 3.0
        },
        {
          "word": "happiness",
          "score": 3.0
        }
      ]
    },
    {
      "sample": 94,
      "position": 0.9494949494949495,
      "smoothed": 0.14336564980974373,
      "word_offset": 63852,
      "read_time_min": 255.4,
      "driving_words": [
        {
          "word": "wonderful",
          "score": 4.0
        },
        {
          "word": "wins",
          "score": 4.0
        },
        {
          "word": "rejoiced",
          "score": 4.0
        },
        {
          "word": "rejoice",
          "score": 4.0
        },
        {
          "word": "ominous",
          "score": 3.0
        },
        {
          "word": "great",
          "score": 3.0
        }
      ]
    }
  ],
  "valleys": [
    {
      "sample": 16,
      "position": 0.16161616161616163,
      "smoothed": 0.07497199941619373,
      "word_offset": 15017,
      "read_time_min": 60.1,
      "driving_words": [
        {
          "word": "fraudulent",
          "score": -4.0
        },
        {
          "word": "evil",
          "score": -3.0
        },
        {
          "word": "bad",
          "score": -3.0
        },
        {
          "word": "worse",
          "score": -3.0
        },
        {
          "word": "dreadful",
          "score": -3.0
        },
        {
          "word": "vile",
          "score": -3.0
        }
      ]
    },
    {
      "sample": 54,
      "position": 0.5454545454545454,
      "smoothed": 0.014156906142297046,
      "word_offset": 38808,
      "read_time_min": 155.2,
      "driving_words": [
        {
          "word": "guilt",
          "score": -3.0
        },
        {
          "word": "worse",
          "score": -3.0
        },
        {
          "word": "anger",
          "score": -3.0
        },
        {
          "word": "die",
          "score": -3.0
        },
        {
          "word": "damage",
          "score": -3.0
        },
        {
          "word": "dead",
          "score": -3.0
        }
      ]
    },
    {
      "sample": 82,
      "position": 0.8282828282828283,
      "smoothed": 0.051822533661868155,
      "word_offset": 56339,
      "read_time_min": 225.4,
      "driving_words": [
        {
          "word": "kill",
          "score": -3.0
        },
        {
          "word": "die",
          "score": -3.0
        },
        {
          "word": "angry",
          "score": -3.0
        },
        {
          "word": "chide",