{
  "status": "ok",
  "n_words": 189418,
  "window_size": 10000,
  "reliability": "high",
  "raw": [
    -0.08,
    -0.0948,
    -0.07,
    -0.0372,
    -0.0244,
    -0.0132,
    -0.0292,
    -0.0448,
    -0.0596,
    -0.0828,
    -0.0884,
    -0.064,
    -0.0392,
    -0.008,
    0.0204,
    0.0392,
    0.0484,
    0.054,
    0.1132,
    0.126,
    0.12,
    0.1368,
    0.1272,
    0.0964,
    0.0804,
    0.0532,
    0.0316,
    0.006,
    0.0216,
    0.016,
    -0.002,
    0.044,
    0.0784,
    0.096,
    0.1436,
    0.1676,
    0.1292,
    0.1288,
    0.1064,
    0.0972,
    0.088,
    0.092,
    0.0692,
    0.0248,
    0.0276,
    -0.0216,
    -0.0344,
    -0.038,
    0.0004,
    -0.0352,
    -0.0196,
    0.0268,
    0.0196,
    0.0508,
    0.1244,
    0.1472,
    0.1212,
    0.1508,
    0.1524,
    0.106,
    0.08,
    0.0604,
    0.0268,
    -0.0124,
    -0.066,
    -0.0928,
    -0.1056,
    -0.0696,
    -0.0368,
    -0.0172,
    -0.0072,
    0.0272,
    0.0068,
    -0.014,
    0.0016,
    0.0184,
    0.0892,
    0.07,
    0.0924,
    0.1396,
    0.1772,
    0.1616,
    0.1492,
    0.1532,
    0.186,
    0.1988,
    0.1688,
    0.1648,
    0.1928,
    0.1892,
    0.1112,
    0.0924,
    0.0976,
    0.0516,
    0.0056,
    -0.0028,
    0.0112,
    0.0096,
    0.0248,
    0.102
  ],
  "smoothed": [
    -0.024014771277950625,
    -0.0389438591204,
    -0.04775973101897976,
    -0.04909437148040345,
    -0.04487426246764924,
    -0.03942156809357448,
    -0.03739792742510871,
    -0.04153700575441163,
    -0.05120425097041683,
    -0.06244333735027124,
    -0.06949667252573394,
    -0.06713044524320451,
    -0.05274947272471428,
    -0.02740341529859948,
    0.004698948935357105,
    0.03787986234234654,
    0.067082248668876,
    0.08942233459764858,
    0.10457228715431884,
    0.11392576076042446,
    0.1190855196604351,
    0.12052137377838226,
    0.117134845445304,
    0.10699101557418725,
    0.08886769656134857,
    0.0638221364688336,
    0.035906882166665745,
    0.011522073142523815,
    -0.002485765833537055,
    -0.0012641732742075696,
    0.01608247652380384,
    0.04587698073317974,
    0.08092622072045882,
    0.1128752690511282,
    0.1349332522939913,
    0.14389270294093348,
    0.14067587670371468,
    0.129277990112961,
    0.11465503894608514,
    0.10052421140439365,
    0.0880287067948648,
    0.07578520890524386,
    0.06118705189617236,
    0.04227503759229446,
    0.019260827901422434,
    -0.005013848611833511,
    -0.025880687462018638,
    -0.03852046995058184,
    -0.03973505674233187,
    -0.029030166132595125,
    -0.008580538277594245,
    0.017808463348136603,
    0.046166308363407564,
    0.07351220805649429,
    0.09817381907827515,
    0.11921745208914926,
    0.13543172832347117,
    0.14456906950957937,
    0.14343908182103834,
    0.12900702600017439,
    0.10008875624815594,
    0.05883051776099015,
    0.011133807640996238,
    -0.03442328164005586,
    -0.06896243215221019,
    -0.08614785473016438,
    -0.08436357913176629,
    -0.06727953722751845,
    -0.042479400662379464,
    -0.018620556435156352,
    -0.002227220437488301,
    0.004602212042895926,
    0.004655121989968877,
    0.0040732764397486965,
    0.009504819622627196,
    0.02516054404929931,
    0.05101596808958849,
    0.08288685007256096,
    0.114283297384734,
    0.13917830264408157,
    0.15444767222003772,
    0.16091306926281088,
    0.1625650833393112,
    0.16436714273205866,
    0.16967442512740177,
    0.17846320164559681,
    0.1871870426758016,
    0.1903314633858049,
    0.1829653851008269,
    0.16313432482899484,
    0.13300874618321767,
    0.09825790365576616,
    0.06591192809022854,
    0.041645880186547565,
    0.027669252582734588,
    0.022124696787670668,
    0.020221022266976228,
    0.016556068369277314,
    0.007570622588258163,
    -0.006957739929140443
  ],
  "shape_matches": [
    {
      "shape": "Rags to Riches",
      "correlation": 0.3284
    },
    {
      "shape": "Man in a Hole",
      "correlation": 0.3172
    },
    {
      "shape": "Cinderella",
      "correlation": 0.2624
    },
    {
      "shape": "Icarus",
      "correlation": 0.1366
    },
    {
      "shape": "Oedipus",
      "correlation": -0.2533
    },
    {
      "shape": "Tragedy",
      "correlation": -0.3284
    }
  ],
  "best_shape": "Rags to Riches",
  "best_shape_correlation": 0.3284,
  "peaks": [
    {
      "sample": 35,
      "position": 0.35353535353535354,
      "smoothed": 0.14389270294093348,
      "word_offset": 68431,
      "read_time_min": 273.7,
      "driving_words": [
        {
          "word": "brilliant",
          "score": 4.0
        },
        {
          "word": "fantastic",
          "score": 4.0
        },
        {
          "word": "win",
          "score": 4.0
        },
        {
          "word": "wonderful",
          "score": 4.0
        },
        {
          "word": "fun",
          "score": 4.0
        },
        {
          "word": "handsome",
          "score": 3.0
        }
      ]
    },
    {
      "sample": 57,
      "position": 0.5757575757575758,
      "smoothed": 0.14456906950957937,
      "word_offset": 108301,
      "read_time_min": 433.2,
      "driving_words": [
        {
          "word": "superb",
          "score": 5.0
        },
        {
          "word": "brilliant",
          "score": 4.0
        },
        {
          "word": "rejoicing",
          "score": 4.0
        },
        {
          "word": "triumph",
          "score": 4.0
        },
        {
          "word": "win",
          "score": 4.0
        },
        {
          "word": "beloved",
          "score": 3.0
        }
      ]
    },
    {
      "sample": 87,
      "position": 0.8787878787878788,
      "smoothed": 0.1903314633858049,
      "word_offset": 162670,
      "read_time_min": 650.7,
      "driving_words": [
        {
          "word": "hurrah",
          "score": 5.0
        },
        {
          "word": "thrilled",
          "score": 5.0
        },
        {
          "word": "rejoicing",
          "score": 4.0
        },
        {
          "word": "winning",
          "score": 4.0
        },
        {
          "word": "wonderfully",
          "score": 4.0
        },
        {
          "word": "handsome",
          "score": 3.0
        }
      ]
    }
  ],
  "valleys": [
    {
      "sample": 3,
      "position": 0.030303030303030304,
      "smoothed": -0.04909437148040345,
      "word_offset": 10437,
      "read_time_min": 41.7,
      "driving_words": [
        {
          "word": "hell",
          "score": -4.0
        },
        {
          "word": "disgust",
          "score": -3.0
        },
        {
          "word": "loose",
          "score": -3.0
        },
        {
          "word": "abhor",
          "score": -3.0
        },
        {
          "word": "killed",
          "score": -3.0
        },
        {
          "word": "violence",
          "score": -3.0
        }
      ]
    },
    {
      "sample": 10,
      "position": 0.10101010101010101,
      "smoothed": -0.06949667252573394,
      "word_offset": 23123,
      "read_time_min": 92.5,
      "driving_words": [
        {
          "word": "torture",
          "score": -4.0
        },
        {
          "word": "tortures",
          "score": -4.0
        },
        {
          "word": "dead",
          "score": -3.0
        },
        {
          "word": "died",
          "score": -3.0
        },
        {
          "word": "lost",
          "score": -3.0
        },
        {
          "word": "bad",
          "score": -3.0
        }
      ]
    },
    {
      "sample": 65,
      "position": 0.6565656565656566,
      "smoothed": -0.08614785473016438,
      "word_offset": 122800,
      "read_time_min": 491.2,
      "driving_words": [
        {
          "word": "bastard",
          "score": -5.0
        },
        {
          "word": "hell",
          "score": -4.0
        },
        {
          "word": "dick",