{
  "status": "ok",
  "n_words": 178453,
  "window_size": 10000,
  "reliability": "high",
  "raw": [
    0.0752,
    0.06,
    0.0068,
    -0.0324,
    -0.022,
    -0.0452,
    -0.0312,
    -0.0216,
    0.0024,
    0.0516,
    0.0264,
    0.0512,
    0.0324,
    -0.0144,
    -0.0412,
    -0.0384,
    -0.0468,
    -0.1112,
    -0.0984,
    -0.0536,
    -0.0404,
    -0.0396,
    0.0268,
    0.0824,
    0.1252,
    0.1068,
    0.1104,
    0.0812,
    0.0344,
    0.0492,
    -0.0028,
    0.014,
    0.038,
    0.0432,
    0.0188,
    0.0216,
    0.0148,
    -0.0028,
    0.002,
    0.0536,
    0.0996,
    0.1052,
    0.1188,
    0.1696,
    0.1264,
    0.1188,
    0.0884,
    0.05,
    0.0288,
    0.0108,
    0.0156,
    -0.0156,
    -0.046,
    -0.0332,
    -0.024,
    0.0048,
    0.0128,
    0.0584,
    0.1156,
    0.1192,
    0.1128,
    0.084,
    0.0868,
    0.072,
    0.0236,
    0.0232,
    0.0848,
    0.0944,
    0.0836,
    0.0896,
    0.0904,
    0.0304,
    0.0104,
    0.0244,
    0.0196,
    0.002,
    0.0364,
    0.058,
    0.0696,
    0.0792,
    0.0704,
    0.0704,
    0.0888,
    0.0868,
    0.0632,
    0.0596,
    0.1,
    0.0904,
    0.044,
    0.0664,
    0.0456,
    0.0536,
    0.0412,
    0.0444,
    0.0444,
    0.0248,
    0.0384,
    0.0168,
    0.02,
    0.0184
  ],
  "smoothed": [
    0.03316109328808632,
    0.02029136086649405,
    0.005216317951478895,
    -0.009298926412949103,
    -0.020507543515684925,
    -0.02611127380804028,
    -0.02465738615337455,
    -0.015952977514275272,
    -0.0014422301175693875,
    0.015640500014835187,
    0.03058594593260005,
    0.03814460704092364,
    0.0339921298779466,
    0.016342697644054206,
    -0.012875448223754313,
    -0.047851973145822145,
    -0.08002476222255975,
    -0.10033526815345989,
    -0.10196270302401839,
    -0.08261491828125866,
    -0.045517760236946064,
    0.0013420982092498513,
    0.04754364895835656,
    0.08335884401201465,
    0.10259365550717224,
    0.10415023940966656,
    0.09179877654462235,
    0.07232869563383189,
    0.052856969946328526,
    0.03836057767471676,
    0.030357013991873637,
    0.027147061507236767,
    0.025375933110451845,
    0.022139069608484982,
    0.01667445289604541,
    0.010910327933412445,
    0.008665279061329674,
    0.013891044216726475,
    0.028751061570498504,
    0.05237411786818631,
    0.08080713155081946,
    0.10816575843972695,
    0.12848312729695027,
    0.13750029463493474,
    0.13372502517692691,
    0.11845055404818629,
    0.09489193589663972,
    0.06694727406692265,
    0.03817259165777419,
    0.0113537863448326,
    -0.011313971784816673,
    -0.027773942161511342,
    -0.035857277217271194,
    -0.033573076005904146,
    -0.01993542038868953,
    0.004048175081286449,
    0.03480473997101852,
    0.06652754841101165,
    0.09253262300093304,
    0.10727533485208264,
    0.108284063032683,
    0.09719021928880425,
    0.0793228707286709,
    0.06189207747821298,
    0.05137940677773472,
    0.051126836235887166,
    0.06009039686670932,
    0.07329254068961656,
    0.08383431487135373,
    0.0856915306150131,
    0.07618717330559066,
    0.05715033615722209,
    0.03429672929575114,
    0.015082162469466432,
    0.005891825882427897,
    0.009682649866388414,
    0.024992477928262744,
    0.04665964415304308,
    0.06790254872057756,
    0.08288003687006024,
    0.08870232712523349,
    0.08613728329910274,
    0.07882674265384293,
    0.07144302628913428,
    0.06761899720458658,
    0.06851954308900349,
    0.0725945859805209,
    0.07652253792692744,
    0.07685436506211354,
    0.07161000453688447,
    0.06115342271607514,
    0.04802476444179398,
    0.035867933826670514,
    0.02795635530540552,
    0.025942525391085904,
    0.029308482368833592,
    0.03566440903778688,
    0.04169080408680889,
    0.044297933289154046,
    0.04156155279679778
  ],
  "shape_matches": [
    {
      "shape": "Man in a Hole",
      "correlation": 0.4732
    },
    {
      "shape": "Cinderella",
      "correlation": 0.4623
    },
    {
      "shape": "Rags to Riches",
      "correlation": 0.3959
    },
    {
      "shape": "Icarus",
      "correlation": 0.2606
    },
    {
      "shape": "Tragedy",
      "correlation": -0.3959
    },
    {
      "shape": "Oedipus",
      "correlation": -0.4569
    }
  ],
  "best_shape": "Man in a Hole",
  "best_shape_correlation": 0.4732,
  "peaks": [
    {
      "sample": 25,
      "position": 0.25252525252525254,
      "smoothed": 0.10415023940966656,
      "word_offset": 47539,
      "read_time_min": 190.2,
      "driving_words": [
        {
          "word": "win",
          "score": 4.0
        },
        {
          "word": "ecstatic",
          "score": 4.0
        },
        {
          "word": "overjoyed",
          "score": 4.0
        },
        {
          "word": "fun",
          "score": 4.0
        },
        {
          "word": "rejoiced",
          "score": 4.0
        },
        {
          "word": "heavenly",
          "score": 4.0
        }
      ]
    },
    {
      "sample": 43,
      "position": 0.43434343434343436,
      "smoothed": 0.13750029463493474,
      "word_offset": 78166,
      "read_time_min": 312.7,
      "driving_words": [
        {
          "word": "rejoicing",
          "score": 4.0
        },
        {
          "word": "rejoiced",
          "score": 4.0
        },
        {
          "word": "amazing",
          "score": 4.0
        },
        {
          "word": "awesome",
          "score": 4.0
        },
        {
          "word": "rejoice",
          "score": 4.0
        },
        {
          "word": "winning",
          "score": 4.0
        }
      ]
    },
    {
      "sample": 60,
      "position": 0.6060606060606061,
      "smoothed": 0.108284063032683,
      "word_offset": 107093,
      "read_time_min": 428.4,
      "driving_words": [
        {
          "word": "rejoiced",
          "score": 4.0
        },
        {
          "word": "win",
          "score": 4.0
        },
        {
          "word": "fun",
          "score": 4.0
        },
        {
          "word": "rejoicing",
          "score": 4.0
        },
        {
          "word": "beautiful",
          "score": 3.0
        },
        {
          "word": "good",
          "score": 3.0
        }
      ]
    }
  ],
  "valleys": [
    {
      "sample": 5,
      "position": 0.050505050505050504,
      "smoothed": -0.02611127380804028,
      "word_offset": 13508,
      "read_time_min": 54.0,
      "driving_words": [
        {
          "word": "cock",
          "score": -5.0
        },
        {
          "word": "ass",
          "score": -4.0
        },
        {
          "word": "hell",
          "score": -4.0
        },
        {
          "word": "hideous",
          "score": -3.0
        },
        {
          "word": "slaves",
          "score": -3.0
        },
        {
          "word": "slave",
          "score": -3.0
        }
      ]
    },
    {
      "sample": 18,
      "position": 0.18181818181818182,
      "smoothed": -0.10196270302401839,
      "word_offset": 35628,
      "read_time_min": 142.5,
      "driving_words": [
        {
          "word": "bitch",
          "score": -5.0
        },
        {
          "word": "damned",
          "score": -4.0
        },
        {
          "word": "whore",
          "score": -4.0
        },
        {
          "word": "torture",
          "score": -4.0
        },
        {
          "word": "evil",
          "score": -3.0
        },
        {
          "word": "die",
          "score": -3.0
        }
      ]
    },
    {
      "sample": 52,
      "position": 0.5252525252525253,
      "smoothed": -0.035857277217271194,
      "word_offset": 93480,
      "read_time_min": 373.9,
      "driving_words": [
        {
          "word": "hell",
          "score": -4.0
        },
        {
          "word": "sinful",
          "score": -3.0
        },
        {
          "word": "furious",