{
  "status": "ok",
  "n_words": 68547,
  "window_size": 10000,
  "reliability": "high",
  "raw": [
    0.0824,
    0.0848,
    0.0912,
    0.0788,
    0.0692,
    0.0804,
    0.0744,
    0.0552,
    0.0484,
    0.0324,
    0.038,
    0.0472,
    0.0408,
    0.0312,
    0.0244,
    0.0292,
    0.0084,
    0.0,
    0.016,
    0.0164,
    0.0216,
    0.032,
    0.0072,
    -0.0048,
    0.002,
    -0.0028,
    0.0128,
    0.0116,
    0.012,
    0.0252,
    0.0384,
    0.0516,
    0.0624,
    0.0808,
    0.076,
    0.0824,
    0.0916,
    0.0828,
    0.0896,
    0.0984,
    0.1048,
    0.1068,
    0.1228,
    0.1232,
    0.1256,
    0.1108,
    0.0968,
    0.1024,
    0.0804,
    0.0608,
    0.0612,
    0.0752,
    0.0712,
    0.0716,
    0.0824,
    0.0748,
    0.0764,
    0.0712,
    0.076,
    0.0592,
    0.0528,
    0.0508,
    0.0436,
    0.0548,
    0.0468,
    0.0568,
    0.0628,
    0.0704,
    0.0596,
    0.046,
    0.0352,
    0.0184,
    0.0084,
    0.0016,
    0.0036,
    0.0064,
    0.0012,
    0.0052,
    0.0084,
    0.0424,
    0.0412,
    0.0424,
    0.0308,
    0.0248,
    0.01,
    0.0012,
    0.0136,
    0.0216,
    0.0344,
    0.0496,
    0.0544,
    0.0416,
    0.0384,
    0.0456,
    0.0292,
    0.0228,
    0.0004,
    -0.0056,
    -0.0092,
    0.0036
  ],
  "smoothed": [
    0.05171532340193176,
    0.0723006949480628,
    0.08600428689673455,
    0.09050745103691679,
    0.08628168726428874,
    0.07610913970359208,
    0.06387985606580197,
    0.053151654658448545,
    0.04601002190499896,
    0.042612246722504195,
    0.041511563166778086,
    0.0405523497835457,
    0.037925684156036595,
    0.03294813495881013,
    0.0262746056632562,
    0.01950818408092776,
    0.014418810546545495,
    0.01212854859709632,
    0.01261222133843973,
    0.014711729992319938,
    0.016640218100723077,
    0.016752534589882146,
    0.014260127655832915,
    0.009604478570653153,
    0.0043503237871940215,
    0.0006524849664590746,
    0.0005094751998444077,
    0.005084070257646508,
    0.014327923380425121,
    0.027020641075822915,
    0.041179403967906876,
    0.05467316656716524,
    0.06582584104127143,
    0.07382309872604773,
    0.07882430085419066,
    0.08178483917832965,
    0.0840769474619196,
    0.08703705456999428,
    0.09156388996569334,
    0.09785811735083996,
    0.10535019607007717,
    0.11282214621141508,
    0.11869526146629586,
    0.12142731820759364,
    0.11993736272420881,
    0.11395750737260549,
    0.10420960781897852,
    0.09233151748327932,
    0.0805364593086654,
    0.07106925153125669,
    0.06559973411790619,
    0.0647357320782372,
    0.0678215699296387,
    0.07310975125399752,
    0.07827434100072528,
    0.08111574709286896,
    0.08023322606707406,
    0.07544444457977824,
    0.06781346678993866,
    0.05928133792876828,
    0.052028194008430305,
    0.04778261228539551,
    0.04730186292923742,
    0.05017627598028208,
    0.05499280432660239,
    0.05977423498819391,
    0.06253481670062587,
    0.06178239426851282,
    0.05684488047554684,
    0.047975710472429774,
    0.03626242851767838,
    0.0233989915930004,
    0.011381611334653593,
    0.002166709900179537,
    -0.0026863986304301924,
    -0.002357764857723955,
    0.002966620680520883,
    0.011995634954730706,
    0.022493705358692228,
    0.0317424076108262,
    0.03724368053386603,
    0.037489546592377375,
    0.03254452277731319,
    0.02419397316398116,
    0.015523876977748619,
    0.009989639424225769,
    0.010237376285944259,
    0.017076518525536787,
    0.029000526902804535,
    0.04249448952687246,
    0.053098514496600975,
    0.05690923621576532,
    0.05200995730693077,
    0.039306305437234304,
    0.02242762225691545,
    0.006676731668621137,
    -0.002643747692103209,
    -0.0019625633889702823,
    0.009373407339101978,
    0.028873541563658813
  ],
  "shape_matches": [
    {
      "shape": "Icarus",
      "correlation": 0.4093
    },
    {
      "shape": "Tragedy",
      "correlation": 0.2451
    },
    {
      "shape": "Cinderella",
      "correlation": 0.2353
    },
    {
      "shape": "Man in a Hole",
      "correlation": -0.0193
    },
    {
      "shape": "Rags to Riches",
      "correlation": -0.2451
    },
    {
      "shape": "Oedipus",
      "correlation": -0.2583
    }
  ],
  "best_shape": "Icarus",
  "best_shape_correlation": 0.4093,
  "peaks": [
    {
      "sample": 3,
      "position": 0.030303030303030304,
      "smoothed": 0.09050745103691679,
      "word_offset": 6774,
      "read_time_min": 27.1,
      "driving_words": [
        {
          "word": "funny",
          "score": 4.0
        },
        {
          "word": "triumph",
          "score": 4.0
        },
        {
          "word": "wonderful",
          "score": 4.0
        },
        {
          "word": "rejoice",
          "score": 4.0
        },
        {
          "word": "supreme",
          "score": 4.0
        },
        {
          "word": "good",
          "score": 3.0
        }
      ]
    },
    {
      "sample": 43,
      "position": 0.43434343434343436,
      "smoothed": 0.12142731820759364,
      "word_offset": 30430,
      "read_time_min": 121.7,
      "driving_words": [
        {
          "word": "funny",
          "score": 4.0
        },
        {
          "word": "wonderful",
          "score": 4.0
        },
        {
          "word": "wonderfully",
          "score": 4.0
        },
        {
          "word": "fantastic",
          "score": 4.0
        },
        {
          "word": "win",
          "score": 4.0
        },
        {
          "word": "rejoicing",
          "score": 4.0
        }
      ]
    },
    {
      "sample": 55,
      "position": 0.5555555555555556,
      "smoothed": 0.08111574709286896,
      "word_offset": 37526,
      "read_time_min": 150.1,
      "driving_words": [
        {
          "word": "funny",
          "score": 4.0
        },
        {
          "word": "brilliant",
          "score": 4.0
        },
        {
          "word": "supreme",
          "score": 4.0
        },
        {
          "word": "fun",
          "score": 4.0
        },
        {
          "word": "wonderful",
          "score": 4.0
        },
        {
          "word": "perfect",
          "score": 3.0
        }
      ]
    }
  ],
  "valleys": [
    {
      "sample": 26,
      "position": 0.26262626262626265,
      "smoothed": 0.0005094751998444077,
      "word_offset": 20376,
      "read_time_min": 81.5,
      "driving_words": [
        {
          "word": "boring",
          "score": -3.0
        },
        {
          "word": "warning",
          "score": -3.0
        },
        {
          "word": "terrible",
          "score": -3.0
        },
        {
          "word": "died",
          "score": -3.0
        },
        {
          "word": "worrying",
          "score": -3.0
        },
        {
          "word": "hideous",
          "score": -3.0
        }
      ]
    },
    {
      "sample": 74,
      "position": 0.7474747474747475,
      "smoothed": -0.0026863986304301924,
      "word_offset": 48762,
      "read_time_min": 195.0,
      "driving_words": [
        {
          "word": "bad",
          "score": -3.0
        },
        {
          "word": "terrible",
          "score": -3.0
        },
        {
          "word": "worries",
          "score": -3.0
        },
        {
          "word": "awful",
          "score": -3.0
        },
        {
          "word": "died",
          "score": -3.0
        },
        {
          "word": "violently",
          "score": -3.0
        }
      ]
    },
    {
      "sample": 96,
      "position": 0.9696969696969697,
      "smoothed": -0.002643747692103209,
      "word_offset": 61773,
      "read_time_min": 247.1,
      "driving_words": [
        {
          "word": "hell",
          "score": -4.0
        },
        {
          "word": "ugliness",
          "score": -3.0
        },
        {
          "word": "dead",