{
  "status": "ok",
  "n_words": 171090,
  "window_size": 10000,
  "reliability": "high",
  "raw": [
    -0.0096,
    0.0164,
    0.0548,
    0.0472,
    0.0568,
    0.0644,
    0.0584,
    0.0952,
    0.0896,
    0.1124,
    0.1176,
    0.1196,
    0.124,
    0.1032,
    0.0812,
    0.0432,
    -0.018,
    -0.024,
    -0.02,
    -0.0292,
    -0.0384,
    -0.016,
    0.0444,
    0.0732,
    0.092,
    0.094,
    0.1084,
    0.112,
    0.144,
    0.1444,
    0.1816,
    0.196,
    0.1656,
    0.1476,
    0.122,
    0.1064,
    0.0388,
    -0.0072,
    0.0172,
    0.0212,
    0.0144,
    0.0584,
    0.0432,
    0.0544,
    0.0596,
    0.0728,
    0.0748,
    0.046,
    0.0376,
    0.0608,
    0.046,
    0.0416,
    0.0252,
    0.0288,
    0.0428,
    0.0488,
    0.0568,
    0.0792,
    0.0884,
    0.0808,
    0.0612,
    0.0348,
    0.0212,
    0.0108,
    -0.0008,
    -0.0012,
    0.0244,
    0.0196,
    0.0084,
    -0.032,
    -0.0416,
    -0.0444,
    -0.0624,
    -0.0424,
    -0.0668,
    -0.062,
    -0.0664,
    -0.092,
    -0.1032,
    -0.1368,
    -0.09,
    -0.0836,
    -0.056,
    -0.0332,
    0.0116,
    0.0696,
    0.088,
    0.1216,
    0.1064,
    0.114,
    0.1192,
    0.0668,
    0.0112,
    -0.0064,
    -0.0276,
    -0.0384,
    -0.0604,
    -0.0268,
    0.0392,
    0.0944
  ],
  "smoothed": [
    0.03485579923590654,
    0.04459008086474215,
    0.0502172789053266,
    0.05283086394676781,
    0.05446654101931887,
    0.05763263306399493,
    0.06458915659699567,
    0.07648414238224592,
    0.09260790315219626,
    0.1101022195566576,
    0.12438712597560748,
    0.13033694300841775,
    0.12392648870701437,
    0.10381125440734479,
    0.07223229202261525,
    0.03481123541177018,
    -0.0008186500639131467,
    -0.02715293510027176,
    -0.03900633086897278,
    -0.03496782364912423,
    -0.017583365637492108,
    0.007797284946182606,
    0.035058469413398304,
    0.05944580923458521,
    0.07895950750167309,
    0.09449703264585248,
    0.10874635460183198,
    0.12434693358582143,
    0.14213495216793987,
    0.16024669502712577,
    0.17448776410860184,
    0.17984019568668438,
    0.17249918973121284,
    0.1516057493715256,
    0.11996161788066174,
    0.08342323306689486,
    0.049196905082694524,
    0.023679694958026118,
    0.010641084438443542,
    0.01037027881227031,
    0.020009036830046508,
    0.034829360353223454,
    0.0498905616608749,
    0.06144248832932518,
    0.06763446152986073,
    0.06843453520292704,
    0.06499626089978865,
    0.05888622670662008,
    0.05154542325247863,
    0.04414682600840622,
    0.037753337854017396,
    0.03351090761048787,
    0.032614255963545793,
    0.035947868230986835,
    0.043538285443843076,
    0.05412464721810517,
    0.06516277626142752,
    0.07340585323730531,
    0.07592758062420293,
    0.07120630437037588,
    0.059799655006437816,
    0.04426778037013697,
    0.0283057605997063,
    0.015392355849485412,
    0.007494126989356853,
    0.004367460996433013,
    0.003762721383049197,
    0.0024519681758679557,
    -0.0023581876005182066,
    -0.011841076617383966,
    -0.025108712192272432,
    -0.0397024468796675,
    -0.05278312744482861,
    -0.06246514440074443,
    -0.06866139723695552,
    -0.07301653376816529,
    -0.07791729047774236,
    -0.08500206065262952,
    -0.09385286239378918,
    -0.10151873321232642,
    -0.10319427481340132,
    -0.09389224847254193,
    -0.0705087082644233,
    -0.03347207077461339,
    0.012713579595087633,
    0.06031917311989266,
    0.10040036695880629,
    0.12529632218186365,
    0.130771500515113,
    0.11709926495701777,
    0.08878316778954698,
    0.053095656141483545,
    0.017994908368676135,
    -0.009876078958869034,
    -0.026527017678009465,
    -0.031022951114704822,
    -0.025032114872088354,
    -0.011851223115347321,
    0.004685841477111177,
    0.021104047679526058
  ],
  "shape_matches": [
    {
      "shape": "Tragedy",
      "correlation": 0.4405
    },
    {
      "shape": "Oedipus",
      "correlation": 0.2104
    },
    {
      "shape": "Icarus",
      "correlation": 0.0578
    },
    {
      "shape": "Cinderella",
      "correlation": -0.2272
    },
    {
      "shape": "Man in a Hole",
      "correlation": -0.4047
    },
    {
      "shape": "Rags to Riches",
      "correlation": -0.4405
    }
  ],
  "best_shape": "Tragedy",
  "best_shape_correlation": 0.4405,
  "peaks": [
    {
      "sample": 11,
      "position": 0.1111111111111111,
      "smoothed": 0.13033694300841775,
      "word_offset": 22899,
      "read_time_min": 91.6,
      "driving_words": [
        {
          "word": "thrilled",
          "score": 5.0
        },
        {
          "word": "superb",
          "score": 5.0
        },
        {
          "word": "miracle",
          "score": 4.0
        },
        {
          "word": "rejoicing",
          "score": 4.0
        },
        {
          "word": "triumph",
          "score": 4.0
        },
        {
          "word": "brilliant",
          "score": 4.0
        }
      ]
    },
    {
      "sample": 31,
      "position": 0.31313131313131315,
      "smoothed": 0.17984019568668438,
      "word_offset": 55442,
      "read_time_min": 221.8,
      "driving_words": [
        {
          "word": "win",
          "score": 4.0
        },
        {
          "word": "masterpiece",
          "score": 4.0
        },
        {
          "word": "love",
          "score": 3.0
        },
        {
          "word": "happiness",
          "score": 3.0
        },
        {
          "word": "faithful",
          "score": 3.0
        },
        {
          "word": "blessing",
          "score": 3.0
        }
      ]
    },
    {
      "sample": 88,
      "position": 0.8888888888888888,
      "smoothed": 0.130771500515113,
      "word_offset": 148191,
      "read_time_min": 592.8,
      "driving_words": [
        {
          "word": "miracle",
          "score": 4.0
        },
        {
          "word": "exuberant",
          "score": 4.0
        },
        {
          "word": "rejoiced",
          "score": 4.0
        },
        {
          "word": "soothe",
          "score": 3.0
        },
        {
          "word": "good",
          "score": 3.0
        },
        {
          "word": "great",
          "score": 3.0
        }
      ]
    }
  ],
  "valleys": [
    {
      "sample": 18,
      "position": 0.18181818181818182,
      "smoothed": -0.03900633086897278,
      "word_offset": 34289,
      "read_time_min": 137.2,
      "driving_words": [
        {
          "word": "cock",
          "score": -5.0
        },
        {
          "word": "tortured",
          "score": -4.0
        },
        {
          "word": "hell",
          "score": -4.0
        },
        {
          "word": "torture",
          "score": -4.0
        },
        {
          "word": "miserable",
          "score": -3.0
        },
        {
          "word": "died",
          "score": -3.0
        }
      ]
    },
    {
      "sample": 80,
      "position": 0.8080808080808081,
      "smoothed": -0.10319427481340132,
      "word_offset": 135174,
      "read_time_min": 540.7,
      "driving_words": [
        {
          "word": "torture",
          "score": -4.0
        },
        {
          "word": "hell",
          "score": -4.0
        },
        {
          "word": "tortured",
          "score": -4.0
        },
        {
          "word": "criminals",
          "score": -3.0
        },
        {
          "word": "mad",
          "score": -3.0
        },
        {
          "word": "died",
          "score": -3.0
        }
      ]
    },
    {
      "sample": 95,
      "position": 0.9595959595959596,
      "smoothed": -0.031022951114704822,
      "word_offset": 159581,
      "read_time_min": 638.3,
      "driving_words": [
        {
          "word": "tortured",
          "score": -4.0
        },
        {
          "word": "torture",
          "score": -4.0
        },
        {
          "word": "damned",