{
  "status": "ok",
  "n_words": 39408,
  "window_size": 10000,
  "reliability": "high",
  "raw": [
    -0.0692,
    -0.0732,
    -0.0692,
    -0.0628,
    -0.0568,
    -0.0536,
    -0.0568,
    -0.0572,
    -0.0496,
    -0.052,
    -0.044,
    -0.0376,
    -0.0336,
    -0.0284,
    -0.0284,
    -0.0332,
    -0.0404,
    -0.0296,
    -0.0272,
    -0.018,
    -0.0164,
    -0.0176,
    -0.0232,
    -0.026,
    -0.0316,
    -0.0248,
    -0.0288,
    -0.0224,
    -0.024,
    -0.024,
    -0.02,
    -0.018,
    -0.0068,
    -0.01,
    0.0056,
    0.0052,
    0.0028,
    -0.0016,
    0.0072,
    -0.0024,
    0.0064,
    0.0024,
    -0.0016,
    -0.0052,
    -0.0048,
    -0.018,
    -0.0284,
    -0.0228,
    -0.022,
    -0.022,
    -0.0396,
    -0.0448,
    -0.0392,
    -0.0496,
    -0.0484,
    -0.0416,
    -0.0508,
    -0.0532,
    -0.042,
    -0.0344,
    -0.0256,
    -0.0248,
    -0.0224,
    -0.0208,
    -0.0264,
    -0.0308,
    -0.024,
    -0.0236,
    -0.026,
    -0.0164,
    -0.0144,
    -0.014,
    -0.0112,
    -0.0084,
    -0.0052,
    -0.0004,
    0.0068,
    0.0024,
    0.0068,
    0.014,
    0.0168,
    -0.0056,
    -0.01,
    -0.0024,
    0.006,
    0.016,
    0.0048,
    0.0028,
    0.0036,
    0.006,
    0.0072,
    0.0152,
    0.0068,
    0.0048,
    -0.0004,
    -0.0024,
    -0.008,
    -0.0104,
    -0.0076,
    -0.0076
  ],
  "smoothed": [
    -0.046979352458443,
    -0.05779948898647649,
    -0.06483543883426661,
    -0.06746962191139864,
    -0.06614179907000749,
    -0.06208864098137381,
    -0.05685414597801786,
    -0.05177322471902253,
    -0.04762058563108193,
    -0.0445299508696683,
    -0.04216722230246059,
    -0.0400400498981374,
    -0.03778714890700436,
    -0.03532493946483566,
    -0.032814156603486,
    -0.03050101823587106,
    -0.028542388956924864,
    -0.026918730841796443,
    -0.02547965862341061,
    -0.02408756315668466,
    -0.022766830385662823,
    -0.021759587640676672,
    -0.021437156949591172,
    -0.0220950630743815,
    -0.02372831693416207,
    -0.025906612297324223,
    -0.027831908329426964,
    -0.028578959591330007,
    -0.02743071824809979,
    -0.02416799062740568,
    -0.019183346962127965,
    -0.013360929008470874,
    -0.0077653442112653815,
    -0.003268113826758765,
    -0.0002693306170635665,
    0.0013693890644539573,
    0.002159042938194925,
    0.002667551913917234,
    0.0032042088525863505,
    0.003652153184559837,
    0.0035261561481935376,
    0.0022261607646384862,
    -0.000636532019976302,
    -0.0049998450184940745,
    -0.010318906970351262,
    -0.015765187193582737,
    -0.02057001890517213,
    -0.02435330611273377,
    -0.027278871555885195,
    -0.029953419139321286,
    -0.033103436949102186,
    -0.03717031853659819,
    -0.04200919308573113,
    -0.046838742804353524,
    -0.0504825357791955,
    -0.05181350577484066,
    -0.0502195488083647,
    -0.04589236939904907,
    -0.0398121074055098,
    -0.03342700260509924,
    -0.028155284844192385,
    -0.02490978380450798,
    -0.02383279684292578,
    -0.024336134766141885,
    -0.02541067139545873,
    -0.02605903694093073,
    -0.025662340715128622,
    -0.02413374381227739,
    -0.021816738715473835,
    -0.019204562562953782,
    -0.01663470970631173,
    -0.014114484969631191,
    -0.011361060059423247,
    -0.008028388305516785,
    -0.003997184318076626,
    0.00043078943828180896,
    0.004549464606102014,
    0.007489744843872961,
    0.00858660273092729,
    0.007704389039290024,
    0.005361463185829213,
    0.0025799911469265645,
    0.0005101674898172015,
    -1.6200062259537905e-05,
    0.0011905104470599343,
    0.0036210061566003043,
    0.0063058391406579165,
    0.008246020009154639,
    0.008843524247654092,
    0.008136327748721296,
    0.006727687633728463,
    0.0054365559778834106,
    0.0048246587013681605,
    0.0048179006835904455,
    0.004606029094690318,
    0.0028876934051391356,
    -0.001622060036869073,
    -0.009623137571737064,
    -0.020836507101158502,
    -0.03395601886538809
  ],
  "shape_matches": [
    {
      "shape": "Rags to Riches",
      "correlation": 0.6365
    },
    {
      "shape": "Man in a Hole",
      "correlation": 0.5748
    },
    {
      "shape": "Cinderella",
      "correlation": 0.4423
    },
    {
      "shape": "Icarus",
      "correlation": 0.1102
    },
    {
      "shape": "Oedipus",
      "correlation": -0.4222
    },
    {
      "shape": "Tragedy",
      "correlation": -0.6365
    }
  ],
  "best_shape": "Rags to Riches",
  "best_shape_correlation": 0.6365,
  "peaks": [
    {
      "sample": 39,
      "position": 0.3939393939393939,
      "smoothed": 0.003652153184559837,
      "word_offset": 16585,
      "read_time_min": 66.3,
      "driving_words": [
        {
          "word": "win",
          "score": 4.0
        },
        {
          "word": "wonderful",
          "score": 4.0
        },
        {
          "word": "fantastic",
          "score": 4.0
        },
        {
          "word": "triumph",
          "score": 4.0
        },
        {
          "word": "ecstatic",
          "score": 4.0
        },
        {
          "word": "brilliant",
          "score": 4.0
        }
      ]
    },
    {
      "sample": 78,
      "position": 0.7878787878787878,
      "smoothed": 0.00858660273092729,
      "word_offset": 28170,
      "read_time_min": 112.7,
      "driving_words": [
        {
          "word": "thrilled",
          "score": 5.0
        },
        {
          "word": "winning",
          "score": 4.0
        },
        {
          "word": "triumph",
          "score": 4.0
        },
        {
          "word": "rapturous",
          "score": 4.0
        },
        {
          "word": "rejoicing",
          "score": 4.0
        },
        {
          "word": "win",
          "score": 4.0
        }
      ]
    },
    {
      "sample": 88,
      "position": 0.8888888888888888,
      "smoothed": 0.008843524247654092,
      "word_offset": 31140,
      "read_time_min": 124.6,
      "driving_words": [
        {
          "word": "thrilled",
          "score": 5.0
        },
        {
          "word": "winning",
          "score": 4.0
        },
        {
          "word": "rapturous",
          "score": 4.0
        },
        {
          "word": "rejoicing",
          "score": 4.0
        },
        {
          "word": "win",
          "score": 4.0
        },
        {
          "word": "supreme",
          "score": 4.0
        }
      ]
    }
  ],
  "valleys": [
    {
      "sample": 3,
      "position": 0.030303030303030304,
      "smoothed": -0.06746962191139864,
      "word_offset": 5891,
      "read_time_min": 23.6,
      "driving_words": [
        {
          "word": "cock",
          "score": -5.0
        },
        {
          "word": "ass",
          "score": -4.0
        },
        {
          "word": "torture",
          "score": -4.0
        },
        {
          "word": "tortured",
          "score": -4.0
        },
        {
          "word": "killing",
          "score": -3.0
        },
        {
          "word": "bankruptcy",
          "score": -3.0
        }
      ]
    },
    {
      "sample": 27,
      "position": 0.2727272727272727,
      "smoothed": -0.028578959591330007,
      "word_offset": 13020,
      "read_time_min": 52.1,
      "driving_words": [
        {
          "word": "cock",
          "score": -5.0
        },
        {
          "word": "torture",
          "score": -4.0
        },
        {
          "word": "tortured",
          "score": -4.0
        },
        {
          "word": "hell",
          "score": -4.0
        },
        {
          "word": "damned",
          "score": -4.0
        },
        {
          "word": "madness",
          "score": -3.0
        }
      ]
    },
    {
      "sample": 55,
      "position": 0.5555555555555556,
      "smoothed": -0.05181350577484066,
      "word_offset": 21338,
      "read_time_min": 85.4,
      "driving_words": [
        {
          "word": "cock",