{
  "status": "ok",
  "n_words": 128288,
  "window_size": 10000,
  "reliability": "high",
  "raw": [
    0.0812,
    0.0788,
    0.0676,
    0.0408,
    0.0512,
    0.0424,
    0.0332,
    0.016,
    0.0116,
    0.0008,
    0.0004,
    0.0068,
    0.0056,
    -0.0148,
    -0.0168,
    -0.0064,
    0.0012,
    -0.0016,
    -0.0048,
    0.0196,
    0.0308,
    0.0432,
    0.0336,
    0.0492,
    0.0348,
    0.0484,
    0.0512,
    0.0388,
    0.0348,
    0.0116,
    0.0276,
    0.0144,
    0.002,
    -0.0072,
    -0.024,
    -0.0012,
    0.0112,
    0.0044,
    -0.008,
    0.0096,
    0.0124,
    0.0144,
    0.0292,
    -0.012,
    -0.0332,
    -0.0352,
    -0.0372,
    -0.026,
    -0.042,
    -0.0312,
    -0.0272,
    0.002,
    0.0364,
    0.0644,
    0.0632,
    0.0708,
    0.068,
    0.0668,
    0.0664,
    0.0624,
    0.0512,
    0.0312,
    0.0408,
    0.0384,
    0.0456,
    0.0128,
    0.0312,
    0.0208,
    0.0064,
    0.0004,
    -0.0016,
    -0.0024,
    -0.0244,
    -0.0312,
    -0.046,
    -0.0284,
    -0.0204,
    -0.0168,
    -0.0204,
    -0.0152,
    0.0268,
    0.0564,
    0.0936,
    0.0792,
    0.1028,
    0.128,
    0.1344,
    0.14,
    0.1232,
    0.0836,
    0.0452,
    0.0324,
    -0.0132,
    -0.0396,
    -0.0772,
    -0.1036,
    -0.1112,
    -0.0884,
    -0.0892,
    -0.092
  ],
  "smoothed": [
    0.014836631968558653,
    0.04736015310348529,
    0.06631289019817856,
    0.07010760756893773,
    0.06121189591309233,
    0.044907291187561,
    0.0272811788060576,
    0.013202900823661184,
    0.004993816341701722,
    0.0021937206601371794,
    0.0023839035065077365,
    0.0026298897530503853,
    0.0009084938737372683,
    -0.003049208704123214,
    -0.007779271312705758,
    -0.010873290666340445,
    -0.010129740276589505,
    -0.004549196084442344,
    0.005235212322833651,
    0.0172282005259384,
    0.028871960572553146,
    0.037993922113920046,
    0.04349243623281362,
    0.045500388916858266,
    0.045017680176094914,
    0.043238024299483396,
    0.0409115515815966,
    0.03803904745840585,
    0.03401751262632443,
    0.028137285029691574,
    0.020169451670763578,
    0.010748066843565733,
    0.001353288637477983,
    -0.0061135834355560675,
    -0.00999048902111273,
    -0.009478919507746947,
    -0.0049826823671616175,
    0.0019634117022612153,
    0.009133104929133263,
    0.014241084128852912,
    0.01554448261306781,
    0.012235772687482332,
    0.004555597136872973,
    -0.006336043955197985,
    -0.018628096989445623,
    -0.030165697476064617,
    -0.03874506151136857,
    -0.04240016068264229,
    -0.039706496979178434,
    -0.0300982679742568,
    -0.014133903884024763,
    0.0064063125056215975,
    0.028705006392638795,
    0.049416145039990894,
    0.0654143136306703,
    0.07458000947469791,
    0.07635811845640009,
    0.07187243324431006,
    0.06352346667056973,
    0.05418771612160184,
    0.046294951148855394,
    0.041115032057362264,
    0.038507633707635665,
    0.03720490812791405,
    0.035484108471743714,
    0.03193551719122899,
    0.02600657273015589,
    0.018116257792735225,
    0.009333616159336963,
    0.0008104671740328162,
    -0.0067379162612031815,
    -0.013246042342364775,
    -0.019104924791742427,
    -0.024667489940361442,
    -0.0297141383210652,
    -0.03317160591975803,
    -0.0332676937071084,
    -0.028100953708045967,
    -0.016402520317262553,
    0.0018369595869268986,
    0.02515656664129693,
    0.0509332865443305,
    0.0760813784889037,
    0.09784046990245618,
    0.11431562412282563,
    0.12455918759088791,
    0.1282156441838952,
    0.12497802954692407,
    0.1142152288804109,
    0.09506114643407472,
    0.06702922743922567,
    0.030927180744395266,
    -0.010367885978171336,
    -0.05174271474587409,
    -0.08656684319814702,
    -0.108225871589549,
    -0.1120314619067255,
    -0.09684568399151389,
    -0.06578341940891759,
    -0.02564309515894956
  ],
  "shape_matches": [
    {
      "shape": "Tragedy",
      "correlation": 0.086
    },
    {
      "shape": "Oedipus",
      "correlation": 0.0574
    },
    {
      "shape": "Icarus",
      "correlation": 0.0509
    },
    {
      "shape": "Man in a Hole",
      "correlation": -0.027
    },
    {
      "shape": "Cinderella",
      "correlation": -0.0601
    },
    {
      "shape": "Rags to Riches",
      "correlation": -0.086
    }
  ],
  "best_shape": "Tragedy",
  "best_shape_correlation": 0.086,
  "peaks": [
    {
      "sample": 3,
      "position": 0.030303030303030304,
      "smoothed": 0.07010760756893773,
      "word_offset": 8584,
      "read_time_min": 34.3,
      "driving_words": [
        {
          "word": "ecstatic",
          "score": 4.0
        },
        {
          "word": "funny",
          "score": 4.0
        },
        {
          "word": "heavenly",
          "score": 4.0
        },
        {
          "word": "pleased",
          "score": 3.0
        },
        {
          "word": "pleasure",
          "score": 3.0
        },
        {
          "word": "perfectly",
          "score": 3.0
        }
      ]
    },
    {
      "sample": 56,
      "position": 0.5656565656565656,
      "smoothed": 0.07635811845640009,
      "word_offset": 71910,
      "read_time_min": 287.6,
      "driving_words": [
        {
          "word": "rejoices",
          "score": 4.0
        },
        {
          "word": "rapturous",
          "score": 4.0
        },
        {
          "word": "win",
          "score": 4.0
        },
        {
          "word": "wonderful",
          "score": 4.0
        },
        {
          "word": "wonderfully",
          "score": 4.0
        },
        {
          "word": "joy",
          "score": 3.0
        }
      ]
    },
    {
      "sample": 86,
      "position": 0.8686868686868687,
      "smoothed": 0.1282156441838952,
      "word_offset": 107755,
      "read_time_min": 431.0,
      "driving_words": [
        {
          "word": "superb",
          "score": 5.0
        },
        {
          "word": "fun",
          "score": 4.0
        },
        {
          "word": "triumph",
          "score": 4.0
        },
        {
          "word": "funny",
          "score": 4.0
        },
        {
          "word": "wonderfully",
          "score": 4.0
        },
        {
          "word": "funnier",
          "score": 4.0
        }
      ]
    }
  ],
  "valleys": [
    {
      "sample": 47,
      "position": 0.47474747474747475,
      "smoothed": -0.04240016068264229,
      "word_offset": 61157,
      "read_time_min": 244.6,
      "driving_words": [
        {
          "word": "looses",
          "score": -3.0
        },
        {
          "word": "slave",
          "score": -3.0
        },
        {
          "word": "worse",
          "score": -3.0
        },
        {
          "word": "crisis",
          "score": -3.0
        },
        {
          "word": "catastrophe",
          "score": -3.0
        },
        {
          "word": "arrested",
          "score": -3.0
        }
      ]
    },
    {
      "sample": 76,
      "position": 0.7676767676767676,
      "smoothed": -0.0332676937071084,
      "word_offset": 95807,
      "read_time_min": 383.2,
      "driving_words": [
        {
          "word": "miserable",
          "score": -3.0
        },
        {
          "word": "disgust",
          "score": -3.0
        },
        {
          "word": "horrible",
          "score": -3.0
        },
        {
          "word": "desperately",
          "score": -3.0
        },
        {
          "word": "murderous",
          "score": -3.0
        },
        {
          "word": "cruelty",
          "score": -3.0
        }
      ]
    },
    {
      "sample": 96,
      "position": 0.9696969696969697,
      "smoothed": -0.1120314619067255,
      "word_offset": 119704,
      "read_time_min": 478.8,
      "driving_words": [
        {
          "word": "torturing",
          "score": -4.0
        },
        {
          "word": "dead",