{
  "status": "ok",
  "n_words": 104759,
  "window_size": 10000,
  "reliability": "high",
  "raw": [
    0.1348,
    0.1172,
    0.1112,
    0.1028,
    0.1124,
    0.1272,
    0.146,
    0.1568,
    0.1624,
    0.1532,
    0.1388,
    0.1536,
    0.154,
    0.1648,
    0.1768,
    0.1668,
    0.16,
    0.1556,
    0.1344,
    0.1168,
    0.126,
    0.1272,
    0.1192,
    0.1128,
    0.132,
    0.1176,
    0.112,
    0.1128,
    0.1016,
    0.1024,
    0.104,
    0.1008,
    0.0736,
    0.068,
    0.054,
    0.0408,
    0.0636,
    0.0572,
    0.0488,
    0.032,
    0.0424,
    0.058,
    0.0768,
    0.0792,
    0.0732,
    0.076,
    0.0596,
    0.062,
    0.0688,
    0.0852,
    0.096,
    0.0728,
    0.0484,
    0.0552,
    0.0716,
    0.0708,
    0.1012,
    0.1156,
    0.1188,
    0.122,
    0.1248,
    0.1144,
    0.148,
    0.1488,
    0.1524,
    0.1592,
    0.1256,
    0.0912,
    0.0972,
    0.0932,
    0.0996,
    0.0972,
    0.0932,
    0.0756,
    0.062,
    0.0488,
    0.0416,
    0.0224,
    0.008,
    -0.0216,
    -0.0592,
    -0.0568,
    -0.0676,
    -0.0888,
    -0.0984,
    -0.0996,
    -0.0676,
    -0.0308,
    0.01,
    0.0212,
    0.0248,
    0.024,
    0.048,
    0.0592,
    0.0988,
    0.1096,
    0.0892,
    0.078,
    0.0888,
    0.1152
  ],
  "smoothed": [
    0.1093467074076942,
    0.11052551616315809,
    0.11298872626296279,
    0.11744950621465343,
    0.1238273355255099,
    0.13131418747147605,
    0.13874246555312453,
    0.14508308490614744,
    0.14984535027926035,
    0.15319904004866253,
    0.15577023829392553,
    0.15821536789521165,
    0.16078228469478892,
    0.16307522933763685,
    0.1641479572817372,
    0.1628982243278791,
    0.15859541841178457,
    0.15130563005505326,
    0.14201580338084083,
    0.13238480259421842,
    0.1242086843073396,
    0.11881008881621184,
    0.11659415514838928,
    0.11694267084757391,
    0.11847665301065316,
    0.11956785942793217,
    0.11888640604310641,
    0.11577259015822178,
    0.110311348645009,
    0.10312346413761908,
    0.09500640320276435,
    0.08660765422666511,
    0.0782762142493257,
    0.07013567553233441,
    0.06230644270330224,
    0.05513064491942521,
    0.04925536675021542,
    0.045504996394071906,
    0.04458406248616175,
    0.04674377870629874,
    0.051573914593273165,
    0.05803229268720645,
    0.06471988875712145,
    0.07029896679666721,
    0.0738866811084709,
    0.07526751483011845,
    0.07484959874320816,
    0.07340412243072975,
    0.07172046555664709,
    0.07033912510482482,
    0.06947708360096808,
    0.06915935929585994,
    0.06946476615069176,
    0.07073436365194254,
    0.07360688995034886,
    0.07883013021157301,
    0.08691123271667889,
    0.09775834703410333,
    0.11048713461165367,
    0.12350632154931454,
    0.13488141247540503,
    0.14285595999803785,
    0.1463391733274298,
    0.1451790319542416,
    0.14012679925467456,
    0.13252298109795702,
    0.12384119710298175,
    0.11526919880990004,
    0.10746963799296942,
    0.10056832029477798,
    0.09431200426959092,
    0.08827209193626882,
    0.0819745429553247,
    0.07490452705359767,
    0.06642875753543341,
    0.05574735627405711,
    0.04199063039617889,
    0.02450687688909928,
    0.0032755691396452935,
    -0.02071899675961231,
    -0.04535134934057557,
    -0.06759358167311844,
    -0.08413036016133184,
    -0.09219220377578818,
    -0.0903368775902187,
    -0.07889766801279793,
    -0.059920407450812715,
    -0.0365924108187791,
    -0.012354480113377935,
    0.009995324109045836,
    0.028899885661509823,
    0.044159306901796674,
    0.05657322507604683,
    0.06729898187033947,
    0.07721256601794367,
    0.08653378498047695,
    0.09484403548623181,
    0.10144494768070761,
    0.10585835853799426,
    0.10821561541699681
  ],
  "shape_matches": [
    {
      "shape": "Tragedy",
      "correlation": 0.5939
    },
    {
      "shape": "Oedipus",
      "correlation": 0.3679
    },
    {
      "shape": "Icarus",
      "correlation": -0.0334
    },
    {
      "shape": "Cinderella",
      "correlation": -0.3876
    },
    {
      "shape": "Man in a Hole",
      "correlation": -0.5527
    },
    {
      "shape": "Rags to Riches",
      "correlation": -0.5939
    }
  ],
  "best_shape": "Tragedy",
  "best_shape_correlation": 0.5939,
  "peaks": [
    {
      "sample": 14,
      "position": 0.1414141414141414,
      "smoothed": 0.1641479572817372,
      "word_offset": 18400,
      "read_time_min": 73.6,
      "driving_words": [
        {
          "word": "funny",
          "score": 4.0
        },
        {
          "word": "fun",
          "score": 4.0
        },
        {
          "word": "triumph",
          "score": 4.0
        },
        {
          "word": "winner",
          "score": 4.0
        },
        {
          "word": "rejoicing",
          "score": 4.0
        },
        {
          "word": "wonderful",
          "score": 4.0
        }
      ]
    },
    {
      "sample": 25,
      "position": 0.25252525252525254,
      "smoothed": 0.11956785942793217,
      "word_offset": 28929,
      "read_time_min": 115.7,
      "driving_words": [
        {
          "word": "fun",
          "score": 4.0
        },
        {
          "word": "win",
          "score": 4.0
        },
        {
          "word": "winning",
          "score": 4.0
        },
        {
          "word": "won't",
          "score": 3.0
        },
        {
          "word": "nice",
          "score": 3.0
        },
        {
          "word": "good",
          "score": 3.0
        }
      ]
    },
    {
      "sample": 62,
      "position": 0.6262626262626263,
      "smoothed": 0.1463391733274298,
      "word_offset": 64344,
      "read_time_min": 257.4,
      "driving_words": [
        {
          "word": "wonderfully",
          "score": 4.0
        },
        {
          "word": "rejoiced",
          "score": 4.0
        },
        {
          "word": "pleasant",
          "score": 3.0
        },
        {
          "word": "impressed",
          "score": 3.0
        },
        {
          "word": "glad",
          "score": 3.0
        },
        {
          "word": "joy",
          "score": 3.0
        }
      ]
    }
  ],
  "valleys": [
    {
      "sample": 38,
      "position": 0.3838383838383838,
      "smoothed": 0.04458406248616175,
      "word_offset": 41372,
      "read_time_min": 165.5,
      "driving_words": [
        {
          "word": "dead",
          "score": -3.0
        },
        {
          "word": "ugly",
          "score": -3.0
        },
        {
          "word": "killed",
          "score": -3.0
        },
        {
          "word": "bad",
          "score": -3.0
        },
        {
          "word": "hate",
          "score": -3.0
        },
        {
          "word": "horrible",
          "score": -3.0
        }
      ]
    },
    {
      "sample": 51,
      "position": 0.5151515151515151,
      "smoothed": 0.06915935929585994,
      "word_offset": 53815,
      "read_time_min": 215.3,
      "driving_words": [
        {
          "word": "cheated",
          "score": -3.0
        },
        {
          "word": "loose",
          "score": -3.0
        },
        {
          "word": "dying",
          "score": -3.0
        },
        {
          "word": "worry",
          "score": -3.0
        },
        {
          "word": "terror",
          "score": -3.0
        },
        {
          "word": "desperate",
          "score": -3.0
        }
      ]
    },
    {
      "sample": 83,
      "position": 0.8383838383838383,
      "smoothed": -0.09219220377578818,
      "word_offset": 84444,
      "read_time_min": 337.8,
      "driving_words": [
        {
          "word": "hell",
          "score": -4.0
        },
        {
          "word": "bad",
          "score": -3.0
        },
        {
          "word": "dead",
          "score": -3.0
        },
        {
          "word": "ugly",