{
  "status": "ok",
  "n_words": 126545,
  "window_size": 10000,
  "reliability": "high",
  "raw": [
    0.1092,
    0.128,
    0.1344,
    0.1464,
    0.1628,
    0.1792,
    0.1488,
    0.1444,
    0.1196,
    0.1144,
    0.1172,
    0.114,
    0.1144,
    0.1072,
    0.1112,
    0.1216,
    0.0876,
    0.0912,
    0.102,
    0.1024,
    0.1104,
    0.1116,
    0.0712,
    0.0276,
    0.0396,
    0.0492,
    0.0348,
    0.0264,
    0.0344,
    0.0376,
    0.0444,
    0.078,
    0.082,
    0.0904,
    0.1008,
    0.0944,
    0.0904,
    0.0584,
    0.0728,
    0.05,
    0.0444,
    0.0628,
    0.0596,
    0.0588,
    0.074,
    0.0936,
    0.1,
    0.1296,
    0.1412,
    0.1572,
    0.166,
    0.1832,
    0.1812,
    0.162,
    0.1636,
    0.1572,
    0.1392,
    0.1436,
    0.108,
    0.0872,
    0.0684,
    0.0892,
    0.1152,
    0.0984,
    0.0928,
    0.0928,
    0.0752,
    0.0948,
    0.0996,
    0.1024,
    0.0892,
    0.0992,
    0.1028,
    0.1148,
    0.1052,
    0.1124,
    0.0988,
    0.0976,
    0.082,
    0.0776,
    0.0768,
    0.0708,
    0.0388,
    0.0256,
    0.0196,
    0.0196,
    0.0068,
    -0.0188,
    -0.0276,
    -0.0304,
    -0.0124,
    0.014,
    0.034,
    0.0656,
    0.0768,
    0.0808,
    0.1176,
    0.1292,
    0.1308,
    0.1544
  ],
  "smoothed": [
    0.13124401523104703,
    0.1367378013603895,
    0.14370341420560567,
    0.15046022743451856,
    0.154930160411974,
    0.15548212852894594,
    0.151554478225019,
    0.14384023022635348,
    0.13400386071661755,
    0.12407973015031047,
    0.11580907332187607,
    0.11016751302672934,
    0.10722956483906687,
    0.10636281120574975,
    0.10661128030918365,
    0.10707036088558222,
    0.10709284154498598,
    0.1062729410260734,
    0.10427791460500846,
    0.10067589333891949,
    0.09490725180393567,
    0.08646667853067927,
    0.07524297808549495,
    0.061861285875783614,
    0.04783838864709994,
    0.035416562776762715,
    0.027065411238889184,
    0.024783554015201697,
    0.029431858723195523,
    0.040342685035537694,
    0.055366309774931344,
    0.07136669674705004,
    0.08502131584389519,
    0.09367429050450742,
    0.0959780331021107,
    0.09213859980950975,
    0.08372084499245366,
    0.07311607287881185,
    0.06287333140188783,
    0.05511387304715337,
    0.05118763755108742,
    0.05162183283343677,
    0.05630100974863011,
    0.06474741812615556,
    0.07636160317340156,
    0.09053119994644697,
    0.10659401736410981,
    0.12371442291898664,
    0.1407707849146853,
    0.1563444061709001,
    0.1688546746695891,
    0.17682272991691164,
    0.17919216300917157,
    0.17560907838815853,
    0.16657185266221716,
    0.15339724979716957,
    0.1380002880346413,
    0.12253468198866607,
    0.10897629355572043,
    0.09874677854363832,
    0.09246667356704454,
    0.0898985592116975,
    0.09009668058356056,
    0.09172759600189871,
    0.09347845435676583,
    0.0944389755911019,
    0.09434253119072615,
    0.09358689707461398,
    0.09302107353289621,
    0.09356312645401106,
    0.09577859643975266,
    0.09957322277342075,
    0.1041226182751281,
    0.10808022699424047,
    0.10999982609927901,
    0.10881978643717527,
    0.10422134109812753,
    0.09671203819907714,
    0.0873892198939853,
    0.07746928034757838,
    0.06777382533634507,
    0.05839671054080307,
    0.048715828805299836,
    0.03777775440493887,
    0.02492294823950716,
    0.010400024194138578,
    -0.004306518925032989,
    -0.016621442868914763,
    -0.023508270896497204,
    -0.02239944153082255,
    -0.012106029571962865,
    0.006634262654684089,
    0.03119999941314583,
    0.057741847288249326,
    0.08224839588581132,
    0.10166308390951591,
    0.11466875764027798,
    0.12187503173213016,
    0.1253613973283053,
    0.1277627255554251
  ],
  "shape_matches": [
    {
      "shape": "Tragedy",
      "correlation": 0.3432
    },
    {
      "shape": "Oedipus",
      "correlation": 0.0989
    },
    {
      "shape": "Icarus",
      "correlation": 0.0431
    },
    {
      "shape": "Cinderella",
      "correlation": -0.1144
    },
    {
      "shape": "Man in a Hole",
      "correlation": -0.2447
    },
    {
      "shape": "Rags to Riches",
      "correlation": -0.3432
    }
  ],
  "best_shape": "Tragedy",
  "best_shape_correlation": 0.3432,
  "peaks": [
    {
      "sample": 5,
      "position": 0.050505050505050504,
      "smoothed": 0.15548212852894594,
      "word_offset": 10886,
      "read_time_min": 43.5,
      "driving_words": [
        {
          "word": "triumphant",
          "score": 4.0
        },
        {
          "word": "fun",
          "score": 4.0
        },
        {
          "word": "godsend",
          "score": 4.0
        },
        {
          "word": "good",
          "score": 3.0
        },
        {
          "word": "happy",
          "score": 3.0
        },
        {
          "word": "luck",
          "score": 3.0
        }
      ]
    },
    {
      "sample": 52,
      "position": 0.5252525252525253,
      "smoothed": 0.17919216300917157,
      "word_offset": 66216,
      "read_time_min": 264.9,
      "driving_words": [
        {
          "word": "win",
          "score": 4.0
        },
        {
          "word": "miracle",
          "score": 4.0
        },
        {
          "word": "victories",
          "score": 3.0
        },
        {
          "word": "great",
          "score": 3.0
        },
        {
          "word": "affection",
          "score": 3.0
        },
        {
          "word": "best",
          "score": 3.0
        }
      ]
    },
    {
      "sample": 74,
      "position": 0.7474747474747475,
      "smoothed": 0.10999982609927901,
      "word_offset": 92114,
      "read_time_min": 368.5,
      "driving_words": [
        {
          "word": "brilliant",
          "score": 4.0
        },
        {
          "word": "triumph",
          "score": 4.0
        },
        {
          "word": "win",
          "score": 4.0
        },
        {
          "word": "winning",
          "score": 4.0
        },
        {
          "word": "good",
          "score": 3.0
        },
        {
          "word": "merry",
          "score": 3.0
        }
      ]
    }
  ],
  "valleys": [
    {
      "sample": 27,
      "position": 0.2727272727272727,
      "smoothed": 0.024783554015201697,
      "word_offset": 36785,
      "read_time_min": 147.1,
      "driving_words": [
        {
          "word": "bitch",
          "score": -5.0
        },
        {
          "word": "cock",
          "score": -5.0
        },
        {
          "word": "dick",
          "score": -4.0
        },
        {
          "word": "damned",
          "score": -4.0
        },
        {
          "word": "lost",
          "score": -3.0
        },
        {
          "word": "dead",
          "score": -3.0
        }
      ]
    },
    {
      "sample": 40,
      "position": 0.40404040404040403,
      "smoothed": 0.05118763755108742,
      "word_offset": 52089,
      "read_time_min": 208.4,
      "driving_words": [
        {
          "word": "bitch",
          "score": -5.0
        },
        {
          "word": "cock",
          "score": -5.0
        },
        {
          "word": "hell",
          "score": -4.0
        },
        {
          "word": "damned",
          "score": -4.0
        },
        {
          "word": "hell's",
          "score": -4.0
        },
        {
          "word": "nasty",
          "score": -3.0
        }
      ]
    },
    {
      "sample": 88,
      "position": 0.8888888888888888,
      "smoothed": -0.023508270896497204,
      "word_offset": 108596,
      "read_time_min": 434.4,
      "driving_words": [
        {
          "word": "damned",
          "score": -4.0
        },
        {
          "word": "hell",
          "score": -4.0
        },
        {
          "word": "ass",
          "score": -4.0
        },
        {
          "word": "dead",