{
  "status": "ok",
  "n_words": 72890,
  "window_size": 10000,
  "reliability": "high",
  "raw": [
    -0.0748,
    -0.0812,
    -0.09,
    -0.094,
    -0.088,
    -0.1052,
    -0.0976,
    -0.0908,
    -0.0664,
    -0.0624,
    -0.0452,
    -0.052,
    -0.0552,
    -0.036,
    -0.0468,
    -0.0236,
    -0.0032,
    0.0036,
    0.0016,
    -0.0016,
    0.0088,
    0.0116,
    0.012,
    -0.0164,
    -0.0308,
    -0.0412,
    -0.048,
    -0.0428,
    -0.0348,
    -0.0428,
    -0.0256,
    -0.0344,
    -0.036,
    -0.0428,
    -0.04,
    -0.0308,
    -0.0388,
    -0.0388,
    -0.026,
    -0.0116,
    0.0024,
    0.0124,
    0.0216,
    0.0284,
    0.0304,
    0.05,
    0.048,
    0.0496,
    0.03,
    0.0324,
    0.024,
    0.0044,
    0.01,
    -0.0012,
    -0.0216,
    -0.0292,
    -0.0524,
    -0.068,
    -0.078,
    -0.0832,
    -0.0756,
    -0.0816,
    -0.0808,
    -0.058,
    -0.0564,
    -0.032,
    -0.032,
    -0.0212,
    -0.0184,
    -0.0012,
    0.0052,
    0.0192,
    0.0312,
    0.042,
    0.0348,
    0.0368,
    0.038,
    0.0364,
    0.038,
    0.0256,
    0.0264,
    0.0284,
    0.0248,
    0.0132,
    0.0108,
    -0.0024,
    0.0012,
    -0.0108,
    -0.0088,
    -0.0236,
    -0.0164,
    -0.0032,
    -0.0236,
    -0.0128,
    -0.0164,
    -0.0168,
    -0.0228,
    -0.0344,
    -0.0384,
    -0.0164
  ],
  "smoothed": [
    -0.05907098459111466,
    -0.07316330713499611,
    -0.08638152630963099,
    -0.09647999198464517,
    -0.1015478362186973,
    -0.10065005279845327,
    -0.09420847522537934,
    -0.0839397164051805,
    -0.07233038129196503,
    -0.06181612511016913,
    -0.05396228514787027,
    -0.048960923610529374,
    -0.045648837082734074,
    -0.04205321894574988,
    -0.03626405147782162,
    -0.02729909439516514,
    -0.01562391154849097,
    -0.003118947987713259,
    0.007502478449044546,
    0.013611191637314595,
    0.013574225937658155,
    0.007328383778591765,
    -0.003585238003119984,
    -0.01652204367948711,
    -0.02857234950144381,
    -0.03742962781545907,
    -0.04199152443225713,
    -0.042515528135819186,
    -0.040324521806516814,
    -0.037214709247708325,
    -0.03480200386902523,
    -0.03403015920654268,
    -0.034972487982294374,
    -0.03693547064422211,
    -0.038769526998297714,
    -0.03924571924595213,
    -0.03737363781862869,
    -0.032593790723761146,
    -0.024842203273624918,
    -0.014525110775366057,
    -0.0024457806558444805,
    0.010296435622894463,
    0.02243953043570747,
    0.03273540493116436,
    0.0401600415249594,
    0.04411297005892637,
    0.044536177367112496,
    0.04188862371277675,
    0.036957039003774846,
    0.03055202594989559,
    0.023199601724749223,
    0.014959224977750613,
    0.005462416055457611,
    -0.005820084665596841,
    -0.019176283589540044,
    -0.034281521087229636,
    -0.05002906604322858,
    -0.06466482126823761,
    -0.07620800638608101,
    -0.08301755046045052,
    -0.0842931478881362,
    -0.08031421592940634,
    -0.07231741428091262,
    -0.06205563085726656,
    -0.05120922674175667,
    -0.040879197841038696,
    -0.03135569466793884,
    -0.022238612081925953,
    -0.012839192120585523,
    -0.0026759371856926962,
    0.008156048165160681,
    0.01890198574707806,
    0.02838142421919787,
    0.0354304531147562,
    0.03935392467832064,
    0.04018871453069909,
    0.03866566133576216,
    0.035892081594478105,
    0.03289851194983798,
    0.03024902917051121,
    0.02788091727550393,
    0.025233573369523667,
    0.021597235092417007,
    0.016517589196946004,
    0.010073757727870628,
    0.0029104604020445514,
    -0.003980931015539706,
    -0.009626504406903642,
    -0.01341503522144869,
    -0.015279671233842836,
    -0.015655925838832924,
    -0.015262917906663967,
    -0.014832408908189428,
    -0.014921727825445999,
    -0.015888449403595583,
    -0.018007596920619078,
    -0.02162667765911052,
    -0.027225477533616486,
    -0.03529396794288734,
    -0.04604314274448984
  ],
  "shape_matches": [
    {
      "shape": "Man in a Hole",
      "correlation": 0.4903
    },
    {
      "shape": "Cinderella",
      "correlation": 0.4606
    },
    {
      "shape": "Rags to Riches",
      "correlation": 0.42
    },
    {
      "shape": "Icarus",
      "correlation": 0.317
    },
    {
      "shape": "Tragedy",
      "correlation": -0.42
    },
    {
      "shape": "Oedipus",
      "correlation": -0.4537
    }
  ],
  "best_shape": "Man in a Hole",
  "best_shape_correlation": 0.4903,
  "peaks": [
    {
      "sample": 19,
      "position": 0.1919191919191919,
      "smoothed": 0.013611191637314595,
      "word_offset": 17070,
      "read_time_min": 68.3,
      "driving_words": [
        {
          "word": "wonderful",
          "score": 4.0
        },
        {
          "word": "best",
          "score": 3.0
        },
        {
          "word": "good",
          "score": 3.0
        },
        {
          "word": "excited",
          "score": 3.0
        },
        {
          "word": "love",
          "score": 3.0
        },
        {
          "word": "perfection",
          "score": 3.0
        }
      ]
    },
    {
      "sample": 46,
      "position": 0.46464646464646464,
      "smoothed": 0.044536177367112496,
      "word_offset": 34222,
      "read_time_min": 136.9,
      "driving_words": [
        {
          "word": "triumphant",
          "score": 4.0
        },
        {
          "word": "wonderful",
          "score": 4.0
        },
        {
          "word": "gracious",
          "score": 3.0
        },
        {
          "word": "good",
          "score": 3.0
        },
        {
          "word": "happy",
          "score": 3.0
        },
        {
          "word": "pleased",
          "score": 3.0
        }
      ]
    },
    {
      "sample": 75,
      "position": 0.7575757575757576,
      "smoothed": 0.04018871453069909,
      "word_offset": 52644,
      "read_time_min": 210.6,
      "driving_words": [
        {
          "word": "wonderful",
          "score": 4.0
        },
        {
          "word": "brilliant",
          "score": 4.0
        },
        {
          "word": "great",
          "score": 3.0
        },
        {
          "word": "happy",
          "score": 3.0
        },
        {
          "word": "glad",
          "score": 3.0
        },
        {
          "word": "good",
          "score": 3.0
        }
      ]
    }
  ],
  "valleys": [
    {
      "sample": 4,
      "position": 0.04040404040404041,
      "smoothed": -0.1015478362186973,
      "word_offset": 7541,
      "read_time_min": 30.2,
      "driving_words": [
        {
          "word": "terrible",
          "score": -3.0
        },
        {
          "word": "inexorable",
          "score": -3.0
        },
        {
          "word": "destruction",
          "score": -3.0
        },
        {
          "word": "lost",
          "score": -3.0
        },
        {
          "word": "bad",
          "score": -3.0
        },
        {
          "word": "terror",
          "score": -3.0
        }
      ]
    },
    {
      "sample": 27,
      "position": 0.2727272727272727,
      "smoothed": -0.042515528135819186,
      "word_offset": 22152,
      "read_time_min": 88.6,
      "driving_words": [
        {
          "word": "bad",
          "score": -3.0
        },
        {
          "word": "dead",
          "score": -3.0
        },
        {
          "word": "worried",
          "score": -3.0
        },
        {
          "word": "loss",
          "score": -3.0
        },
        {
          "word": "terribly",
          "score": -3.0
        },
        {
          "word": "destroying",
          "score": -3.0
        }
      ]
    },
    {
      "sample": 60,
      "position": 0.6060606060606061,
      "smoothed": -0.0842931478881362,
      "word_offset": 43115,
      "read_time_min": 172.5,
      "driving_words": [
        {
          "word": "defective",