{
  "status": "ok",
  "n_words": 138211,
  "window_size": 10000,
  "reliability": "high",
  "raw": [
    0.0428,
    0.0188,
    0.0436,
    0.034,
    0.0084,
    -0.004,
    0.0368,
    0.0564,
    0.0772,
    0.0692,
    0.066,
    0.092,
    0.1156,
    0.1164,
    0.0804,
    0.0848,
    0.0812,
    0.0456,
    0.0608,
    0.038,
    0.0296,
    0.0404,
    0.0468,
    0.0504,
    0.0544,
    0.0824,
    0.0812,
    0.0936,
    0.0808,
    0.0668,
    0.046,
    0.024,
    0.0312,
    0.0288,
    0.0284,
    0.0228,
    0.034,
    0.0412,
    0.0196,
    0.03,
    0.022,
    0.0248,
    0.024,
    0.0276,
    0.0184,
    0.0344,
    0.066,
    0.0552,
    0.0496,
    0.034,
    0.0464,
    0.0356,
    0.0352,
    0.032,
    0.066,
    0.0688,
    0.0716,
    0.0928,
    0.0888,
    0.088,
    0.1008,
    0.1084,
    0.078,
    0.0788,
    0.076,
    0.0724,
    0.0836,
    0.0524,
    0.04,
    0.0324,
    0.0448,
    0.0364,
    0.034,
    0.0188,
    0.0252,
    0.03,
    0.0404,
    0.0272,
    -0.0064,
    -0.0316,
    -0.038,
    -0.0392,
    -0.0656,
    -0.0768,
    -0.1004,
    -0.0796,
    -0.0852,
    -0.0724,
    -0.0864,
    -0.0988,
    -0.074,
    -0.0708,
    -0.074,
    -0.0776,
    -0.074,
    -0.0944,
    -0.0824,
    -0.0568,
    -0.0568,
    -0.0588
  ],
  "smoothed": [
    0.001432057963910327,
    0.017772971210481634,
    0.02681073340651466,
    0.029294723012142226,
    0.028157055727039363,
    0.0273846330003357,
    0.030541974924326275,
    0.03950120217506745,
    0.053835388301124824,
    0.07105705335270088,
    0.08755329031019453,
    0.0998196115641223,
    0.10552207859021259,
    0.10403762899721807,
    0.0963688757633566,
    0.08458607810893144,
    0.07110455683815672,
    0.05810400946740403,
    0.04725709142991495,
    0.039740934356903956,
    0.03635937732276331,
    0.03757715236633091,
    0.04336662644559382,
    0.05293279629981204,
    0.06451752164686193,
    0.07550754931658184,
    0.08295725822600013,
    0.08443279006441433,
    0.07888795539494185,
    0.0671980216581967,
    0.052062889956400904,
    0.03722581316961527,
    0.026243306308938674,
    0.021257668713028918,
    0.022260942332009172,
    0.02716754885662085,
    0.03269403863720691,
    0.03570938463707413,
    0.03451279725879118,
    0.02951258642511826,
    0.02301964626738146,
    0.018235974824860002,
    0.017858109240225333,
    0.022881871744876114,
    0.032114901720959974,
    0.04260865210668607,
    0.05083589586194331,
    0.05412687511389445,
    0.051769673803091554,
    0.04532280832051455,
    0.03801812171344673,
    0.0335082056196575,
    0.03447547905164646,
    0.04166144980051452,
    0.05368292325153231,
    0.067664980200798,
    0.08038577278780153,
    0.08943719405392024,
    0.09393311642517631,
    0.09452099915659509,
    0.09276703743702681,
    0.09024884262727711,
    0.08779046647779264,
    0.08517673109420075,
    0.08144110183757192,
    0.07554955819228998,
    0.06712578223166558,
    0.056856386030317674,
    0.04637469212298581,
    0.03766857302669425,
    0.03227652076368842,
    0.030628358666457,
    0.031816030306725106,
    0.03388451502315761,
    0.034506733333791416,
    0.031752545703239106,
    0.024645583231822876,
    0.01332109011434345,
    -0.0012111163252525436,
    -0.017525971725229243,
    -0.03422371437636926,
    -0.05016685815348524,
    -0.06447167906056604,
    -0.07636186552824607,
    -0.08506754388943272,
    -0.08991411875454083,
    -0.09061300906300117,
    -0.08761236088498267,
    -0.08227735766795702,
    -0.07670452888377993,
    -0.07312917404369455,
    -0.0730930282435667,
    -0.07669974203673657,
    -0.08231124551600293,
    -0.08689865647633516,
    -0.08700348004569593,
    -0.07999489732767728,
    -0.06514797950180147,
    -0.04409651438351547,
    -0.020434330935068242
  ],
  "shape_matches": [
    {
      "shape": "Tragedy",
      "correlation": 0.642
    },
    {
      "shape": "Icarus",
      "correlation": 0.5001
    },
    {
      "shape": "Oedipus",
      "correlation": 0.031
    },
    {
      "shape": "Cinderella",
      "correlation": -0.0655
    },
    {
      "shape": "Man in a Hole",
      "correlation": -0.3569
    },
    {
      "shape": "Rags to Riches",
      "correlation": -0.642
    }
  ],
  "best_shape": "Tragedy",
  "best_shape_correlation": 0.642,
  "peaks": [
    {
      "sample": 12,
      "position": 0.12121212121212122,
      "smoothed": 0.10552207859021259,
      "word_offset": 20541,
      "read_time_min": 82.2,
      "driving_words": [
        {
          "word": "amazing",
          "score": 4.0
        },
        {
          "word": "triumph",
          "score": 4.0
        },
        {
          "word": "brilliant",
          "score": 4.0
        },
        {
          "word": "terrific",
          "score": 4.0
        },
        {
          "word": "wonderful",
          "score": 4.0
        },
        {
          "word": "fantastic",
          "score": 4.0
        }
      ]
    },
    {
      "sample": 27,
      "position": 0.2727272727272727,
      "smoothed": 0.08443279006441433,
      "word_offset": 39967,
      "read_time_min": 159.9,
      "driving_words": [
        {
          "word": "brilliant",
          "score": 4.0
        },
        {
          "word": "wonderful",
          "score": 4.0
        },
        {
          "word": "fun",
          "score": 4.0
        },
        {
          "word": "nice",
          "score": 3.0
        },
        {
          "word": "devoted",
          "score": 3.0
        },
        {
          "word": "grateful",
          "score": 3.0
        }
      ]
    },
    {
      "sample": 59,
      "position": 0.5959595959595959,
      "smoothed": 0.09452099915659509,
      "word_offset": 81409,
      "read_time_min": 325.6,
      "driving_words": [
        {
          "word": "win",
          "score": 4.0
        },
        {
          "word": "winning",
          "score": 4.0
        },
        {
          "word": "masterpiece",
          "score": 4.0
        },
        {
          "word": "fun",
          "score": 4.0
        },
        {
          "word": "brilliant",
          "score": 4.0
        },
        {
          "word": "fantastic",
          "score": 4.0
        }
      ]
    }
  ],
  "valleys": [
    {
      "sample": 42,
      "position": 0.42424242424242425,
      "smoothed": 0.017858109240225333,
      "word_offset": 59393,
      "read_time_min": 237.6,
      "driving_words": [
        {
          "word": "torturing",
          "score": -4.0
        },
        {
          "word": "fraud",
          "score": -4.0
        },
        {
          "word": "fraudulent",
          "score": -4.0
        },
        {
          "word": "bankruptcy",
          "score": -3.0
        },
        {
          "word": "deceived",
          "score": -3.0
        },
        {
          "word": "madly",
          "score": -3.0
        }
      ]
    },
    {
      "sample": 86,
      "position": 0.8686868686868687,
      "smoothed": -0.09061300906300117,
      "word_offset": 116375,
      "read_time_min": 465.5,
      "driving_words": [
        {
          "word": "fraud",
          "score": -4.0
        },
        {
          "word": "ass",
          "score": -4.0
        },
        {
          "word": "guilty",
          "score": -3.0
        },
        {
          "word": "loss",
          "score": -3.0
        },
        {
          "word": "crime",
          "score": -3.0
        },
        {
          "word": "crimes",
          "score": -3.0
        }
      ]
    },
    {
      "sample": 95,
      "position": 0.9595959595959596,
      "smoothed": -0.08700348004569593,
      "word_offset": 128031,
      "read_time_min": 512.1,
      "driving_words": [
        {
          "word": "torturing",
          "score": -4.0
        },
        {
          "word": "crime",
          "score": -3.0
        },
        {
          "word": "criminal",