{
  "status": "ok",
  "n_words": 157139,
  "window_size": 10000,
  "reliability": "high",
  "raw": [
    0.1596,
    0.126,
    0.1344,
    0.1424,
    0.1432,
    0.1328,
    0.1168,
    0.1084,
    0.146,
    0.1348,
    0.1472,
    0.15,
    0.1516,
    0.1544,
    0.1596,
    0.1336,
    0.158,
    0.1764,
    0.1236,
    0.1136,
    0.1396,
    0.1248,
    0.1184,
    0.0936,
    0.096,
    0.1184,
    0.12,
    0.1492,
    0.162,
    0.166,
    0.15,
    0.152,
    0.1564,
    0.124,
    0.1008,
    0.0844,
    0.08,
    0.0928,
    0.1068,
    0.1092,
    0.1252,
    0.1152,
    0.1224,
    0.1356,
    0.13,
    0.1296,
    0.1312,
    0.1152,
    0.1392,
    0.1544,
    0.118,
    0.156,
    0.1572,
    0.166,
    0.1572,
    0.1468,
    0.108,
    0.1176,
    0.08,
    0.0924,
    0.106,
    0.1124,
    0.1568,
    0.1684,
    0.202,
    0.2088,
    0.194,
    0.2104,
    0.2028,
    0.1876,
    0.1888,
    0.2128,
    0.2172,
    0.2304,
    0.1952,
    0.2184,
    0.222,
    0.2304,
    0.1708,
    0.1708,
    0.1712,
    0.1904,
    0.1464,
    0.1432,
    0.1584,
    0.1696,
    0.1704,
    0.1556,
    0.1412,
    0.1476,
    0.1584,
    0.1372,
    0.1364,
    0.1636,
    0.1796,
    0.1732,
    0.16,
    0.164,
    0.1864,
    0.2184
  ],
  "smoothed": [
    0.16743562801226122,
    0.15677653479488904,
    0.14508767331168052,
    0.13434149521954186,
    0.1263984333841637,
    0.12252106931579056,
    0.12302075954372574,
    0.12718024508574766,
    0.13350348914594354,
    0.1402170206410576,
    0.14583963289398777,
    0.14960007854910337,
    0.15153820185838096,
    0.15225575742722455,
    0.15243553300990362,
    0.15235454848875105,
    0.15162848265888043,
    0.1493294967233954,
    0.14445455325634254,
    0.13655549313827484,
    0.1262487765609291,
    0.11534709865293585,
    0.1064933769054832,
    0.10237717395250517,
    0.10479374155665533,
    0.11389125060831598,
    0.12790418986608748,
    0.14350556433566194,
    0.15669005397222674,
    0.16390922517669576,
    0.16309036113417086,
    0.15421381300701323,
    0.1392794999181748,
    0.12169942939636359,
    0.10533308671085312,
    0.09347531110589442,
    0.08808879043538796,
    0.08946527920149126,
    0.09635073562605925,
    0.10643599275844425,
    0.11703624949946223,
    0.12577072807643924,
    0.13109264423554678,
    0.13258023460329965,
    0.1309566167436255,
    0.12784921571206645,
    0.1253331991379448,
    0.12533857758754144,
    0.12904118145662247,
    0.1363925131829331,
    0.1459489297391786,
    0.155113477391098,
    0.16079775268109997,
    0.16036846471692834,
    0.15261236848042997,
    0.1383920040635805,
    0.12071526320156555,
    0.10410703960724145,
    0.09340573029934209,
    0.09232923773921776,
    0.10227570480987724,
    0.12178467292179841,
    0.14688366277250095,
    0.17224629492223067,
    0.19279776526820466,
    0.2052324086600587,
    0.20892656099741294,
    0.20593787992599588,
    0.2001063375590865,
    0.19559229370958747,
    0.19538305432511918,
    0.20029768928688704,
    0.20882320244994695,
    0.21780086663102238,
    0.22367099808152938,
    0.22379469157488927,
    0.2173691017896909,
    0.20563098527108792,
    0.19132459416141165,
    0.17768182585967868,
    0.1673220640451716,
    0.16147367231542378,
    0.15976364614173708,
    0.16058873709660224,
    0.161866964956258,
    0.16185318403160565,
    0.15971966669318663,
    0.15572993001304603,
    0.15100757450011743,
    0.14704750512237744,
    0.14518175132829012,
    0.14618426312806118,
    0.15010716598379747,
    0.156336112112834,
    0.16378210740377883,
    0.17111416409059987,
    0.17697195755246894,
    0.18014817599043972,
    0.17976118394429277,
    0.17543127707633388
  ],
  "shape_matches": [
    {
      "shape": "Rags to Riches",
      "correlation": 0.476
    },
    {
      "shape": "Man in a Hole",
      "correlation": 0.3884
    },
    {
      "shape": "Cinderella",
      "correlation": 0.1485
    },
    {
      "shape": "Oedipus",
      "correlation": -0.1266
    },
    {
      "shape": "Icarus",
      "correlation": -0.1846
    },
    {
      "shape": "Tragedy",
      "correlation": -0.476
    }
  ],
  "best_shape": "Rags to Riches",
  "best_shape_correlation": 0.476,
  "peaks": [
    {
      "sample": 66,
      "position": 0.6666666666666666,
      "smoothed": 0.20892656099741294,
      "word_offset": 103093,
      "read_time_min": 412.4,
      "driving_words": [
        {
          "word": "thrilled",
          "score": 5.0
        },
        {
          "word": "win",
          "score": 4.0
        },
        {
          "word": "wonderful",
          "score": 4.0
        },
        {
          "word": "awesome",
          "score": 4.0
        },
        {
          "word": "brilliant",
          "score": 4.0
        },
        {
          "word": "rejoicing",
          "score": 4.0
        }
      ]
    },
    {
      "sample": 75,
      "position": 0.7575757575757576,
      "smoothed": 0.22379469157488927,
      "word_offset": 116469,
      "read_time_min": 465.9,
      "driving_words": [
        {
          "word": "supreme",
          "score": 4.0
        },
        {
          "word": "heavenly",
          "score": 4.0
        },
        {
          "word": "funny",
          "score": 4.0
        },
        {
          "word": "rejoiced",
          "score": 4.0
        },
        {
          "word": "miracle",
          "score": 4.0
        },
        {
          "word": "rejoicing",
          "score": 4.0
        }
      ]
    },
    {
      "sample": 97,
      "position": 0.9797979797979798,
      "smoothed": 0.18014817599043972,
      "word_offset": 149166,
      "read_time_min": 596.7,
      "driving_words": [
        {
          "word": "wonderful",
          "score": 4.0
        },
        {
          "word": "triumphant",
          "score": 4.0
        },
        {
          "word": "triumph",
          "score": 4.0
        },
        {
          "word": "ecstatic",
          "score": 4.0
        },
        {
          "word": "rejoicing",
          "score": 4.0
        },
        {
          "word": "heavenly",
          "score": 4.0
        }
      ]
    }
  ],
  "valleys": [
    {
      "sample": 23,
      "position": 0.23232323232323232,
      "smoothed": 0.10237717395250517,
      "word_offset": 39184,
      "read_time_min": 156.7,
      "driving_words": [
        {
          "word": "hell",
          "score": -4.0
        },
        {
          "word": "died",
          "score": -3.0
        },
        {
          "word": "warning",
          "score": -3.0
        },
        {
          "word": "ugly",
          "score": -3.0
        },
        {
          "word": "slave",
          "score": -3.0
        },
        {
          "word": "idiocy",
          "score": -3.0
        }
      ]
    },
    {
      "sample": 36,
      "position": 0.36363636363636365,
      "smoothed": 0.08808879043538796,
      "word_offset": 58505,
      "read_time_min": 234.0,
      "driving_words": [
        {
          "word": "cock",
          "score": -5.0
        },
        {
          "word": "torture",
          "score": -4.0
        },
        {
          "word": "torturing",
          "score": -4.0
        },
        {
          "word": "evil",
          "score": -3.0
        },
        {
          "word": "destroy",
          "score": -3.0
        },
        {
          "word": "worst",
          "score": -3.0
        }
      ]
    },
    {
      "sample": 59,
      "position": 0.5959595959595959,
      "smoothed": 0.09232923773921776,
      "word_offset": 92689,
      "read_time_min": 370.8,
      "driving_words": [
        {
          "word": "destroy",
          "score": -3.0
        },
        {
          "word": "dead",
          "score": -3.0
        },
        {
          "word": "violent",
          "score": -3.0
        },
        {
          "word": "furious",