{
  "status": "ok",
  "n_words": 221692,
  "window_size": 10000,
  "reliability": "high",
  "raw": [
    0.1884,
    0.1896,
    0.166,
    0.124,
    0.1136,
    0.0916,
    0.1412,
    0.1136,
    0.1008,
    0.1068,
    0.1268,
    0.1092,
    0.1288,
    0.1456,
    0.1596,
    0.18,
    0.1912,
    0.2112,
    0.244,
    0.2152,
    0.2064,
    0.2016,
    0.1704,
    0.088,
    0.0584,
    0.0564,
    0.0304,
    0.0724,
    0.0664,
    0.068,
    0.1004,
    0.0944,
    0.0664,
    0.0744,
    0.0332,
    0.0352,
    0.0508,
    0.0596,
    0.1128,
    0.1456,
    0.1316,
    0.114,
    0.124,
    0.1076,
    0.1248,
    0.16,
    0.194,
    0.232,
    0.2524,
    0.2372,
    0.2036,
    0.1784,
    0.156,
    0.154,
    0.1544,
    0.1872,
    0.2104,
    0.1872,
    0.1884,
    0.1968,
    0.188,
    0.174,
    0.1868,
    0.1352,
    0.1132,
    0.1452,
    0.1468,
    0.1692,
    0.1704,
    0.204,
    0.1884,
    0.1876,
    0.2152,
    0.1816,
    0.1792,
    0.188,
    0.2116,
    0.2032,
    0.208,
    0.2244,
    0.1792,
    0.1608,
    0.1572,
    0.1508,
    0.146,
    0.118,
    0.0928,
    0.0916,
    0.0452,
    0.024,
    0.0484,
    0.0372,
    0.026,
    0.0408,
    0.0648,
    0.098,
    0.1004,
    0.1028,
    0.0864,
    0.0856
  ],
  "smoothed": [
    0.14692282174369595,
    0.15436368683187351,
    0.15417668365222148,
    0.14639210833489386,
    0.13334553922279263,
    0.11902265708357095,
    0.10766162827685047,
    0.10221251212073723,
    0.10335499247535287,
    0.10954045412808737,
    0.11804837176700214,
    0.12654983473369064,
    0.13439537138633983,
    0.14293895711617952,
    0.15465301150175115,
    0.1713878322575061,
    0.1926028583317356,
    0.21450684286905794,
    0.23070727237255872,
    0.23431007797264708,
    0.22071340272460893,
    0.1899262181879382,
    0.1473268802017282,
    0.10235747467151927,
    0.06550074639667011,
    0.04464624914955584,
    0.042280700127675604,
    0.054668127705933,
    0.07340765945423622,
    0.08878620211718609,
    0.09359040304494831,
    0.08583562063625105,
    0.06930955239189855,
    0.05173771872126629,
    0.04137431977869979,
    0.04347936309717865,
    0.05817735941031268,
    0.08058710225071491,
    0.1031257820152454,
    0.11894973637655844,
    0.12500616785034785,
    0.12334716130274412,
    0.12012261507102626,
    0.12268949795580597,
    0.13610677752309006,
    0.16056578781768355,
    0.19091163426430918,
    0.2185123284709161,
    0.2347173068155223,
    0.23445409547941662,
    0.21843920642799888,
    0.193056730192904,
    0.16793621328897448,
    0.15222158573203173,
    0.15105871785002076,
    0.16372037565086323,
    0.1840908686653572,
    0.20325301500165882,
    0.21307388093282562,
    0.20932182458199428,
    0.19310021138546984,
    0.1701229319228101,
    0.1482540744856579,
    0.1344076917318946,
    0.13208524095217697,
    0.14047151680698286,
    0.15529881413634627,
    0.17094703124228477,
    0.18279016401033282,
    0.18879933913027572,
    0.18983211674859468,
    0.1886606863328582,
    0.18832883866390177,
    0.1906506473469971,
    0.19550208689086085,
    0.20111843019210462,
    0.20512038417662282,
    0.20568166202656202,
    0.2022499598237554,
    0.19551685136147273,
    0.18674114083069035,
    0.17685573492889659,
    0.1658739144600153,
    0.15292651912877842,
    0.136911568173765,
    0.11740539851050008,
    0.09533847517064152,
    0.07305114043460562,
    0.05365539145541421,
    0.03997979773639444,
    0.0335883356891804,
    0.0343323214239295,
    0.04063307172443202,
    0.05033221525029515,
    0.06166794065498299,
    0.07388021122151202,
    0.08714635094625248,
    0.10190302255132619,
    0.11794317465509835,
    0.13381567217116094
  ],
  "shape_matches": [
    {
      "shape": "Icarus",
      "correlation": 0.2954
    },
    {
      "shape": "Cinderella",
      "correlation": 0.1919
    },
    {
      "shape": "Man in a Hole",
      "correlation": 0.149
    },
    {
      "shape": "Tragedy",
      "correlation": 0.0284
    },
    {
      "shape": "Rags to Riches",
      "correlation": -0.0284
    },
    {
      "shape": "Oedipus",
      "correlation": -0.2007
    }
  ],
  "best_shape": "Icarus",
  "best_shape_correlation": 0.2954,
  "peaks": [
    {
      "sample": 19,
      "position": 0.1919191919191919,
      "smoothed": 0.23431007797264708,
      "word_offset": 45628,
      "read_time_min": 182.5,
      "driving_words": [
        {
          "word": "fabulous",
          "score": 4.0
        },
        {
          "word": "triumph",
          "score": 4.0
        },
        {
          "word": "exuberant",
          "score": 4.0
        },
        {
          "word": "rapturous",
          "score": 4.0
        },
        {
          "word": "wonderful",
          "score": 4.0
        },
        {
          "word": "win",
          "score": 4.0
        }
      ]
    },
    {
      "sample": 48,
      "position": 0.48484848484848486,
      "smoothed": 0.2347173068155223,
      "word_offset": 107639,
      "read_time_min": 430.6,
      "driving_words": [
        {
          "word": "miracle",
          "score": 4.0
        },
        {
          "word": "rejoiced",
          "score": 4.0
        },
        {
          "word": "triumph",
          "score": 4.0
        },
        {
          "word": "wonderful",
          "score": 4.0
        },
        {
          "word": "fantastic",
          "score": 4.0
        },
        {
          "word": "wonderfully",
          "score": 4.0
        }
      ]
    },
    {
      "sample": 58,
      "position": 0.5858585858585859,
      "smoothed": 0.21307388093282562,
      "word_offset": 129022,
      "read_time_min": 516.1,
      "driving_words": [
        {
          "word": "thrilled",
          "score": 5.0
        },
        {
          "word": "win",
          "score": 4.0
        },
        {
          "word": "brilliant",
          "score": 4.0
        },
        {
          "word": "triumph",
          "score": 4.0
        },
        {
          "word": "miracle",
          "score": 4.0
        },
        {
          "word": "masterpiece",
          "score": 4.0
        }
      ]
    }
  ],
  "valleys": [
    {
      "sample": 26,
      "position": 0.26262626262626265,
      "smoothed": 0.042280700127675604,
      "word_offset": 60596,
      "read_time_min": 242.4,
      "driving_words": [
        {
          "word": "hell",
          "score": -4.0
        },
        {
          "word": "dreadful",
          "score": -3.0
        },
        {
          "word": "bad",
          "score": -3.0
        },
        {
          "word": "bankruptcy",
          "score": -3.0
        },
        {
          "word": "harassed",
          "score": -3.0
        },
        {
          "word": "defective",
          "score": -3.0
        }
      ]
    },
    {
      "sample": 34,
      "position": 0.3434343434343434,
      "smoothed": 0.04137431977869979,
      "word_offset": 77702,
      "read_time_min": 310.8,
      "driving_words": [
        {
          "word": "bad",
          "score": -3.0
        },
        {
          "word": "disgust",
          "score": -3.0
        },
        {
          "word": "miserable",
          "score": -3.0
        },
        {
          "word": "despair",
          "score": -3.0
        },
        {
          "word": "deceived",
          "score": -3.0
        },
        {
          "word": "terrible",
          "score": -3.0
        }
      ]
    },
    {
      "sample": 90,
      "position": 0.9090909090909091,
      "smoothed": 0.0335883356891804,
      "word_offset": 197447,
      "read_time_min": 789.8,
      "driving_words": [
        {
          "word": "torture",
          "score": -4.0
        },
        {
          "word": "charged",
          "score": -3.0
        },
        {
          "word": "criminal",
          "score": -3.0
        },
        {
          "word": "arrested",