{
  "status": "ok",
  "n_words": 44121,
  "window_size": 10000,
  "reliability": "high",
  "raw": [
    0.0328,
    0.0376,
    0.0356,
    0.0272,
    0.0196,
    0.02,
    0.0124,
    0.006,
    0.0024,
    -0.0092,
    -0.0132,
    -0.02,
    -0.0296,
    -0.0328,
    -0.0312,
    -0.0352,
    -0.0392,
    -0.0516,
    -0.0452,
    -0.0416,
    -0.0448,
    -0.0448,
    -0.0524,
    -0.0528,
    -0.06,
    -0.0564,
    -0.0604,
    -0.0696,
    -0.0688,
    -0.0764,
    -0.0752,
    -0.0736,
    -0.0736,
    -0.076,
    -0.074,
    -0.0644,
    -0.0556,
    -0.0552,
    -0.06,
    -0.05,
    -0.0468,
    -0.04,
    -0.0308,
    -0.036,
    -0.042,
    -0.0376,
    -0.026,
    -0.0276,
    -0.0176,
    -0.0076,
    -0.0028,
    -0.0124,
    0.0028,
    0.0204,
    0.03,
    0.0236,
    0.0256,
    0.0336,
    0.0384,
    0.0412,
    0.0456,
    0.0472,
    0.0556,
    0.0488,
    0.0332,
    0.0348,
    0.0416,
    0.0536,
    0.0484,
    0.0452,
    0.0476,
    0.0376,
    0.0408,
    0.0364,
    0.0288,
    0.0228,
    0.0244,
    0.006,
    -0.0116,
    -0.0172,
    -0.0084,
    -0.0232,
    -0.0368,
    -0.0508,
    -0.0344,
    -0.0328,
    -0.0388,
    -0.0364,
    -0.036,
    -0.038,
    -0.052,
    -0.0576,
    -0.0592,
    -0.0492,
    -0.0476,
    -0.048,
    -0.0652,
    -0.0688,
    -0.0652,
    -0.0672
  ],
  "smoothed": [
    -0.005398157121336498,
    0.014150678265254124,
    0.02840728679143554,
    0.03512356071378244,
    0.03396538007222421,
    0.02647218231592377,
    0.015424186849032252,
    0.0038644817545076342,
    -0.005860490283726191,
    -0.012704279710053477,
    -0.01698388911434023,
    -0.019936868330339978,
    -0.0229973021359681,
    -0.027106771249438524,
    -0.03233486733899821,
    -0.0379341137305322,
    -0.04276376697108043,
    -0.045867111101418175,
    -0.04693764336868136,
    -0.04647567001643175,
    -0.04558335643792589,
    -0.04550587447984137,
    -0.04712962193144843,
    -0.05065418668442,
    -0.05556596402054381,
    -0.06090229318159302,
    -0.06566954449875613,
    -0.06922131437614615,
    -0.07143532693328483,
    -0.07263031323307448,
    -0.0732870685046767,
    -0.07372434685845856,
    -0.07389257319948726,
    -0.07338416570023454,
    -0.07165120879996692,
    -0.06832082118205487,
    -0.0634521075507392,
    -0.05760616224142,
    -0.05168775496606855,
    -0.04662270641141039,
    -0.04300993233707552,
    -0.04089820565253099,
    -0.039781315193931674,
    -0.038808631932407855,
    -0.03711568756933299,
    -0.03413240538007064,
    -0.02974430446262001,
    -0.024253604126829843,
    -0.01817802091795622,
    -0.011993300289841415,
    -0.005941501192938773,
    1.358909897722138e-05,
    0.006077896981916659,
    0.012432561124377291,
    0.01905768000292093,
    0.025663809514784336,
    0.0317639551295567,
    0.03684909748928693,
    0.040581632988700135,
    0.042915944363918296,
    0.04409416996242446,
    0.04452724523900408,
    0.04462504482211296,
    0.04465874214048302,
    0.04471511471681227,
    0.04474994290583171,
    0.04469392363566334,
    0.04453790197108614,
    0.04433876074495407,
    0.04413556036782737,
    0.04382209258482517,
    0.04305627979599588,
    0.041278649777509106,
    0.03786257346266225,
    0.0323509029866938,
    0.024681053948417367,
    0.015291874166903875,
    0.005049042102860541,
    -0.004996100475719456,
    -0.013922249144726156,
    -0.021197871208285823,
    -0.026775694984666858,
    -0.030986704464829505,
    -0.03429215373554946,
    -0.03702093556105385,
    -0.039228321973632664,
    -0.04075268773959859,
    -0.041444280091696255,
    -0.04144240963583225,
    -0.04133406468822541,
    -0.04206504391157107,
    -0.0445842951946953,
    -0.04933786421161608,
    -0.055828370791056674,
    -0.06246769019665388,
    -0.06685847595617571,
    -0.06647403545706188,
    -0.059531548615927056,
    -0.045745804500584394,
    -0.02666164553007863
  ],
  "shape_matches": [
    {
      "shape": "Man in a Hole",
      "correlation": 0.2383
    },
    {
      "shape": "Cinderella",
      "correlation": 0.2021
    },
    {
      "shape": "Icarus",
      "correlation": 0.1638
    },
    {
      "shape": "Rags to Riches",
      "correlation": 0.0787
    },
    {
      "shape": "Tragedy",
      "correlation": -0.0787
    },
    {
      "shape": "Oedipus",
      "correlation": -0.2052
    }
  ],
  "best_shape": "Man in a Hole",
  "best_shape_correlation": 0.2383,
  "peaks": [
    {
      "sample": 3,
      "position": 0.030303030303030304,
      "smoothed": 0.03512356071378244,
      "word_offset": 6034,
      "read_time_min": 24.1,
      "driving_words": [
        {
          "word": "fantastic",
          "score": 4.0
        },
        {
          "word": "wonderfully",
          "score": 4.0
        },
        {
          "word": "wonderful",
          "score": 4.0
        },
        {
          "word": "fun",
          "score": 4.0
        },
        {
          "word": "excitement",
          "score": 3.0
        },
        {
          "word": "great",
          "score": 3.0
        }
      ]
    },
    {
      "sample": 65,
      "position": 0.6565656565656566,
      "smoothed": 0.04474994290583171,
      "word_offset": 27403,
      "read_time_min": 109.6,
      "driving_words": [
        {
          "word": "funny",
          "score": 4.0
        },
        {
          "word": "great",
          "score": 3.0
        },
        {
          "word": "perfect",
          "score": 3.0
        },
        {
          "word": "good",
          "score": 3.0
        },
        {
          "word": "best",
          "score": 3.0
        },
        {
          "word": "won",
          "score": 3.0
        }
      ]
    },
    {
      "sample": 89,
      "position": 0.898989898989899,
      "smoothed": -0.04133406468822541,
      "word_offset": 35674,
      "read_time_min": 142.7,
      "driving_words": [
        {
          "word": "good",
          "score": 3.0
        },
        {
          "word": "wealth",
          "score": 3.0
        },
        {
          "word": "love",
          "score": 3.0
        },
        {
          "word": "inspiring",
          "score": 3.0
        },
        {
          "word": "great",
          "score": 3.0
        },
        {
          "word": "devoted",
          "score": 3.0
        }
      ]
    }
  ],
  "valleys": [
    {
      "sample": 18,
      "position": 0.18181818181818182,
      "smoothed": -0.04693764336868136,
      "word_offset": 11204,
      "read_time_min": 44.8,
      "driving_words": [
        {
          "word": "damned",
          "score": -4.0
        },
        {
          "word": "crimes",
          "score": -3.0
        },
        {
          "word": "criminals",
          "score": -3.0
        },
        {
          "word": "crime",
          "score": -3.0
        },
        {
          "word": "terrible",
          "score": -3.0
        },
        {
          "word": "bad",
          "score": -3.0
        }
      ]
    },
    {
      "sample": 32,
      "position": 0.32323232323232326,
      "smoothed": -0.07389257319948726,
      "word_offset": 16029,
      "read_time_min": 64.1,
      "driving_words": [
        {
          "word": "damned",
          "score": -4.0
        },
        {
          "word": "dead",
          "score": -3.0
        },
        {
          "word": "died",
          "score": -3.0
        },
        {
          "word": "violent",
          "score": -3.0
        },
        {
          "word": "worse",
          "score": -3.0
        },
        {
          "word": "killed",
          "score": -3.0
        }
      ]
    },
    {
      "sample": 95,
      "position": 0.9595959595959596,
      "smoothed": -0.06685847595617571,
      "word_offset": 37742,
      "read_time_min": 151.0,
      "driving_words": [
        {
          "word": "died",
          "score": -3.0
        },
        {
          "word": "terrible",